30136-01,37136-01,1100.0,1140.0,1170.0,1200.0,1250.0,1300.0,1350.0,1950.0,2100.0,,,1700.0,1740.0,1790.0,1835.0,1880.0,1925.0,1970.0,2020.0,2510.0
30136-03,37136-03,1050.0,1090.0,1120.0,1150.0,1200.0,1250.0,1300.0,1900.0,2050.0,,,1650.0,1690.0,1740.0,1785.0,1830.0,1875.0,1920.0,1970.0,2325.0
30136-06,37136-06,750.0,770.0,785.0,805.0,825.0,845.0,865.0,1090.0,1240.0,,,1250.0,1290.0,1340.0,1385.0,1430.0,1475.0,1520.0,1570.0,1925.0
30136-07,37136-07,900.0,940.0,970.0,1000.0,1050.0,1100.0,1150.0,1750.0,1900.0,,,1500.0,1540.0,1590.0,1635.0,1680.0,1725.0,1770.0,1820.0,2175.0
30136-08,37136-08,900.0,940.0,970.0,1000.0,1050.0,1100.0,1150.0,1750.0,1900.0,,,1500.0,1540.0,1590.0,1635.0,1680.0,1725.0,1770.0,1820.0,2175.0
30136-09,37136-09,550.0,570.0,585.0,620.0,655.0,690.0,725.0,1145.0,1250.0,,,800.0,840.0,890.0,935.0,980.0,1025.0,1070.0,1100.0,1250.0
30136-10,37136-10,400.0,420.0,435.0,455.0,475.0,495.0,515.0,740.0,800.0,,,725.0,765.0,815.0,860.0,905.0,950.0,995.0,1025.0,1175.0
30136-11,37136-11,500.0,520.0,535.0,570.0,605.0,640.0,675.0,1095.0,1200.0,,,875.0,915.0,965.0,1010.0,1055.0,1100.0,1145.0,1175.0,1325.0
30136-12,37136-12,500.0,520.0,535.0,570.0,605.0,640.0,675.0,1095.0,1200.0,,,875.0,915.0,965.0,1010.0,1055.0,1100.0,1145.0,1175.0,1325.0
30136-14,37136-14,800.0,820.0,835.0,850.0,870.0,890.0,910.0,1480.0,1600.0,,,1350.0,1390.0,1440.0,1485.0,1530.0,1575.0,1620.0,1670.0,2025.0
30136-15,37136-15,800.0,840.0,870.0,900.0,950.0,1000.0,1050.0,1650.0,1800.0,,,1300.0,1340.0,1390.0,1435.0,1480.0,1525.0,1570.0,1620.0,1975.0
30136-16,37136-16,800.0,840.0,870.0,900.0,950.0,1000.0,1050.0,1650.0,1800.0,,,1300.0,1340.0,1390.0,1435.0,1480.0,1525.0,1570.0,1620.0,1975.0
30136-19,37136-19,800.0,840.0,870.0,900.0,950.0,1000.0,1050.0,1650.0,1800.0,,,1300.0,1340.0,1390.0,1435.0,1480.0,1525.0,1570.0,1620.0,1975.0
30136-20,37136-20,800.0,840.0,870.0,900.0,950.0,1000.0,1050.0,1650.0,1800.0,,,1300.0,1340.0,1390.0,1435.0,1480.0,1525.0,1570.0,1620.0,1975.0
30136-35,37136-35,800.0,840.0,870.0,900.0,950.0,1000.0,1050.0,1480.0,1600.0,,,1300.0,1340.0,1390.0,1435.0,1480.0,1525.0,1570.0,1620.0,1975.0
30136-36,37136-36,800.0,840.0,870.0,900.0,950.0,1000.0,1050.0,1480.0,1600.0,,,1300.0,1340.0,1390.0,1435.0,1480.0,1525.0,1570.0,1620.0,1975.0
30136-41,37136-41,70.0,75.0,80.0,85.0,95.0,105.0,110.0,240.0,270.0,,,100.0,105.0,110.0,115.0,125.0,135.0,145.0,150.0,185.0
30136-64,37136-64,250.0,270.0,285.0,305.0,325.0,345.0,365.0,525.0,585.0,250.0,270.0,400.0,420.0,435.0,450.0,460.0,470.0,480.0,490.0,620.0
30136-71,37136-71,450.0,470.0,485.0,505.0,525.0,545.0,565.0,790.0,940.0,,,775.0,815.0,865.0,910.0,955.0,1000.0,1045.0,1065.0,1450.0
30136-74,37136-74,235.0,255.0,270.0,290.0,310.0,330.0,350.0,510.0,570.0,290.0,310.0,425.0,445.0,460.0,475.0,485.0,495.0,505.0,515.0,645.0
30137-01,37137-01,1100.0,1140.0,1170.0,1200.0,1250.0,1300.0,1350.0,1950.0,2100.0,,,1700.0,1740.0,1790.0,1835.0,1880.0,1925.0,1970.0,2020.0,2510.0
30137-03,37137-03,1050.0,1090.0,1120.0,1150.0,1200.0,1250.0,1300.0,1900.0,2050.0,,,1650.0,1690.0,1740.0,1785.0,1830.0,1875.0,1920.0,1970.0,2325.0
30137-06,37137-06,750.0,770.0,785.0,805.0,825.0,845.0,865.0,0.0,150.0,,,1250.0,1290.0,1340.0,1385.0,1430.0,1475.0,1520.0,1570.0,1925.0
30137-07,37137-07,900.0,940.0,970.0,1000.0,1050.0,1100.0,1150.0,1750.0,1900.0,,,1500.0,1540.0,1590.0,1635.0,1680.0,1725.0,1770.0,1820.0,2175.0
30137-08,37137-08,900.0,940.0,970.0,1000.0,1050.0,1100.0,1150.0,1750.0,1900.0,,,1500.0,1540.0,1590.0,1635.0,1680.0,1725.0,1770.0,1820.0,2175.0
30137-09,37137-09,550.0,570.0,585.0,620.0,655.0,690.0,725.0,1145.0,1250.0,,,800.0,840.0,890.0,935.0,980.0,1025.0,1070.0,1100.0,1250.0
30137-10,37137-10,400.0,420.0,435.0,455.0,475.0,495.0,515.0,740.0,800.0,,,725.0,765.0,815.0,860.0,905.0,950.0,995.0,1025.0,1175.0
30137-11,37137-11,500.0,520.0,535.0,570.0,605.0,640.0,675.0,1095.0,1200.0,,,875.0,915.0,965.0,1010.0,1055.0,1100.0,1145.0,1175.0,1325.0
30137-12,37137-12,500.0,520.0,535.0,570.0,605.0,640.0,675.0,1095.0,1200.0,,,875.0,915.0,965.0,1010.0,1055.0,1100.0,1145.0,1175.0,1325.0
30137-14,37137-14,800.0,820.0,835.0,850.0,870.0,890.0,910.0,1480.0,1600.0,,,1350.0,1390.0,1440.0,1485.0,1530.0,1575.0,1620.0,1670.0,2025.0
30137-15,37137-15,800.0,840.0,870.0,900.0,950.0,1000.0,1050.0,1650.0,1800.0,,,1300.0,1340.0,1390.0,1435.0,1480.0,1525.0,1570.0,1620.0,1975.0
30137-16,37137-16,800.0,840.0,870.0,900.0,950.0,1000.0,1050.0,1650.0,1800.0,,,1300.0,1340.0,1390.0,1435.0,1480.0,1525.0,1570.0,1620.0,1975.0
30137-19,37137-19,800.0,840.0,870.0,900.0,950.0,1000.0,1050.0,1650.0,1800.0,,,1300.0,1340.0,1390.0,1435.0,1480.0,1525.0,1570.0,1620.0,1975.0
30137-20,37137-20,800.0,840.0,870.0,900.0,950.0,1000.0,1050.0,1650.0,1800.0,,,1300.0,1340.0,1390.0,1435.0,1480.0,1525.0,1570.0,1620.0,1975.0
30137-35,37137-35,800.0,840.0,870.0,900.0,950.0,1000.0,1050.0,1480.0,1600.0,,,1300.0,1340.0,1390.0,1435.0,1480.0,1525.0,1570.0,1620.0,1975.0
30137-36,37137-36,800.0,840.0,870.0,900.0,950.0,1000.0,1050.0,1480.0,1600.0,,,1300.0,1340.0,1390.0,1435.0,1480.0,1525.0,1570.0,1620.0,1975.0
30137-41,37137-41,70.0,75.0,80.0,85.0,95.0,105.0,110.0,240.0,270.0,,,100.0,105.0,110.0,115.0,125.0,135.0,145.0,150.0,185.0
30137-64,37137-64,250.0,270.0,285.0,305.0,325.0,345.0,365.0,525.0,585.0,250.0,270.0,400.0,420.0,435.0,450.0,460.0,470.0,480.0,490.0,620.0
30137-71,37137-71,450.0,470.0,485.0,505.0,525.0,545.0,565.0,790.0,940.0,,,775.0,815.0,865.0,910.0,955.0,1000.0,1045.0,1065.0,1450.0
30137-74,37137-74,235.0,255.0,270.0,290.0,310.0,330.0,350.0,510.0,570.0,290.0,310.0,425.0,445.0,460.0,475.0,485.0,495.0,505.0,515.0,645.0
30192-01,37192-01,1250.0,1290.0,1320.0,1350.0,1400.0,1450.0,1500.0,2100.0,2250.0,,,1850.0,1890.0,1940.0,1985.0,2030.0,2075.0,2120.0,2170.0,2660.0
30192-03,37192-03,1200.0,1240.0,1270.0,1300.0,1350.0,1400.0,1450.0,2050.0,2200.0,,,1800.0,1840.0,1890.0,1935.0,1980.0,2025.0,2070.0,2120.0,2475.0
30192-06,37192-06,900.0,920.0,935.0,955.0,975.0,995.0,1015.0,1240.0,1390.0,,,1400.0,1440.0,1490.0,1535.0,1580.0,1625.0,1670.0,1720.0,2075.0
30192-07,37192-07,1050.0,1090.0,1120.0,1150.0,1200.0,1250.0,1300.0,1900.0,2050.0,,,1650.0,1690.0,1740.0,1785.0,1830.0,1875.0,1920.0,1970.0,2325.0
30192-08,37192-08,1050.0,1090.0,1120.0,1150.0,1200.0,1250.0,1300.0,1900.0,2050.0,,,1650.0,1690.0,1740.0,1785.0,1830.0,1875.0,1920.0,1970.0,2325.0
30192-09,37192-09,650.0,670.0,685.0,720.0,755.0,790.0,825.0,1245.0,1350.0,,,900.0,940.0,990.0,1035.0,1080.0,1125.0,1170.0,1200.0,1350.0
30192-10,37192-10,500.0,520.0,535.0,555.0,575.0,595.0,615.0,840.0,900.0,,,825.0,865.0,915.0,960.0,1005.0,1050.0,1095.0,1125.0,1275.0
30192-11,37192-11,600.0,620.0,635.0,670.0,705.0,740.0,775.0,1195.0,1300.0,,,975.0,1015.0,1065.0,1110.0,1155.0,1200.0,1245.0,1275.0,1425.0
30192-12,37192-12,600.0,620.0,635.0,670.0,705.0,740.0,775.0,1195.0,1300.0,,,975.0,1015.0,1065.0,1110.0,1155.0,1200.0,1245.0,1275.0,1425.0
30192-14,37192-14,950.0,970.0,985.0,1000.0,1020.0,1040.0,1060.0,1630.0,1750.0,,,1500.0,1540.0,1590.0,1635.0,1680.0,1725.0,1770.0,1820.0,2175.0
30192-15,37192-15,950.0,990.0,1020.0,1050.0,1100.0,1150.0,1200.0,1800.0,1950.0,,,1450.0,1490.0,1540.0,1585.0,1630.0,1675.0,1720.0,1770.0,2125.0
30192-16,37192-16,950.0,990.0,1020.0,1050.0,1100.0,1150.0,1200.0,1800.0,1950.0,,,1450.0,1490.0,1540.0,1585.0,1630.0,1675.0,1720.0,1770.0,2125.0
30192-19,37192-19,950.0,990.0,1020.0,1050.0,1100.0,1150.0,1200.0,1800.0,1950.0,,,1450.0,1490.0,1540.0,1585.0,1630.0,1675.0,1720.0,1770.0,2125.0
30192-20,37192-20,950.0,990.0,1020.0,1050.0,1100.0,1150.0,1200.0,1800.0,1950.0,,,1450.0,1490.0,1540.0,1585.0,1630.0,1675.0,1720.0,1770.0,2125.0
30192-35,37192-35,950.0,990.0,1020.0,1050.0,1100.0,1150.0,1200.0,1630.0,1750.0,,,1450.0,1490.0,1540.0,1585.0,1630.0,1675.0,1720.0,1770.0,2125.0
30192-36,37192-36,950.0,990.0,1020.0,1050.0,1100.0,1150.0,1200.0,1630.0,1750.0,,,1450.0,1490.0,1540.0,1585.0,1630.0,1675.0,1720.0,1770.0,2125.0
30192-41,37192-41,120.0,125.0,130.0,135.0,145.0,155.0,160.0,290.0,320.0,,,150.0,155.0,160.0,165.0,175.0,185.0,195.0,200.0,235.0
30192-64,37192-64,300.0,320.0,335.0,355.0,375.0,395.0,415.0,575.0,635.0,300.0,320.0,450.0,470.0,485.0,500.0,510.0,520.0,530.0,540.0,670.0
30192-71,37192-71,550.0,570.0,585.0,605.0,625.0,645.0,665.0,890.0,1040.0,,,875.0,915.0,965.0,1010.0,1055.0,1100.0,1145.0,1165.0,1550.0
30192-74,37192-74,285.0,305.0,320.0,340.0,360.0,380.0,400.0,560.0,620.0,340.0,360.0,475.0,495.0,510.0,525.0,535.0,545.0,555.0,565.0,695.0
30193-01,37193-01,1250.0,1290.0,1320.0,1350.0,1400.0,1450.0,1500.0,2100.0,2250.0,,,1850.0,1890.0,1940.0,1985.0,2030.0,2075.0,2120.0,2170.0,2660.0
30193-03,37193-03,1200.0,1240.0,1270.0,1300.0,1350.0,1400.0,1450.0,2050.0,2200.0,,,1800.0,1840.0,1890.0,1935.0,1980.0,2025.0,2070.0,2120.0,2475.0
30193-06,37193-06,900.0,920.0,935.0,955.0,975.0,995.0,1015.0,0.0,150.0,,,1400.0,1440.0,1490.0,1535.0,1580.0,1625.0,1670.0,1720.0,2075.0
30193-07,37193-07,1050.0,1090.0,1120.0,1150.0,1200.0,1250.0,1300.0,1900.0,2050.0,,,1650.0,1690.0,1740.0,1785.0,1830.0,1875.0,1920.0,1970.0,2325.0
30193-08,37193-08,1050.0,1090.0,1120.0,1150.0,1200.0,1250.0,1300.0,1900.0,2050.0,,,1650.0,1690.0,1740.0,1785.0,1830.0,1875.0,1920.0,1970.0,2325.0
30193-09,37193-09,650.0,670.0,685.0,720.0,755.0,790.0,825.0,1245.0,1350.0,,,900.0,940.0,990.0,1035.0,1080.0,1125.0,1170.0,1200.0,1350.0
30193-10,37193-10,500.0,520.0,535.0,555.0,575.0,595.0,615.0,840.0,900.0,,,825.0,865.0,915.0,960.0,1005.0,1050.0,1095.0,1125.0,1275.0
30193-11,37193-11,600.0,620.0,635.0,670.0,705.0,740.0,775.0,1195.0,1300.0,,,975.0,1015.0,1065.0,1110.0,1155.0,1200.0,1245.0,1275.0,1425.0
30193-12,37193-12,600.0,620.0,635.0,670.0,705.0,740.0,775.0,1195.0,1300.0,,,975.0,1015.0,1065.0,1110.0,1155.0,1200.0,1245.0,1275.0,1425.0
30193-14,37193-14,950.0,970.0,985.0,1000.0,1020.0,1040.0,1060.0,1630.0,1750.0,,,1500.0,1540.0,1590.0,1635.0,1680.0,1725.0,1770.0,1820.0,2175.0
30193-15,37193-15,950.0,990.0,1020.0,1050.0,1100.0,1150.0,1200.0,1800.0,1950.0,,,1450.0,1490.0,1540.0,1585.0,1630.0,1675.0,1720.0,1770.0,2125.0
30193-16,37193-16,950.0,990.0,1020.0,1050.0,1100.0,1150.0,1200.0,1800.0,1950.0,,,1450.0,1490.0,1540.0,1585.0,1630.0,1675.0,1720.0,1770.0,2125.0
30193-19,37193-19,950.0,990.0,1020.0,1050.0,1100.0,1150.0,1200.0,1800.0,1950.0,,,1450.0,1490.0,1540.0,1585.0,1630.0,1675.0,1720.0,1770.0,2125.0
30193-20,37193-20,950.0,990.0,1020.0,1050.0,1100.0,1150.0,1200.0,1800.0,1950.0,,,1450.0,1490.0,1540.0,1585.0,1630.0,1675.0,1720.0,1770.0,2125.0
30193-35,37193-35,950.0,990.0,1020.0,1050.0,1100.0,1150.0,1200.0,1630.0,1750.0,,,1450.0,1490.0,1540.0,1585.0,1630.0,1675.0,1720.0,1770.0,2125.0
30193-36,37193-36,950.0,990.0,1020.0,1050.0,1100.0,1150.0,1200.0,1630.0,1750.0,,,1450.0,1490.0,1540.0,1585.0,1630.0,1675.0,1720.0,1770.0,2125.0
30193-41,37193-41,120.0,125.0,130.0,135.0,145.0,155.0,160.0,290.0,320.0,,,150.0,155.0,160.0,165.0,175.0,185.0,195.0,200.0,235.0
30193-64,37193-64,300.0,320.0,335.0,355.0,375.0,395.0,415.0,575.0,635.0,300.0,320.0,450.0,470.0,485.0,500.0,510.0,520.0,530.0,540.0,670.0
30193-71,37193-71,550.0,570.0,585.0,605.0,625.0,645.0,665.0,890.0,1040.0,,,875.0,915.0,965.0,1010.0,1055.0,1100.0,1145.0,1165.0,1550.0
30193-74,37193-74,285.0,305.0,320.0,340.0,360.0,380.0,400.0,560.0,620.0,340.0,360.0,475.0,495.0,510.0,525.0,535.0,545.0,555.0,565.0,695.0
30236-03,37236-03,950.0,990.0,1020.0,1050.0,1100.0,1150.0,1200.0,1800.0,1950.0,,,1550.0,1590.0,1640.0,1685.0,1730.0,1775.0,1820.0,1870.0,2225.0
30236-S3,37236-S3,1200.0,1240.0,1270.0,1300.0,1350.0,1400.0,1450.0,2050.0,2200.0,,,1800.0,1840.0,1890.0,1935.0,1980.0,2025.0,2070.0,2120.0,2610.0
30237-03,37237-03,950.0,990.0,1020.0,1050.0,1100.0,1150.0,1200.0,1800.0,1950.0,,,1550.0,1590.0,1640.0,1685.0,1730.0,1775.0,1820.0,1870.0,2225.0
30237-S3,37237-S3,1200.0,1240.0,1270.0,1300.0,1350.0,1400.0,1450.0,0.0,150.0,,,1800.0,1840.0,1890.0,1935.0,1980.0,2025.0,2070.0,2120.0,2610.0
30292-03,37292-03,1100.0,1140.0,1170.0,1200.0,1250.0,1300.0,1350.0,1950.0,2100.0,,,1700.0,1740.0,1790.0,1835.0,1880.0,1925.0,1970.0,2020.0,2375.0
30292-S3,37292-S3,1350.0,1390.0,1420.0,1450.0,1500.0,1550.0,1600.0,2200.0,2350.0,,,1950.0,1990.0,2040.0,2085.0,2130.0,2175.0,2220.0,2270.0,2760.0
30293-03,37293-03,1100.0,1140.0,1170.0,1200.0,1250.0,1300.0,1350.0,1950.0,2100.0,,,1700.0,1740.0,1790.0,1835.0,1880.0,1925.0,1970.0,2020.0,2375.0
30293-S3,37293-S3,1350.0,1390.0,1420.0,1450.0,1500.0,1550.0,1600.0,0.0,150.0,,,1950.0,1990.0,2040.0,2085.0,2130.0,2175.0,2220.0,2270.0,2760.0
30181-09,37181-09,700.0,720.0,735.0,770.0,805.0,840.0,875.0,1295.0,1400.0,,,1000.0,1040.0,1090.0,1135.0,1180.0,1225.0,1270.0,1300.0,1450.0
30181-10,37181-10,400.0,420.0,435.0,455.0,475.0,495.0,515.0,740.0,800.0,,,700.0,740.0,790.0,835.0,880.0,925.0,970.0,1000.0,1150.0
30181-11,37181-11,500.0,520.0,535.0,570.0,605.0,640.0,675.0,1095.0,1200.0,,,800.0,840.0,890.0,935.0,980.0,1025.0,1070.0,1100.0,1250.0
30181-12,37181-12,500.0,520.0,535.0,570.0,605.0,640.0,675.0,1095.0,1200.0,,,800.0,840.0,890.0,935.0,980.0,1025.0,1070.0,1100.0,1250.0
30181-H2,37181-H2,200.0,205.0,210.0,215.0,220.0,225.0,230.0,335.0,360.0,,,225.0,230.0,235.0,240.0,245.0,250.0,255.0,260.0,300.0
30191-09,37191-09,700.0,720.0,735.0,770.0,805.0,840.0,875.0,1295.0,1400.0,,,1000.0,1040.0,1090.0,1135.0,1180.0,1225.0,1270.0,1300.0,1450.0
30191-10,37191-10,450.0,470.0,485.0,505.0,525.0,545.0,565.0,790.0,850.0,,,750.0,790.0,840.0,885.0,930.0,975.0,1020.0,1050.0,1200.0
30191-11,37191-11,550.0,570.0,585.0,620.0,655.0,690.0,725.0,1145.0,1250.0,,,850.0,890.0,940.0,985.0,1030.0,1075.0,1120.0,1150.0,1300.0
30191-12,37191-12,550.0,570.0,585.0,620.0,655.0,690.0,725.0,1145.0,1250.0,,,850.0,890.0,940.0,985.0,1030.0,1075.0,1120.0,1150.0,1300.0
30191-H3,37191-H3,230.0,235.0,240.0,245.0,250.0,255.0,260.0,365.0,390.0,,,255.0,260.0,265.0,270.0,275.0,280.0,285.0,290.0,330.0
30280-10,37280-10,900.0,920.0,935.0,955.0,975.0,995.0,1015.0,1240.0,1300.0,,,1200.0,1240.0,1290.0,1335.0,1380.0,1425.0,1470.0,1500.0,1650.0
30280-11,37280-11,1000.0,1020.0,1035.0,1070.0,1105.0,1140.0,1175.0,1595.0,1700.0,,,1300.0,1340.0,1390.0,1435.0,1480.0,1525.0,1570.0,1600.0,1750.0
30280-12,37280-12,1000.0,1020.0,1035.0,1070.0,1105.0,1140.0,1175.0,1595.0,1700.0,,,1300.0,1340.0,1390.0,1435.0,1480.0,1525.0,1570.0,1600.0,1750.0
30290-10,37290-10,950.0,970.0,985.0,1005.0,1025.0,1045.0,1065.0,1290.0,1350.0,,,1250.0,1290.0,1340.0,1385.0,1430.0,1475.0,1520.0,1550.0,1700.0
30290-11,37290-11,1050.0,1070.0,1085.0,1120.0,1155.0,1190.0,1225.0,1645.0,1750.0,,,1350.0,1390.0,1440.0,1485.0,1530.0,1575.0,1620.0,1650.0,1800.0
30290-12,37290-12,1050.0,1070.0,1085.0,1120.0,1155.0,1190.0,1225.0,1645.0,1750.0,,,1350.0,1390.0,1440.0,1485.0,1530.0,1575.0,1620.0,1650.0,1800.0
31127-01,37127-01,775.0,815.0,845.0,875.0,925.0,975.0,1025.0,1625.0,1775.0,,,1325.0,1365.0,1415.0,1460.0,1505.0,1550.0,1595.0,1645.0,2135.0
31127-02,37127-02,400.0,420.0,435.0,455.0,475.0,495.0,515.0,825.0,900.0,,,575.0,615.0,665.0,710.0,755.0,800.0,845.0,895.0,1250.0
31127-03,37127-03,675.0,715.0,745.0,775.0,825.0,875.0,925.0,1525.0,1675.0,,,1125.0,1165.0,1215.0,1260.0,1305.0,1350.0,1395.0,1445.0,1800.0
31127-04,37127-04,250.0,270.0,285.0,305.0,325.0,345.0,365.0,590.0,650.0,305.0,325.0,325.0,345.0,360.0,375.0,385.0,395.0,405.0,415.0,545.0
31127-07,37127-07,625.0,665.0,695.0,725.0,775.0,825.0,875.0,1475.0,1625.0,,,1050.0,1090.0,1140.0,1185.0,1230.0,1275.0,1320.0,1370.0,1725.0
31127-08,37127-08,625.0,665.0,695.0,725.0,775.0,825.0,875.0,1475.0,1625.0,,,1050.0,1090.0,1140.0,1185.0,1230.0,1275.0,1320.0,1370.0,1725.0
31127-15,37127-15,625.0,665.0,695.0,725.0,775.0,825.0,875.0,1475.0,1625.0,,,1050.0,1090.0,1140.0,1185.0,1230.0,1275.0,1320.0,1370.0,1725.0
31127-16,37127-16,625.0,665.0,695.0,725.0,775.0,825.0,875.0,1475.0,1625.0,,,1050.0,1090.0,1140.0,1185.0,1230.0,1275.0,1320.0,1370.0,1725.0
31127-39,37127-39,900.0,940.0,970.0,1000.0,1050.0,1100.0,1150.0,1750.0,1900.0,,,1425.0,1465.0,1515.0,1560.0,1605.0,1650.0,1695.0,1745.0,2235.0
31127-40,37127-40,900.0,940.0,970.0,1000.0,1050.0,1100.0,1150.0,1750.0,1900.0,,,1425.0,1465.0,1515.0,1560.0,1605.0,1650.0,1695.0,1745.0,2235.0
31127-54,37127-54,550.0,590.0,620.0,650.0,700.0,750.0,800.0,975.0,1050.0,,,850.0,890.0,940.0,985.0,1030.0,1075.0,1120.0,1170.0,1525.0
31127-65,37127-65,80.0,85.0,90.0,95.0,105.0,115.0,120.0,250.0,280.0,,,120.0,125.0,130.0,135.0,145.0,155.0,165.0,170.0,195.0
31127-86,37127-86,850.0,890.0,920.0,950.0,1000.0,1050.0,1100.0,1700.0,1850.0,,,1375.0,1415.0,1465.0,1510.0,1555.0,1600.0,1645.0,1695.0,2050.0
31127-87,37127-87,850.0,890.0,920.0,950.0,1000.0,1050.0,1100.0,1700.0,1850.0,,,1375.0,1415.0,1465.0,1510.0,1555.0,1600.0,1645.0,1695.0,2050.0
31127-H1,37127-H1,100.0,105.0,110.0,115.0,120.0,125.0,130.0,235.0,260.0,,,125.0,130.0,135.0,140.0,145.0,150.0,155.0,160.0,200.0
31127-H2,37127-H2,110.0,115.0,120.0,125.0,130.0,135.0,140.0,245.0,270.0,,,135.0,140.0,145.0,150.0,155.0,160.0,165.0,170.0,210.0
31128-01,37128-01,850.0,890.0,920.0,950.0,1000.0,1050.0,1100.0,1700.0,1850.0,,,1375.0,1415.0,1465.0,1510.0,1555.0,1600.0,1645.0,1695.0,2185.0
31128-03,37128-03,725.0,765.0,795.0,825.0,875.0,925.0,975.0,1575.0,1725.0,,,1150.0,1190.0,1240.0,1285.0,1330.0,1375.0,1420.0,1470.0,1825.0
31128-07,37128-07,675.0,715.0,745.0,775.0,825.0,875.0,925.0,1525.0,1675.0,,,1100.0,1140.0,1190.0,1235.0,1280.0,1325.0,1370.0,1420.0,1775.0
31128-08,37128-08,675.0,715.0,745.0,775.0,825.0,875.0,925.0,1525.0,1675.0,,,1100.0,1140.0,1190.0,1235.0,1280.0,1325.0,1370.0,1420.0,1775.0
31128-14,37128-14,690.0,710.0,725.0,740.0,760.0,780.0,800.0,1370.0,1490.0,,,1070.0,1110.0,1160.0,1205.0,1250.0,1295.0,1340.0,1390.0,1745.0
31128-15,37128-15,675.0,715.0,745.0,775.0,825.0,875.0,925.0,1525.0,1675.0,,,1100.0,1140.0,1190.0,1235.0,1280.0,1325.0,1370.0,1420.0,1775.0
31128-16,37128-16,675.0,715.0,745.0,775.0,825.0,875.0,925.0,1525.0,1675.0,,,1100.0,1140.0,1190.0,1235.0,1280.0,1325.0,1370.0,1420.0,1775.0
31128-35,37128-35,675.0,715.0,745.0,775.0,825.0,875.0,925.0,1355.0,1475.0,,,1100.0,1140.0,1190.0,1235.0,1280.0,1325.0,1370.0,1420.0,1775.0
31128-36,37128-36,675.0,715.0,745.0,775.0,825.0,875.0,925.0,1355.0,1475.0,,,1100.0,1140.0,1190.0,1235.0,1280.0,1325.0,1370.0,1420.0,1775.0
31128-37,37128-37,725.0,765.0,795.0,825.0,875.0,925.0,975.0,1575.0,1725.0,,,1175.0,1215.0,1265.0,1310.0,1355.0,1400.0,1445.0,1495.0,1850.0
31128-38,37128-38,725.0,765.0,795.0,825.0,875.0,925.0,975.0,1575.0,1725.0,,,1175.0,1215.0,1265.0,1310.0,1355.0,1400.0,1445.0,1495.0,1850.0
31128-39,37128-39,950.0,990.0,1020.0,1050.0,1100.0,1150.0,1200.0,1800.0,1950.0,,,1475.0,1515.0,1565.0,1610.0,1655.0,1700.0,1745.0,1795.0,2285.0
31128-40,37128-40,950.0,990.0,1020.0,1050.0,1100.0,1150.0,1200.0,1800.0,1950.0,,,1475.0,1515.0,1565.0,1610.0,1655.0,1700.0,1745.0,1795.0,2285.0
31128-64,37128-64,270.0,290.0,305.0,325.0,345.0,365.0,385.0,545.0,605.0,325.0,345.0,380.0,400.0,415.0,430.0,440.0,450.0,460.0,470.0,600.0
31128-74,37128-74,300.0,320.0,335.0,355.0,375.0,395.0,415.0,575.0,635.0,355.0,375.0,430.0,450.0,465.0,480.0,490.0,500.0,510.0,520.0,650.0
31128-86,37128-86,900.0,940.0,970.0,1000.0,1050.0,1100.0,1150.0,1750.0,1900.0,,,1425.0,1465.0,1515.0,1560.0,1605.0,1650.0,1695.0,1745.0,2100.0
31128-87,37128-87,900.0,940.0,970.0,1000.0,1050.0,1100.0,1150.0,1750.0,1900.0,,,1425.0,1465.0,1515.0,1560.0,1605.0,1650.0,1695.0,1745.0,2100.0
31128-S3,37128-S3,950.0,990.0,1020.0,1050.0,1100.0,1150.0,1200.0,1800.0,1950.0,,,1475.0,1515.0,1565.0,1610.0,1655.0,1700.0,1745.0,1795.0,2285.0
31128-H2,37128-H2,110.0,115.0,120.0,125.0,130.0,135.0,140.0,245.0,270.0,,,135.0,140.0,145.0,150.0,155.0,160.0,165.0,170.0,210.0
31128-H3,37128-H3,125.0,130.0,135.0,140.0,145.0,150.0,155.0,260.0,285.0,,,145.0,150.0,155.0,160.0,165.0,170.0,175.0,180.0,220.0
30215-01,37215-01,600.0,640.0,670.0,700.0,750.0,800.0,850.0,1450.0,1600.0,,,1100.0,1140.0,1190.0,1235.0,1280.0,1325.0,1370.0,1420.0,1910.0
30215-02,37215-02,350.0,370.0,385.0,405.0,425.0,445.0,465.0,775.0,850.0,,,500.0,540.0,590.0,635.0,680.0,725.0,770.0,820.0,1175.0
30215-03,37215-03,525.0,565.0,595.0,625.0,675.0,725.0,775.0,1375.0,1525.0,,,1025.0,1065.0,1115.0,1160.0,1205.0,1250.0,1295.0,1345.0,1700.0
30215-04,37215-04,180.0,200.0,215.0,235.0,255.0,275.0,295.0,520.0,580.0,,,300.0,320.0,335.0,350.0,360.0,370.0,380.0,390.0,520.0
30215-24,37215-24,300.0,320.0,335.0,355.0,375.0,395.0,415.0,640.0,700.0,,,425.0,465.0,515.0,560.0,605.0,650.0,695.0,725.0,875.0
30215-S3,37215-S3,700.0,740.0,770.0,800.0,850.0,900.0,950.0,1550.0,1700.0,,,1200.0,1240.0,1290.0,1335.0,1380.0,1425.0,1470.0,1520.0,2010.0
30216-01,37216-01,600.0,640.0,670.0,700.0,750.0,800.0,850.0,1450.0,1600.0,,,1100.0,1140.0,1190.0,1235.0,1280.0,1325.0,1370.0,1420.0,1910.0
30216-02,37216-02,350.0,370.0,385.0,405.0,425.0,445.0,465.0,775.0,850.0,,,500.0,540.0,590.0,635.0,680.0,725.0,770.0,820.0,1175.0
30216-03,37216-03,525.0,565.0,595.0,625.0,675.0,725.0,775.0,1375.0,1525.0,,,1025.0,1065.0,1115.0,1160.0,1205.0,1250.0,1295.0,1345.0,1700.0
30216-04,37216-04,180.0,200.0,215.0,235.0,255.0,275.0,295.0,520.0,580.0,,,300.0,320.0,335.0,350.0,360.0,370.0,380.0,390.0,520.0
30216-24,37216-24,300.0,320.0,335.0,355.0,375.0,395.0,415.0,640.0,700.0,,,425.0,465.0,515.0,560.0,605.0,650.0,695.0,725.0,875.0
30216-S3,37216-S3,700.0,740.0,770.0,800.0,850.0,900.0,950.0,1550.0,1700.0,,,1200.0,1240.0,1290.0,1335.0,1380.0,1425.0,1470.0,1520.0,2010.0
30026-04,37026-04,250.0,270.0,285.0,305.0,325.0,345.0,365.0,590.0,650.0,270.0,290.0,400.0,420.0,435.0,450.0,460.0,470.0,480.0,490.0,620.0
30026-09,37026-09,400.0,420.0,435.0,470.0,505.0,540.0,575.0,995.0,1100.0,,,575.0,615.0,665.0,710.0,755.0,800.0,845.0,875.0,1025.0
30026-10,37026-10,275.0,295.0,310.0,330.0,350.0,370.0,390.0,615.0,675.0,,,500.0,540.0,590.0,635.0,680.0,725.0,770.0,800.0,950.0
30026-11,37026-11,425.0,445.0,460.0,495.0,530.0,565.0,600.0,1020.0,1125.0,,,600.0,640.0,690.0,735.0,780.0,825.0,870.0,900.0,1050.0
30026-12,37026-12,425.0,445.0,460.0,495.0,530.0,565.0,600.0,1020.0,1125.0,,,600.0,640.0,690.0,735.0,780.0,825.0,870.0,900.0,1050.0
30026-15,37026-15,525.0,565.0,595.0,625.0,675.0,725.0,775.0,1375.0,1525.0,,,700.0,740.0,790.0,835.0,880.0,925.0,970.0,1020.0,1375.0
30026-16,37026-16,525.0,565.0,595.0,625.0,675.0,725.0,775.0,1375.0,1525.0,,,700.0,740.0,790.0,835.0,880.0,925.0,970.0,1020.0,1375.0
30151-01,37151-01,1200.0,1240.0,1270.0,1300.0,1350.0,1400.0,1450.0,2050.0,2200.0,,,1750.0,1790.0,1840.0,1885.0,1930.0,1975.0,2020.0,2070.0,2560.0
30151-03,37151-03,1100.0,1140.0,1170.0,1200.0,1250.0,1300.0,1350.0,1950.0,2100.0,,,1650.0,1690.0,1740.0,1785.0,1830.0,1875.0,1920.0,1970.0,2325.0
30151-07,37151-07,1025.0,1065.0,1095.0,1125.0,1175.0,1225.0,1275.0,1875.0,2025.0,,,1550.0,1590.0,1640.0,1685.0,1730.0,1775.0,1820.0,1870.0,2225.0
30151-08,37151-08,1025.0,1065.0,1095.0,1125.0,1175.0,1225.0,1275.0,1875.0,2025.0,,,1550.0,1590.0,1640.0,1685.0,1730.0,1775.0,1820.0,1870.0,2225.0
30151-09,37151-09,500.0,520.0,535.0,570.0,605.0,640.0,675.0,1095.0,1200.0,,,700.0,740.0,790.0,835.0,880.0,925.0,970.0,1000.0,1150.0
30151-10,37151-10,450.0,470.0,485.0,505.0,525.0,545.0,565.0,790.0,850.0,,,600.0,640.0,690.0,735.0,780.0,825.0,870.0,900.0,1050.0
30151-14,37151-14,900.0,920.0,935.0,950.0,970.0,990.0,1010.0,1580.0,1700.0,,,1200.0,1240.0,1290.0,1335.0,1380.0,1425.0,1470.0,1520.0,1875.0
30151-15,37151-15,850.0,890.0,920.0,950.0,1000.0,1050.0,1100.0,1700.0,1850.0,,,1150.0,1190.0,1240.0,1285.0,1330.0,1375.0,1420.0,1470.0,1825.0
30151-16,37151-16,850.0,890.0,920.0,950.0,1000.0,1050.0,1100.0,1700.0,1850.0,,,1150.0,1190.0,1240.0,1285.0,1330.0,1375.0,1420.0,1470.0,1825.0
30151-35,37151-35,800.0,840.0,870.0,900.0,950.0,1000.0,1050.0,1480.0,1600.0,,,1100.0,1140.0,1190.0,1235.0,1280.0,1325.0,1370.0,1420.0,1775.0
30151-36,37151-36,800.0,840.0,870.0,900.0,950.0,1000.0,1050.0,1480.0,1600.0,,,1100.0,1140.0,1190.0,1235.0,1280.0,1325.0,1370.0,1420.0,1775.0
30151-37,37151-37,1100.0,1140.0,1170.0,1200.0,1250.0,1300.0,1350.0,1950.0,2100.0,,,1650.0,1690.0,1740.0,1785.0,1830.0,1875.0,1920.0,1970.0,2325.0
30151-38,37151-38,1100.0,1140.0,1170.0,1200.0,1250.0,1300.0,1350.0,1950.0,2100.0,,,1650.0,1690.0,1740.0,1785.0,1830.0,1875.0,1920.0,1970.0,2325.0
30151-39,37151-39,1300.0,1340.0,1370.0,1400.0,1450.0,1500.0,1550.0,2150.0,2300.0,,,1850.0,1890.0,1940.0,1985.0,2030.0,2075.0,2120.0,2170.0,2660.0
30151-40,37151-40,1300.0,1340.0,1370.0,1400.0,1450.0,1500.0,1550.0,2150.0,2300.0,,,1850.0,1890.0,1940.0,1985.0,2030.0,2075.0,2120.0,2170.0,2660.0
30151-64,37151-64,275.0,295.0,310.0,330.0,350.0,370.0,390.0,550.0,610.0,,,350.0,370.0,385.0,400.0,410.0,420.0,430.0,440.0,570.0
30151-74,37151-74,300.0,320.0,335.0,355.0,375.0,395.0,415.0,575.0,635.0,,,375.0,395.0,410.0,425.0,435.0,445.0,455.0,465.0,595.0
30151-86,37151-86,1250.0,1290.0,1320.0,1350.0,1400.0,1450.0,1500.0,2100.0,2250.0,,,1800.0,1840.0,1890.0,1935.0,1980.0,2025.0,2070.0,2120.0,2475.0
30151-87,37151-87,1250.0,1290.0,1320.0,1350.0,1400.0,1450.0,1500.0,2100.0,2250.0,,,1800.0,1840.0,1890.0,1935.0,1980.0,2025.0,2070.0,2120.0,2475.0
30151-S3,37151-S3,1300.0,1340.0,1370.0,1400.0,1450.0,1500.0,1550.0,2150.0,2300.0,,,1850.0,1890.0,1940.0,1985.0,2030.0,2075.0,2120.0,2170.0,2660.0
31116-01,37116-01,900.0,940.0,970.0,1000.0,1050.0,1100.0,1150.0,1750.0,1900.0,,,1450.0,1490.0,1540.0,1585.0,1630.0,1675.0,1720.0,1770.0,2260.0
31116-02,37116-02,450.0,470.0,485.0,505.0,525.0,545.0,565.0,875.0,950.0,,,600.0,640.0,690.0,735.0,780.0,825.0,870.0,920.0,1275.0
31116-03,37116-03,800.0,840.0,870.0,900.0,950.0,1000.0,1050.0,1650.0,1800.0,,,1200.0,1240.0,1290.0,1335.0,1380.0,1425.0,1470.0,1520.0,1875.0
31116-04,37116-04,200.0,220.0,235.0,255.0,275.0,295.0,315.0,540.0,600.0,235.0,255.0,300.0,320.0,335.0,350.0,360.0,370.0,380.0,390.0,520.0
31116-07,37116-07,750.0,790.0,820.0,850.0,900.0,950.0,1000.0,1600.0,1750.0,,,1100.0,1140.0,1190.0,1235.0,1280.0,1325.0,1370.0,1420.0,1775.0
31116-08,37116-08,750.0,790.0,820.0,850.0,900.0,950.0,1000.0,1600.0,1750.0,,,1100.0,1140.0,1190.0,1235.0,1280.0,1325.0,1370.0,1420.0,1775.0
31116-09,37116-09,450.0,470.0,485.0,520.0,555.0,590.0,625.0,1045.0,1150.0,,,675.0,715.0,765.0,810.0,855.0,900.0,945.0,975.0,1125.0
31116-10,37116-10,350.0,370.0,385.0,405.0,425.0,445.0,465.0,690.0,750.0,,,625.0,665.0,715.0,760.0,805.0,850.0,895.0,925.0,1075.0
31116-14,37116-14,600.0,620.0,635.0,650.0,670.0,690.0,710.0,1280.0,1400.0,,,1000.0,1040.0,1090.0,1135.0,1180.0,1225.0,1270.0,1320.0,1675.0
31116-15,37116-15,725.0,765.0,795.0,825.0,875.0,925.0,975.0,1575.0,1725.0,,,1100.0,1140.0,1190.0,1235.0,1280.0,1325.0,1370.0,1420.0,1775.0
31116-16,37116-16,725.0,765.0,795.0,825.0,875.0,925.0,975.0,1575.0,1725.0,,,1100.0,1140.0,1190.0,1235.0,1280.0,1325.0,1370.0,1420.0,1775.0
31116-35,37116-35,725.0,765.0,795.0,825.0,875.0,925.0,975.0,1405.0,1525.0,,,1100.0,1140.0,1190.0,1235.0,1280.0,1325.0,1370.0,1420.0,1775.0
31116-36,37116-36,725.0,765.0,795.0,825.0,875.0,925.0,975.0,1405.0,1525.0,,,1100.0,1140.0,1190.0,1235.0,1280.0,1325.0,1370.0,1420.0,1775.0
31116-39,37116-39,1000.0,1040.0,1070.0,1100.0,1150.0,1200.0,1250.0,1850.0,2000.0,,,1550.0,1590.0,1640.0,1685.0,1730.0,1775.0,1820.0,1870.0,2360.0
31116-40,37116-40,1000.0,1040.0,1070.0,1100.0,1150.0,1200.0,1250.0,1850.0,2000.0,,,1550.0,1590.0,1640.0,1685.0,1730.0,1775.0,1820.0,1870.0,2360.0
31116-64,37116-64,250.0,270.0,285.0,305.0,325.0,345.0,365.0,525.0,585.0,280.0,300.0,325.0,345.0,360.0,375.0,385.0,395.0,405.0,415.0,545.0
31116-74,37116-74,250.0,270.0,285.0,305.0,325.0,345.0,365.0,525.0,585.0,280.0,300.0,325.0,345.0,360.0,375.0,385.0,395.0,405.0,415.0,545.0
31116-82,37116-82,900.0,940.0,970.0,1000.0,1050.0,1100.0,1150.0,1750.0,1900.0,,,1450.0,1490.0,1540.0,1585.0,1630.0,1675.0,1720.0,1770.0,2125.0
31116-83,37116-83,900.0,940.0,970.0,1000.0,1050.0,1100.0,1150.0,1750.0,1900.0,,,1450.0,1490.0,1540.0,1585.0,1630.0,1675.0,1720.0,1770.0,2125.0
31116-84,37116-84,900.0,940.0,970.0,1000.0,1050.0,1100.0,1150.0,1750.0,1900.0,,,1450.0,1490.0,1540.0,1585.0,1630.0,1675.0,1720.0,1770.0,2125.0
31116-85,37116-85,900.0,940.0,970.0,1000.0,1050.0,1100.0,1150.0,1750.0,1900.0,,,1450.0,1490.0,1540.0,1585.0,1630.0,1675.0,1720.0,1770.0,2125.0
31116-86,37116-86,950.0,990.0,1020.0,1050.0,1100.0,1150.0,1200.0,1800.0,1950.0,,,1450.0,1490.0,1540.0,1585.0,1630.0,1675.0,1720.0,1770.0,2125.0
31116-87,37116-87,950.0,990.0,1020.0,1050.0,1100.0,1150.0,1200.0,1800.0,1950.0,,,1450.0,1490.0,1540.0,1585.0,1630.0,1675.0,1720.0,1770.0,2125.0
31116-91,37116-91,850.0,890.0,920.0,950.0,1000.0,1050.0,1100.0,1700.0,1850.0,,,1400.0,1440.0,1490.0,1535.0,1580.0,1625.0,1670.0,1720.0,2075.0
31116-93,37116-93,250.0,270.0,285.0,305.0,325.0,345.0,365.0,525.0,585.0,290.0,310.0,350.0,370.0,385.0,400.0,410.0,420.0,430.0,440.0,570.0
31116-94,37116-94,250.0,270.0,285.0,305.0,325.0,345.0,365.0,525.0,585.0,290.0,310.0,350.0,370.0,385.0,400.0,410.0,420.0,430.0,440.0,570.0
31116-S3,37116-S3,1000.0,1040.0,1070.0,1100.0,1150.0,1200.0,1250.0,1850.0,2000.0,,,1550.0,1590.0,1640.0,1685.0,1730.0,1775.0,1820.0,1870.0,2360.0
31116-H2,37116-H2,110.0,115.0,120.0,125.0,130.0,135.0,140.0,245.0,270.0,,,125.0,130.0,135.0,140.0,145.0,150.0,155.0,160.0,200.0
31116-H3,37116-H3,125.0,130.0,135.0,140.0,145.0,150.0,155.0,260.0,285.0,,,140.0,145.0,150.0,155.0,160.0,165.0,170.0,175.0,215.0
31116-H4,37116-H4,140.0,145.0,150.0,155.0,160.0,165.0,170.0,275.0,300.0,,,155.0,160.0,165.0,170.0,175.0,180.0,185.0,190.0,230.0
31116-01,37116-01,950.0,990.0,1020.0,1050.0,1100.0,1150.0,1200.0,1800.0,1950.0,,,1500.0,1540.0,1590.0,1635.0,1680.0,1725.0,1770.0,1820.0,2310.0
31116-02,37116-02,500.0,520.0,535.0,555.0,575.0,595.0,615.0,925.0,1000.0,,,650.0,690.0,740.0,785.0,830.0,875.0,920.0,970.0,1325.0
31116-03,37116-03,850.0,890.0,920.0,950.0,1000.0,1050.0,1100.0,1700.0,1850.0,,,1250.0,1290.0,1340.0,1385.0,1430.0,1475.0,1520.0,1570.0,1925.0
31116-04,37116-04,250.0,270.0,285.0,305.0,325.0,345.0,365.0,590.0,650.0,285.0,305.0,350.0,370.0,385.0,400.0,410.0,420.0,430.0,440.0,570.0
31116-07,37116-07,800.0,840.0,870.0,900.0,950.0,1000.0,1050.0,1650.0,1800.0,,,1150.0,1190.0,1240.0,1285.0,1330.0,1375.0,1420.0,1470.0,1825.0
31116-08,37116-08,800.0,840.0,870.0,900.0,950.0,1000.0,1050.0,1650.0,1800.0,,,1150.0,1190.0,1240.0,1285.0,1330.0,1375.0,1420.0,1470.0,1825.0
31116-09,37116-09,500.0,520.0,535.0,570.0,605.0,640.0,675.0,1095.0,1200.0,,,725.0,765.0,815.0,860.0,905.0,950.0,995.0,1025.0,1175.0
31116-10,37116-10,400.0,420.0,435.0,455.0,475.0,495.0,515.0,740.0,800.0,,,675.0,715.0,765.0,810.0,855.0,900.0,945.0,975.0,1125.0
31116-14,37116-14,650.0,670.0,685.0,700.0,720.0,740.0,760.0,1330.0,1450.0,,,1050.0,1090.0,1140.0,1185.0,1230.0,1275.0,1320.0,1370.0,1725.0
31116-35,37116-35,775.0,815.0,845.0,875.0,925.0,975.0,1025.0,1455.0,1575.0,,,1150.0,1190.0,1240.0,1285.0,1330.0,1375.0,1420.0,1470.0,1825.0
31116-36,37116-36,775.0,815.0,845.0,875.0,925.0,975.0,1025.0,1455.0,1575.0,,,1150.0,1190.0,1240.0,1285.0,1330.0,1375.0,1420.0,1470.0,1825.0
31116-39,37116-39,1050.0,1090.0,1120.0,1150.0,1200.0,1250.0,1300.0,1900.0,2050.0,,,1600.0,1640.0,1690.0,1735.0,1780.0,1825.0,1870.0,1920.0,2410.0
31116-40,37116-40,1050.0,1090.0,1120.0,1150.0,1200.0,1250.0,1300.0,1900.0,2050.0,,,1600.0,1640.0,1690.0,1735.0,1780.0,1825.0,1870.0,1920.0,2410.0
31116-64,37116-64,300.0,320.0,335.0,355.0,375.0,395.0,415.0,575.0,635.0,330.0,350.0,375.0,395.0,410.0,425.0,435.0,445.0,455.0,465.0,595.0
31116-74,37116-74,300.0,320.0,335.0,355.0,375.0,395.0,415.0,575.0,635.0,330.0,350.0,375.0,395.0,410.0,425.0,435.0,445.0,455.0,465.0,595.0
31116-82,37116-82,950.0,990.0,1020.0,1050.0,1100.0,1150.0,1200.0,1800.0,1950.0,,,1500.0,1540.0,1590.0,1635.0,1680.0,1725.0,1770.0,1820.0,2175.0
31116-83,37116-83,950.0,990.0,1020.0,1050.0,1100.0,1150.0,1200.0,1800.0,1950.0,,,1500.0,1540.0,1590.0,1635.0,1680.0,1725.0,1770.0,1820.0,2175.0
31116-84,37116-84,950.0,990.0,1020.0,1050.0,1100.0,1150.0,1200.0,1800.0,1950.0,,,1500.0,1540.0,1590.0,1635.0,1680.0,1725.0,1770.0,1820.0,2175.0
31116-85,37116-85,950.0,990.0,1020.0,1050.0,1100.0,1150.0,1200.0,1800.0,1950.0,,,1500.0,1540.0,1590.0,1635.0,1680.0,1725.0,1770.0,1820.0,2175.0
31116-86,37116-86,1000.0,1040.0,1070.0,1100.0,1150.0,1200.0,1250.0,1850.0,2000.0,,,1500.0,1540.0,1590.0,1635.0,1680.0,1725.0,1770.0,1820.0,2175.0
31116-87,37116-87,1000.0,1040.0,1070.0,1100.0,1150.0,1200.0,1250.0,1850.0,2000.0,,,1500.0,1540.0,1590.0,1635.0,1680.0,1725.0,1770.0,1820.0,2175.0
31116-91,37116-91,900.0,940.0,970.0,1000.0,1050.0,1100.0,1150.0,1750.0,1900.0,,,1450.0,1490.0,1540.0,1585.0,1630.0,1675.0,1720.0,1770.0,2125.0
31116-93,37116-93,300.0,320.0,335.0,355.0,375.0,395.0,415.0,575.0,635.0,340.0,360.0,400.0,420.0,435.0,450.0,460.0,470.0,480.0,490.0,620.0
31116-94,37116-94,300.0,320.0,335.0,355.0,375.0,395.0,415.0,575.0,635.0,340.0,360.0,400.0,420.0,435.0,450.0,460.0,470.0,480.0,490.0,620.0
31116-S3,37116-S3,1050.0,1090.0,1120.0,1150.0,1200.0,1250.0,1300.0,1900.0,2050.0,,,1600.0,1640.0,1690.0,1735.0,1780.0,1825.0,1870.0,1920.0,2410.0
31232-01,37232-01,1050.0,1090.0,1120.0,1150.0,1200.0,1250.0,1300.0,1900.0,2050.0,,,1600.0,1640.0,1690.0,1735.0,1780.0,1825.0,1870.0,1920.0,2410.0
31232-02,37232-02,550.0,570.0,585.0,605.0,625.0,645.0,665.0,975.0,1050.0,,,700.0,740.0,790.0,835.0,880.0,925.0,970.0,1020.0,1375.0
31232-03,37232-03,950.0,990.0,1020.0,1050.0,1100.0,1150.0,1200.0,1800.0,1950.0,,,1350.0,1390.0,1440.0,1485.0,1530.0,1575.0,1620.0,1670.0,2025.0
31232-04,37232-04,250.0,270.0,285.0,305.0,325.0,345.0,365.0,590.0,650.0,285.0,305.0,350.0,370.0,385.0,400.0,410.0,420.0,430.0,440.0,570.0
31232-07,37232-07,900.0,940.0,970.0,1000.0,1050.0,1100.0,1150.0,1750.0,1900.0,,,1250.0,1290.0,1340.0,1385.0,1430.0,1475.0,1520.0,1570.0,1925.0
31232-08,37232-08,900.0,940.0,970.0,1000.0,1050.0,1100.0,1150.0,1750.0,1900.0,,,1250.0,1290.0,1340.0,1385.0,1430.0,1475.0,1520.0,1570.0,1925.0
31232-09,37232-09,550.0,570.0,585.0,620.0,655.0,690.0,725.0,1145.0,1250.0,,,775.0,815.0,865.0,910.0,955.0,1000.0,1045.0,1075.0,1225.0
31232-10,37232-10,450.0,470.0,485.0,505.0,525.0,545.0,565.0,790.0,850.0,,,725.0,765.0,815.0,860.0,905.0,950.0,995.0,1025.0,1175.0
31232-14,37232-14,750.0,770.0,785.0,800.0,820.0,840.0,860.0,1430.0,1550.0,,,1150.0,1190.0,1240.0,1285.0,1330.0,1375.0,1420.0,1470.0,1825.0
31232-15,37232-15,875.0,915.0,945.0,975.0,1025.0,1075.0,1125.0,1725.0,1875.0,,,1250.0,1290.0,1340.0,1385.0,1430.0,1475.0,1520.0,1570.0,1925.0
31232-16,37232-16,875.0,915.0,945.0,975.0,1025.0,1075.0,1125.0,1725.0,1875.0,,,1250.0,1290.0,1340.0,1385.0,1430.0,1475.0,1520.0,1570.0,1925.0
31232-35,37232-35,875.0,915.0,945.0,975.0,1025.0,1075.0,1125.0,1555.0,1675.0,,,1250.0,1290.0,1340.0,1385.0,1430.0,1475.0,1520.0,1570.0,1925.0
31232-36,37232-36,875.0,915.0,945.0,975.0,1025.0,1075.0,1125.0,1555.0,1675.0,,,1250.0,1290.0,1340.0,1385.0,1430.0,1475.0,1520.0,1570.0,1925.0
31232-39,37232-39,1150.0,1190.0,1220.0,1250.0,1300.0,1350.0,1400.0,2000.0,2150.0,,,1700.0,1740.0,1790.0,1835.0,1880.0,1925.0,1970.0,2020.0,2510.0
31232-40,37232-40,1150.0,1190.0,1220.0,1250.0,1300.0,1350.0,1400.0,2000.0,2150.0,,,1700.0,1740.0,1790.0,1835.0,1880.0,1925.0,1970.0,2020.0,2510.0
31232-64,37232-64,300.0,320.0,335.0,355.0,375.0,395.0,415.0,575.0,635.0,330.0,350.0,375.0,395.0,410.0,425.0,435.0,445.0,455.0,465.0,595.0
31232-74,37232-74,300.0,320.0,335.0,355.0,375.0,395.0,415.0,575.0,635.0,330.0,350.0,375.0,395.0,410.0,425.0,435.0,445.0,455.0,465.0,595.0
31232-82,37232-82,1050.0,1090.0,1120.0,1150.0,1200.0,1250.0,1300.0,1900.0,2050.0,,,1600.0,1640.0,1690.0,1735.0,1780.0,1825.0,1870.0,1920.0,2275.0
31232-83,37232-83,1050.0,1090.0,1120.0,1150.0,1200.0,1250.0,1300.0,1900.0,2050.0,,,1600.0,1640.0,1690.0,1735.0,1780.0,1825.0,1870.0,1920.0,2275.0
31232-84,37232-84,1050.0,1090.0,1120.0,1150.0,1200.0,1250.0,1300.0,1900.0,2050.0,,,1600.0,1640.0,1690.0,1735.0,1780.0,1825.0,1870.0,1920.0,2275.0
31232-85,37232-85,1050.0,1090.0,1120.0,1150.0,1200.0,1250.0,1300.0,1900.0,2050.0,,,1600.0,1640.0,1690.0,1735.0,1780.0,1825.0,1870.0,1920.0,2275.0
31232-86,37232-86,1100.0,1140.0,1170.0,1200.0,1250.0,1300.0,1350.0,1950.0,2100.0,,,1600.0,1640.0,1690.0,1735.0,1780.0,1825.0,1870.0,1920.0,2275.0
31232-87,37232-87,1100.0,1140.0,1170.0,1200.0,1250.0,1300.0,1350.0,1950.0,2100.0,,,1600.0,1640.0,1690.0,1735.0,1780.0,1825.0,1870.0,1920.0,2275.0
31232-91,37232-91,1000.0,1040.0,1070.0,1100.0,1150.0,1200.0,1250.0,1850.0,2000.0,,,1550.0,1590.0,1640.0,1685.0,1730.0,1775.0,1820.0,1870.0,2225.0
31232-93,37232-93,300.0,320.0,335.0,355.0,375.0,395.0,415.0,575.0,635.0,340.0,360.0,400.0,420.0,435.0,450.0,460.0,470.0,480.0,490.0,620.0
31232-94,37232-94,300.0,320.0,335.0,355.0,375.0,395.0,415.0,575.0,635.0,340.0,360.0,400.0,420.0,435.0,450.0,460.0,470.0,480.0,490.0,620.0
31232-S3,37232-S3,1150.0,1190.0,1220.0,1250.0,1300.0,1350.0,1400.0,2000.0,2150.0,,,1700.0,1740.0,1790.0,1835.0,1880.0,1925.0,1970.0,2020.0,2510.0
31232-H2,37232-H2,125.0,130.0,135.0,140.0,145.0,150.0,155.0,260.0,285.0,,,150.0,155.0,160.0,165.0,170.0,175.0,180.0,185.0,225.0
31232-H3,37232-H3,140.0,145.0,150.0,155.0,160.0,165.0,170.0,275.0,300.0,,,165.0,170.0,175.0,180.0,185.0,190.0,195.0,200.0,240.0
31232-H4,37232-H4,155.0,160.0,165.0,170.0,175.0,180.0,185.0,290.0,315.0,,,180.0,185.0,190.0,195.0,200.0,205.0,210.0,215.0,255.0
31232-01,37232-01,1100.0,1140.0,1170.0,1200.0,1250.0,1300.0,1350.0,1950.0,2100.0,,,1650.0,1690.0,1740.0,1785.0,1830.0,1875.0,1920.0,1970.0,2460.0
31232-02,37232-02,600.0,620.0,635.0,655.0,675.0,695.0,715.0,1025.0,1100.0,,,750.0,790.0,840.0,885.0,930.0,975.0,1020.0,1070.0,1425.0
31232-03,37232-03,1000.0,1040.0,1070.0,1100.0,1150.0,1200.0,1250.0,1850.0,2000.0,,,1400.0,1440.0,1490.0,1535.0,1580.0,1625.0,1670.0,1720.0,2075.0
31232-04,37232-04,300.0,320.0,335.0,355.0,375.0,395.0,415.0,640.0,700.0,335.0,355.0,400.0,420.0,435.0,450.0,460.0,470.0,480.0,490.0,620.0
31232-07,37232-07,950.0,990.0,1020.0,1050.0,1100.0,1150.0,1200.0,1800.0,1950.0,,,1300.0,1340.0,1390.0,1435.0,1480.0,1525.0,1570.0,1620.0,1975.0
31232-08,37232-08,950.0,990.0,1020.0,1050.0,1100.0,1150.0,1200.0,1800.0,1950.0,,,1300.0,1340.0,1390.0,1435.0,1480.0,1525.0,1570.0,1620.0,1975.0
31232-09,37232-09,600.0,620.0,635.0,670.0,705.0,740.0,775.0,1195.0,1300.0,,,825.0,865.0,915.0,960.0,1005.0,1050.0,1095.0,1125.0,1275.0
31232-10,37232-10,500.0,520.0,535.0,555.0,575.0,595.0,615.0,840.0,900.0,,,775.0,815.0,865.0,910.0,955.0,1000.0,1045.0,1075.0,1225.0
31232-14,37232-14,800.0,820.0,835.0,850.0,870.0,890.0,910.0,1480.0,1600.0,,,1200.0,1240.0,1290.0,1335.0,1380.0,1425.0,1470.0,1520.0,1875.0
31232-35,37232-35,925.0,965.0,995.0,1025.0,1075.0,1125.0,1175.0,1605.0,1725.0,,,1300.0,1340.0,1390.0,1435.0,1480.0,1525.0,1570.0,1620.0,1975.0
31232-36,37232-36,925.0,965.0,995.0,1025.0,1075.0,1125.0,1175.0,1605.0,1725.0,,,1300.0,1340.0,1390.0,1435.0,1480.0,1525.0,1570.0,1620.0,1975.0
31232-39,37232-39,1200.0,1240.0,1270.0,1300.0,1350.0,1400.0,1450.0,2050.0,2200.0,,,1750.0,1790.0,1840.0,1885.0,1930.0,1975.0,2020.0,2070.0,2560.0
31232-40,37232-40,1200.0,1240.0,1270.0,1300.0,1350.0,1400.0,1450.0,2050.0,2200.0,,,1750.0,1790.0,1840.0,1885.0,1930.0,1975.0,2020.0,2070.0,2560.0
31232-64,37232-64,350.0,370.0,385.0,405.0,425.0,445.0,465.0,625.0,685.0,380.0,400.0,425.0,445.0,460.0,475.0,485.0,495.0,505.0,515.0,645.0
31232-74,37232-74,350.0,370.0,385.0,405.0,425.0,445.0,465.0,625.0,685.0,380.0,400.0,425.0,445.0,460.0,475.0,485.0,495.0,505.0,515.0,645.0
31232-82,37232-82,1100.0,1140.0,1170.0,1200.0,1250.0,1300.0,1350.0,1950.0,2100.0,,,1650.0,1690.0,1740.0,1785.0,1830.0,1875.0,1920.0,1970.0,2325.0
31232-83,37232-83,1100.0,1140.0,1170.0,1200.0,1250.0,1300.0,1350.0,1950.0,2100.0,,,1650.0,1690.0,1740.0,1785.0,1830.0,1875.0,1920.0,1970.0,2325.0
31232-84,37232-84,1100.0,1140.0,1170.0,1200.0,1250.0,1300.0,1350.0,1950.0,2100.0,,,1650.0,1690.0,1740.0,1785.0,1830.0,1875.0,1920.0,1970.0,2325.0
31232-85,37232-85,1100.0,1140.0,1170.0,1200.0,1250.0,1300.0,1350.0,1950.0,2100.0,,,1650.0,1690.0,1740.0,1785.0,1830.0,1875.0,1920.0,1970.0,2325.0
31232-86,37232-86,1150.0,1190.0,1220.0,1250.0,1300.0,1350.0,1400.0,2000.0,2150.0,,,1650.0,1690.0,1740.0,1785.0,1830.0,1875.0,1920.0,1970.0,2325.0
31232-87,37232-87,1150.0,1190.0,1220.0,1250.0,1300.0,1350.0,1400.0,2000.0,2150.0,,,1650.0,1690.0,1740.0,1785.0,1830.0,1875.0,1920.0,1970.0,2325.0
31232-91,37232-91,1050.0,1090.0,1120.0,1150.0,1200.0,1250.0,1300.0,1900.0,2050.0,,,1600.0,1640.0,1690.0,1735.0,1780.0,1825.0,1870.0,1920.0,2275.0
31232-93,37232-93,350.0,370.0,385.0,405.0,425.0,445.0,465.0,625.0,685.0,390.0,410.0,450.0,470.0,485.0,500.0,510.0,520.0,530.0,540.0,670.0
31232-94,37232-94,350.0,370.0,385.0,405.0,425.0,445.0,465.0,625.0,685.0,390.0,410.0,450.0,470.0,485.0,500.0,510.0,520.0,530.0,540.0,670.0
31232-S3,37232-S3,1200.0,1240.0,1270.0,1300.0,1350.0,1400.0,1450.0,2050.0,2200.0,,,1750.0,1790.0,1840.0,1885.0,1930.0,1975.0,2020.0,2070.0,2560.0
30154-01,37154-01,925.0,965.0,995.0,1025.0,1075.0,1125.0,1175.0,1775.0,1925.0,,,1325.0,1365.0,1415.0,1460.0,1505.0,1550.0,1595.0,1645.0,2135.0
30154-02,37154-02,500.0,520.0,535.0,555.0,575.0,595.0,615.0,925.0,1000.0,,,700.0,740.0,790.0,835.0,880.0,925.0,970.0,1020.0,1375.0
30154-03,37154-03,800.0,840.0,870.0,900.0,950.0,1000.0,1050.0,1650.0,1800.0,,,1150.0,1190.0,1240.0,1285.0,1330.0,1375.0,1420.0,1470.0,1825.0
30154-04,37154-04,190.0,210.0,225.0,245.0,265.0,285.0,305.0,530.0,590.0,,,330.0,350.0,365.0,380.0,390.0,400.0,410.0,420.0,550.0
30154-95,37154-95,440.0,460.0,475.0,495.0,515.0,535.0,555.0,780.0,840.0,,,630.0,670.0,720.0,765.0,810.0,855.0,900.0,950.0,1305.0
30154-S3,37154-S3,1025.0,1065.0,1095.0,1125.0,1175.0,1225.0,1275.0,1875.0,2025.0,,,1425.0,1465.0,1515.0,1560.0,1605.0,1650.0,1695.0,1745.0,2235.0
30155-01,37155-01,825.0,865.0,895.0,925.0,975.0,1025.0,1075.0,1675.0,1825.0,,,1225.0,1265.0,1315.0,1360.0,1405.0,1450.0,1495.0,1545.0,2035.0
30155-02,37155-02,450.0,470.0,485.0,505.0,525.0,545.0,565.0,875.0,950.0,,,650.0,690.0,740.0,785.0,830.0,875.0,920.0,970.0,1325.0
30155-03,37155-03,700.0,740.0,770.0,800.0,850.0,900.0,950.0,1550.0,1700.0,,,1050.0,1090.0,1140.0,1185.0,1230.0,1275.0,1320.0,1370.0,1725.0
30155-04,37155-04,190.0,210.0,225.0,245.0,265.0,285.0,305.0,530.0,590.0,,,330.0,350.0,365.0,380.0,390.0,400.0,410.0,420.0,550.0
30155-95,37155-95,360.0,380.0,395.0,415.0,435.0,455.0,475.0,700.0,760.0,,,550.0,590.0,640.0,685.0,730.0,775.0,820.0,870.0,1225.0
30155-S3,37155-S3,925.0,965.0,995.0,1025.0,1075.0,1125.0,1175.0,1775.0,1925.0,,,1325.0,1365.0,1415.0,1460.0,1505.0,1550.0,1595.0,1645.0,2135.0
30132-01,37132-01,700.0,740.0,770.0,800.0,850.0,900.0,950.0,1550.0,1700.0,,,1225.0,1265.0,1315.0,1360.0,1405.0,1450.0,1495.0,1545.0,2035.0
30132-02,37132-02,400.0,420.0,435.0,455.0,475.0,495.0,515.0,825.0,900.0,455.0,475.0,575.0,615.0,665.0,710.0,755.0,800.0,845.0,895.0,1250.0
30132-03,37132-03,600.0,640.0,670.0,700.0,750.0,800.0,850.0,1450.0,1600.0,,,1100.0,1140.0,1190.0,1235.0,1280.0,1325.0,1370.0,1420.0,1775.0
30132-04,37132-04,200.0,220.0,235.0,255.0,275.0,295.0,315.0,540.0,600.0,255.0,275.0,275.0,295.0,310.0,325.0,335.0,345.0,355.0,365.0,495.0
30132-07,37132-07,575.0,615.0,645.0,675.0,725.0,775.0,825.0,1425.0,1575.0,,,1050.0,1090.0,1140.0,1185.0,1230.0,1275.0,1320.0,1370.0,1725.0
30132-08,37132-08,575.0,615.0,645.0,675.0,725.0,775.0,825.0,1425.0,1575.0,,,1050.0,1090.0,1140.0,1185.0,1230.0,1275.0,1320.0,1370.0,1725.0
30132-15,37132-15,575.0,615.0,645.0,675.0,725.0,775.0,825.0,1425.0,1575.0,,,1050.0,1090.0,1140.0,1185.0,1230.0,1275.0,1320.0,1370.0,1725.0
30132-16,37132-16,575.0,615.0,645.0,675.0,725.0,775.0,825.0,1425.0,1575.0,,,1050.0,1090.0,1140.0,1185.0,1230.0,1275.0,1320.0,1370.0,1725.0
30132-S3,37132-s3,800.0,840.0,870.0,900.0,950.0,1000.0,1050.0,1650.0,1800.0,,,1325.0,1365.0,1415.0,1460.0,1505.0,1550.0,1595.0,1645.0,2135.0
30133-01,37133-01,700.0,740.0,770.0,800.0,850.0,900.0,950.0,1550.0,1700.0,,,1225.0,1265.0,1315.0,1360.0,1405.0,1450.0,1495.0,1545.0,2035.0
30133-02,37133-02,400.0,420.0,435.0,455.0,475.0,495.0,515.0,825.0,900.0,455.0,475.0,575.0,615.0,665.0,710.0,755.0,800.0,845.0,895.0,1250.0
30133-03,37133-03,600.0,640.0,670.0,700.0,750.0,800.0,850.0,1450.0,1600.0,,,1100.0,1140.0,1190.0,1235.0,1280.0,1325.0,1370.0,1420.0,1775.0
30133-04,37133-04,200.0,220.0,235.0,255.0,275.0,295.0,315.0,540.0,600.0,255.0,275.0,275.0,295.0,310.0,325.0,335.0,345.0,355.0,365.0,495.0
30133-07,37133-07,575.0,615.0,645.0,675.0,725.0,775.0,825.0,1425.0,1575.0,,,1050.0,1090.0,1140.0,1185.0,1230.0,1275.0,1320.0,1370.0,1725.0
30133-08,37133-08,575.0,615.0,645.0,675.0,725.0,775.0,825.0,1425.0,1575.0,,,1050.0,1090.0,1140.0,1185.0,1230.0,1275.0,1320.0,1370.0,1725.0
30133-15,37133-15,575.0,615.0,645.0,675.0,725.0,775.0,825.0,1425.0,1575.0,,,1050.0,1090.0,1140.0,1185.0,1230.0,1275.0,1320.0,1370.0,1725.0
30133-16,37133-16,575.0,615.0,645.0,675.0,725.0,775.0,825.0,1425.0,1575.0,,,1050.0,1090.0,1140.0,1185.0,1230.0,1275.0,1320.0,1370.0,1725.0
30133-S3,37133-S3,800.0,840.0,870.0,900.0,950.0,1000.0,1050.0,1650.0,1800.0,,,1325.0,1365.0,1415.0,1460.0,1505.0,1550.0,1595.0,1645.0,2135.0
30148-01,37148-01,1250.0,1290.0,1320.0,1350.0,1400.0,1450.0,1500.0,2100.0,2250.0,,,1850.0,1890.0,1940.0,1985.0,2030.0,2075.0,2120.0,2170.0,2660.0
30148-03,37148-03,1175.0,1215.0,1245.0,1275.0,1325.0,1375.0,1425.0,2025.0,2175.0,,,1750.0,1790.0,1840.0,1885.0,1930.0,1975.0,2020.0,2070.0,2425.0
30148-07,37148-07,950.0,990.0,1020.0,1050.0,1100.0,1150.0,1200.0,1800.0,1950.0,,,1550.0,1590.0,1640.0,1685.0,1730.0,1775.0,1820.0,1870.0,2225.0
30148-08,37148-08,950.0,990.0,1020.0,1050.0,1100.0,1150.0,1200.0,1800.0,1950.0,,,1550.0,1590.0,1640.0,1685.0,1730.0,1775.0,1820.0,1870.0,2225.0
30148-09,37148-09,450.0,470.0,485.0,520.0,555.0,590.0,625.0,1045.0,1150.0,,,650.0,690.0,740.0,785.0,830.0,875.0,920.0,950.0,1100.0
30148-10,37148-10,425.0,445.0,460.0,480.0,500.0,520.0,540.0,765.0,825.0,,,525.0,565.0,615.0,660.0,705.0,750.0,795.0,825.0,975.0
30148-14,37148-14,950.0,970.0,985.0,1000.0,1020.0,1040.0,1060.0,1630.0,1750.0,,,1300.0,1340.0,1390.0,1435.0,1480.0,1525.0,1570.0,1620.0,1975.0
30148-15,37148-15,800.0,840.0,870.0,900.0,950.0,1000.0,1050.0,1650.0,1800.0,,,1250.0,1290.0,1340.0,1385.0,1430.0,1475.0,1520.0,1570.0,1925.0
30148-16,37148-16,800.0,840.0,870.0,900.0,950.0,1000.0,1050.0,1650.0,1800.0,,,1250.0,1290.0,1340.0,1385.0,1430.0,1475.0,1520.0,1570.0,1925.0
30148-35,37148-35,775.0,815.0,845.0,875.0,925.0,975.0,1025.0,1455.0,1575.0,,,1150.0,1190.0,1240.0,1285.0,1330.0,1375.0,1420.0,1470.0,1825.0
30148-36,37148-36,775.0,815.0,845.0,875.0,925.0,975.0,1025.0,1455.0,1575.0,,,1150.0,1190.0,1240.0,1285.0,1330.0,1375.0,1420.0,1470.0,1825.0
30148-54,37148-54,600.0,640.0,670.0,700.0,750.0,800.0,850.0,1025.0,1100.0,,,800.0,840.0,890.0,935.0,980.0,1025.0,1070.0,1120.0,1475.0
30148-64,37148-64,230.0,250.0,265.0,285.0,305.0,325.0,345.0,505.0,565.0,,,300.0,320.0,335.0,350.0,360.0,370.0,380.0,390.0,520.0
30148-65,37148-65,35.0,40.0,45.0,50.0,60.0,70.0,75.0,205.0,235.0,,,55.0,60.0,65.0,70.0,80.0,90.0,100.0,105.0,130.0
30148-66,37148-66,40.0,45.0,50.0,55.0,65.0,75.0,80.0,210.0,240.0,,,60.0,65.0,70.0,75.0,85.0,95.0,105.0,110.0,135.0
30148-74,37148-74,250.0,270.0,285.0,305.0,325.0,345.0,365.0,525.0,585.0,,,330.0,350.0,365.0,380.0,390.0,400.0,410.0,420.0,550.0
30148-86,37148-86,1300.0,1340.0,1370.0,1400.0,1450.0,1500.0,1550.0,2150.0,2300.0,,,1850.0,1890.0,1940.0,1985.0,2030.0,2075.0,2120.0,2170.0,2525.0
30148-87,37148-87,1300.0,1340.0,1370.0,1400.0,1450.0,1500.0,1550.0,2150.0,2300.0,,,1850.0,1890.0,1940.0,1985.0,2030.0,2075.0,2120.0,2170.0,2525.0
30148-S3,37148-S3,1350.0,1390.0,1420.0,1450.0,1500.0,1550.0,1600.0,2200.0,2350.0,,,1950.0,1990.0,2040.0,2085.0,2130.0,2175.0,2220.0,2270.0,2760.0
30147-01,37147-01,800.0,840.0,870.0,900.0,950.0,1000.0,1050.0,1650.0,1800.0,,,1300.0,1340.0,1390.0,1435.0,1480.0,1525.0,1570.0,1620.0,2110.0
30147-02,37147-02,500.0,520.0,535.0,555.0,575.0,595.0,615.0,925.0,1000.0,,,650.0,690.0,740.0,785.0,830.0,875.0,920.0,970.0,1325.0
30147-03,37147-03,730.0,770.0,800.0,830.0,880.0,930.0,980.0,1580.0,1730.0,,,1150.0,1190.0,1240.0,1285.0,1330.0,1375.0,1420.0,1470.0,1825.0
30159-01,37159-01,1200.0,1240.0,1270.0,1300.0,1350.0,1400.0,1450.0,2050.0,2200.0,,,1700.0,1740.0,1790.0,1835.0,1880.0,1925.0,1970.0,2020.0,2510.0
30159-02,37159-02,700.0,720.0,735.0,755.0,775.0,795.0,815.0,1125.0,1200.0,,,1000.0,1040.0,1090.0,1135.0,1180.0,1225.0,1270.0,1320.0,1675.0
30159-03,37159-03,1075.0,1115.0,1145.0,1175.0,1225.0,1275.0,1325.0,1925.0,2075.0,,,1575.0,1615.0,1665.0,1710.0,1755.0,1800.0,1845.0,1895.0,2250.0
30159-07,37159-07,975.0,1015.0,1045.0,1075.0,1125.0,1175.0,1225.0,1825.0,1975.0,,,1475.0,1515.0,1565.0,1610.0,1655.0,1700.0,1745.0,1795.0,2150.0
30159-08,37159-08,975.0,1015.0,1045.0,1075.0,1125.0,1175.0,1225.0,1825.0,1975.0,,,1475.0,1515.0,1565.0,1610.0,1655.0,1700.0,1745.0,1795.0,2150.0
30159-09,37159-09,600.0,620.0,635.0,670.0,705.0,740.0,775.0,1195.0,1300.0,,,900.0,940.0,990.0,1035.0,1080.0,1125.0,1170.0,1200.0,1350.0
30159-10,37159-10,575.0,595.0,610.0,630.0,650.0,670.0,690.0,915.0,975.0,,,875.0,915.0,965.0,1010.0,1055.0,1100.0,1145.0,1175.0,1325.0
30159-11,37159-11,625.0,645.0,660.0,695.0,730.0,765.0,800.0,1220.0,1325.0,,,925.0,965.0,1015.0,1060.0,1105.0,1150.0,1195.0,1225.0,1375.0
30159-12,37159-12,625.0,645.0,660.0,695.0,730.0,765.0,800.0,1220.0,1325.0,,,925.0,965.0,1015.0,1060.0,1105.0,1150.0,1195.0,1225.0,1375.0
30159-14,37159-14,900.0,920.0,935.0,950.0,970.0,990.0,1010.0,1580.0,1700.0,,,1400.0,1440.0,1490.0,1535.0,1580.0,1625.0,1670.0,1720.0,2075.0
30159-15,37159-15,875.0,915.0,945.0,975.0,1025.0,1075.0,1125.0,1725.0,1875.0,,,1225.0,1265.0,1315.0,1360.0,1405.0,1450.0,1495.0,1545.0,1900.0
30159-16,37159-16,875.0,915.0,945.0,975.0,1025.0,1075.0,1125.0,1725.0,1875.0,,,1225.0,1265.0,1315.0,1360.0,1405.0,1450.0,1495.0,1545.0,1900.0
30159-17,37159-17,975.0,1015.0,1045.0,1075.0,1125.0,1175.0,1225.0,1825.0,1975.0,,,1325.0,1365.0,1415.0,1460.0,1505.0,1550.0,1595.0,1645.0,2000.0
30159-18,37159-18,975.0,1015.0,1045.0,1075.0,1125.0,1175.0,1225.0,1825.0,1975.0,,,1325.0,1365.0,1415.0,1460.0,1505.0,1550.0,1595.0,1645.0,2000.0
30159-35,37159-35,875.0,915.0,945.0,975.0,1025.0,1075.0,1125.0,1555.0,1675.0,,,1225.0,1265.0,1315.0,1360.0,1405.0,1450.0,1495.0,1545.0,1900.0
30159-36,37159-36,875.0,915.0,945.0,975.0,1025.0,1075.0,1125.0,1555.0,1675.0,,,1225.0,1265.0,1315.0,1360.0,1405.0,1450.0,1495.0,1545.0,1900.0
30159-86,37159-86,1100.0,1140.0,1170.0,1200.0,1250.0,1300.0,1350.0,1950.0,2100.0,,,1600.0,1640.0,1690.0,1735.0,1780.0,1825.0,1870.0,1920.0,2275.0
30159-87,37159-87,1100.0,1140.0,1170.0,1200.0,1250.0,1300.0,1350.0,1950.0,2100.0,,,1600.0,1640.0,1690.0,1735.0,1780.0,1825.0,1870.0,1920.0,2275.0
30159-92,37159-92,1000.0,1040.0,1070.0,1100.0,1150.0,1200.0,1250.0,1850.0,2000.0,,,1500.0,1540.0,1590.0,1635.0,1680.0,1725.0,1770.0,1820.0,2175.0
30159-94,37159-94,400.0,420.0,435.0,455.0,475.0,495.0,515.0,675.0,735.0,,,550.0,570.0,585.0,600.0,610.0,620.0,630.0,640.0,770.0
30159-DC,37159-DC,825.0,865.0,895.0,925.0,975.0,1025.0,1075.0,1250.0,1325.0,,,1000.0,1040.0,1090.0,1135.0,1180.0,1225.0,1270.0,1320.0,1675.0
30159-DS,37159-DS,625.0,665.0,695.0,725.0,775.0,825.0,875.0,1050.0,1125.0,,,800.0,840.0,890.0,935.0,980.0,1025.0,1070.0,1120.0,1475.0
30159-DA,37159-DA,525.0,565.0,595.0,625.0,675.0,725.0,775.0,950.0,1025.0,,,700.0,740.0,790.0,835.0,880.0,925.0,970.0,1020.0,1375.0
30159-DR,37159-DR,575.0,615.0,645.0,675.0,725.0,775.0,825.0,1000.0,1075.0,,,750.0,790.0,840.0,885.0,930.0,975.0,1020.0,1070.0,1425.0
30159-DL,37159-DL,575.0,615.0,645.0,675.0,725.0,775.0,825.0,1000.0,1075.0,,,750.0,790.0,840.0,885.0,930.0,975.0,1020.0,1070.0,1425.0
30159-QC,37159-QC,925.0,965.0,995.0,1025.0,1075.0,1125.0,1175.0,1350.0,1425.0,,,1100.0,1140.0,1190.0,1235.0,1280.0,1325.0,1370.0,1420.0,1775.0
30159-QS,37159-QS,675.0,715.0,745.0,775.0,825.0,875.0,925.0,1100.0,1175.0,,,850.0,890.0,940.0,985.0,1030.0,1075.0,1120.0,1170.0,1525.0
30159-QA,37159-QA,575.0,615.0,645.0,675.0,725.0,775.0,825.0,1000.0,1075.0,,,750.0,790.0,840.0,885.0,930.0,975.0,1020.0,1070.0,1425.0
30159-QR,37159-QR,625.0,665.0,695.0,725.0,775.0,825.0,875.0,1050.0,1125.0,,,800.0,840.0,890.0,935.0,980.0,1025.0,1070.0,1120.0,1475.0
30159-QL,37159-QL,625.0,665.0,695.0,725.0,775.0,825.0,875.0,1050.0,1125.0,,,800.0,840.0,890.0,935.0,980.0,1025.0,1070.0,1120.0,1475.0
30159-SC,37159-SC,725.0,765.0,795.0,825.0,875.0,925.0,975.0,1150.0,1225.0,,,900.0,940.0,990.0,1035.0,1080.0,1125.0,1170.0,1220.0,1575.0
30159-SS,37159-SS,525.0,565.0,595.0,625.0,675.0,725.0,775.0,950.0,1025.0,,,700.0,740.0,790.0,835.0,880.0,925.0,970.0,1020.0,1375.0
30160-01,37160-01,1200.0,1240.0,1270.0,1300.0,1350.0,1400.0,1450.0,2050.0,2200.0,,,1700.0,1740.0,1790.0,1835.0,1880.0,1925.0,1970.0,2020.0,2510.0
30160-02,37160-02,700.0,720.0,735.0,755.0,775.0,795.0,815.0,1125.0,1200.0,,,1000.0,1040.0,1090.0,1135.0,1180.0,1225.0,1270.0,1320.0,1675.0
30160-03,37160-03,1075.0,1115.0,1145.0,1175.0,1225.0,1275.0,1325.0,1925.0,2075.0,,,1575.0,1615.0,1665.0,1710.0,1755.0,1800.0,1845.0,1895.0,2250.0
30160-07,37160-07,975.0,1015.0,1045.0,1075.0,1125.0,1175.0,1225.0,1825.0,1975.0,,,1475.0,1515.0,1565.0,1610.0,1655.0,1700.0,1745.0,1795.0,2150.0
30160-08,37160-08,975.0,1015.0,1045.0,1075.0,1125.0,1175.0,1225.0,1825.0,1975.0,,,1475.0,1515.0,1565.0,1610.0,1655.0,1700.0,1745.0,1795.0,2150.0
30160-09,37160-09,600.0,620.0,635.0,670.0,705.0,740.0,775.0,1195.0,1300.0,,,900.0,940.0,990.0,1035.0,1080.0,1125.0,1170.0,1200.0,1350.0
30160-10,37160-10,575.0,595.0,610.0,630.0,650.0,670.0,690.0,915.0,975.0,,,875.0,915.0,965.0,1010.0,1055.0,1100.0,1145.0,1175.0,1325.0
30160-11,37160-11,625.0,645.0,660.0,695.0,730.0,765.0,800.0,1220.0,1325.0,,,925.0,965.0,1015.0,1060.0,1105.0,1150.0,1195.0,1225.0,1375.0
30160-12,37160-12,625.0,645.0,660.0,695.0,730.0,765.0,800.0,1220.0,1325.0,,,925.0,965.0,1015.0,1060.0,1105.0,1150.0,1195.0,1225.0,1375.0
30160-14,37160-14,900.0,920.0,935.0,950.0,970.0,990.0,1010.0,1580.0,1700.0,,,1400.0,1440.0,1490.0,1535.0,1580.0,1625.0,1670.0,1720.0,2075.0
30160-15,37160-15,875.0,915.0,945.0,975.0,1025.0,1075.0,1125.0,1725.0,1875.0,,,1225.0,1265.0,1315.0,1360.0,1405.0,1450.0,1495.0,1545.0,1900.0
30160-16,37160-16,875.0,915.0,945.0,975.0,1025.0,1075.0,1125.0,1725.0,1875.0,,,1225.0,1265.0,1315.0,1360.0,1405.0,1450.0,1495.0,1545.0,1900.0
30160-17,37160-17,975.0,1015.0,1045.0,1075.0,1125.0,1175.0,1225.0,1825.0,1975.0,,,1325.0,1365.0,1415.0,1460.0,1505.0,1550.0,1595.0,1645.0,2000.0
30160-18,37160-18,975.0,1015.0,1045.0,1075.0,1125.0,1175.0,1225.0,1825.0,1975.0,,,1325.0,1365.0,1415.0,1460.0,1505.0,1550.0,1595.0,1645.0,2000.0
30160-35,37160-35,875.0,915.0,945.0,975.0,1025.0,1075.0,1125.0,1555.0,1675.0,,,1225.0,1265.0,1315.0,1360.0,1405.0,1450.0,1495.0,1545.0,1900.0
30160-36,37160-36,875.0,915.0,945.0,975.0,1025.0,1075.0,1125.0,1555.0,1675.0,,,1225.0,1265.0,1315.0,1360.0,1405.0,1450.0,1495.0,1545.0,1900.0
30160-86,37160-86,1100.0,1140.0,1170.0,1200.0,1250.0,1300.0,1350.0,1950.0,2100.0,,,1600.0,1640.0,1690.0,1735.0,1780.0,1825.0,1870.0,1920.0,2275.0
30160-87,37160-87,1100.0,1140.0,1170.0,1200.0,1250.0,1300.0,1350.0,1950.0,2100.0,,,1600.0,1640.0,1690.0,1735.0,1780.0,1825.0,1870.0,1920.0,2275.0
30160-92,37160-92,1000.0,1040.0,1070.0,1100.0,1150.0,1200.0,1250.0,1850.0,2000.0,,,1500.0,1540.0,1590.0,1635.0,1680.0,1725.0,1770.0,1820.0,2175.0
30160-94,37160-94,400.0,420.0,435.0,455.0,475.0,495.0,515.0,675.0,735.0,,,550.0,570.0,585.0,600.0,610.0,620.0,630.0,640.0,770.0
30160-DC,37160-DC,825.0,865.0,895.0,925.0,975.0,1025.0,1075.0,1250.0,1325.0,,,1000.0,1040.0,1090.0,1135.0,1180.0,1225.0,1270.0,1320.0,1675.0
30160-DS,37160-DS,625.0,665.0,695.0,725.0,775.0,825.0,875.0,1050.0,1125.0,,,800.0,840.0,890.0,935.0,980.0,1025.0,1070.0,1120.0,1475.0
30160-DA,37160-DA,525.0,565.0,595.0,625.0,675.0,725.0,775.0,950.0,1025.0,,,700.0,740.0,790.0,835.0,880.0,925.0,970.0,1020.0,1375.0
30160-DR,37160-DR,575.0,615.0,645.0,675.0,725.0,775.0,825.0,1000.0,1075.0,,,750.0,790.0,840.0,885.0,930.0,975.0,1020.0,1070.0,1425.0
30160-DL,37160-DL,575.0,615.0,645.0,675.0,725.0,775.0,825.0,1000.0,1075.0,,,750.0,790.0,840.0,885.0,930.0,975.0,1020.0,1070.0,1425.0
30160-QC,37160-QC,925.0,965.0,995.0,1025.0,1075.0,1125.0,1175.0,1350.0,1425.0,,,1100.0,1140.0,1190.0,1235.0,1280.0,1325.0,1370.0,1420.0,1775.0
30160-QS,37160-QS,675.0,715.0,745.0,775.0,825.0,875.0,925.0,1100.0,1175.0,,,850.0,890.0,940.0,985.0,1030.0,1075.0,1120.0,1170.0,1525.0
30160-QA,37160-QA,575.0,615.0,645.0,675.0,725.0,775.0,825.0,1000.0,1075.0,,,750.0,790.0,840.0,885.0,930.0,975.0,1020.0,1070.0,1425.0
30160-QR,37160-QR,625.0,665.0,695.0,725.0,775.0,825.0,875.0,1050.0,1125.0,,,800.0,840.0,890.0,935.0,980.0,1025.0,1070.0,1120.0,1475.0
30160-QL,37160-QL,625.0,665.0,695.0,725.0,775.0,825.0,875.0,1050.0,1125.0,,,800.0,840.0,890.0,935.0,980.0,1025.0,1070.0,1120.0,1475.0
30160-SC,37160-SC,725.0,765.0,795.0,825.0,875.0,925.0,975.0,1150.0,1225.0,,,900.0,940.0,990.0,1035.0,1080.0,1125.0,1170.0,1220.0,1575.0
30160-SS,37160-SS,525.0,565.0,595.0,625.0,675.0,725.0,775.0,950.0,1025.0,,,700.0,740.0,790.0,835.0,880.0,925.0,970.0,1020.0,1375.0
30095-01,37095-01,850.0,890.0,920.0,950.0,1000.0,1050.0,1100.0,1700.0,1850.0,,,1400.0,1440.0,1490.0,1535.0,1580.0,1625.0,1670.0,1720.0,2210.0
30095-02,37095-02,400.0,420.0,435.0,455.0,475.0,495.0,515.0,825.0,900.0,,,650.0,690.0,740.0,785.0,830.0,875.0,920.0,970.0,1325.0
30095-03,37095-03,800.0,840.0,870.0,900.0,950.0,1000.0,1050.0,1650.0,1800.0,,,1175.0,1215.0,1265.0,1310.0,1355.0,1400.0,1445.0,1495.0,1850.0
30095-04,37095-04,275.0,295.0,310.0,330.0,350.0,370.0,390.0,615.0,675.0,,,325.0,345.0,360.0,375.0,385.0,395.0,405.0,415.0,545.0
30095-07,37095-07,750.0,790.0,820.0,850.0,900.0,950.0,1000.0,1600.0,1750.0,,,1075.0,1115.0,1165.0,1210.0,1255.0,1300.0,1345.0,1395.0,1750.0
30095-08,37095-08,750.0,790.0,820.0,850.0,900.0,950.0,1000.0,1600.0,1750.0,,,1075.0,1115.0,1165.0,1210.0,1255.0,1300.0,1345.0,1395.0,1750.0
30095-15,37095-15,750.0,790.0,820.0,850.0,900.0,950.0,1000.0,1600.0,1750.0,,,1075.0,1115.0,1165.0,1210.0,1255.0,1300.0,1345.0,1395.0,1750.0
30095-16,37095-16,750.0,790.0,820.0,850.0,900.0,950.0,1000.0,1600.0,1750.0,,,1075.0,1115.0,1165.0,1210.0,1255.0,1300.0,1345.0,1395.0,1750.0
30095-17,37095-17,775.0,815.0,845.0,875.0,925.0,975.0,1025.0,1625.0,1775.0,,,1125.0,1165.0,1215.0,1260.0,1305.0,1350.0,1395.0,1445.0,1800.0
30095-18,37095-18,775.0,815.0,845.0,875.0,925.0,975.0,1025.0,1625.0,1775.0,,,1125.0,1165.0,1215.0,1260.0,1305.0,1350.0,1395.0,1445.0,1800.0
30095-24,37095-24,310.0,330.0,345.0,365.0,385.0,405.0,425.0,650.0,710.0,,,450.0,490.0,540.0,585.0,630.0,675.0,720.0,750.0,900.0
30095-86,37095-86,925.0,965.0,995.0,1025.0,1075.0,1125.0,1175.0,1775.0,1925.0,,,1450.0,1490.0,1540.0,1585.0,1630.0,1675.0,1720.0,1770.0,2125.0
30095-87,37095-87,925.0,965.0,995.0,1025.0,1075.0,1125.0,1175.0,1775.0,1925.0,,,1450.0,1490.0,1540.0,1585.0,1630.0,1675.0,1720.0,1770.0,2125.0
30095-91,37095-91,825.0,865.0,895.0,925.0,975.0,1025.0,1075.0,1675.0,1825.0,,,1350.0,1390.0,1440.0,1485.0,1530.0,1575.0,1620.0,1670.0,2025.0
30095-96,37095-96,775.0,815.0,845.0,875.0,925.0,975.0,1025.0,1625.0,1775.0,,,1175.0,1215.0,1265.0,1310.0,1355.0,1400.0,1445.0,1495.0,1850.0
30095-97,37095-97,775.0,815.0,845.0,875.0,925.0,975.0,1025.0,1625.0,1775.0,,,1175.0,1215.0,1265.0,1310.0,1355.0,1400.0,1445.0,1495.0,1850.0
30095-S3,37095-S3,950.0,990.0,1020.0,1050.0,1100.0,1150.0,1200.0,1800.0,1950.0,,,1500.0,1540.0,1590.0,1635.0,1680.0,1725.0,1770.0,1820.0,2310.0
30095-01,37095-01,950.0,990.0,1020.0,1050.0,1100.0,1150.0,1200.0,1800.0,1950.0,,,1500.0,1540.0,1590.0,1635.0,1680.0,1725.0,1770.0,1820.0,2310.0
30095-02,37095-02,500.0,520.0,535.0,555.0,575.0,595.0,615.0,925.0,1000.0,,,750.0,790.0,840.0,885.0,930.0,975.0,1020.0,1070.0,1425.0
30095-03,37095-03,900.0,940.0,970.0,1000.0,1050.0,1100.0,1150.0,1750.0,1900.0,,,1275.0,1315.0,1365.0,1410.0,1455.0,1500.0,1545.0,1595.0,1950.0
30095-04,37095-04,375.0,395.0,410.0,430.0,450.0,470.0,490.0,715.0,775.0,,,425.0,445.0,460.0,475.0,485.0,495.0,505.0,515.0,645.0
30095-24,37095-24,410.0,430.0,445.0,465.0,485.0,505.0,525.0,750.0,810.0,,,550.0,590.0,640.0,685.0,730.0,775.0,820.0,850.0,1000.0
30095-91,37095-91,925.0,965.0,995.0,1025.0,1075.0,1125.0,1175.0,1775.0,1925.0,,,1450.0,1490.0,1540.0,1585.0,1630.0,1675.0,1720.0,1770.0,2125.0
30095-S3,37095-S3,1050.0,1090.0,1120.0,1150.0,1200.0,1250.0,1300.0,1900.0,2050.0,,,1600.0,1640.0,1690.0,1735.0,1780.0,1825.0,1870.0,1920.0,2410.0
30195-01,37195-01,850.0,890.0,920.0,950.0,1000.0,1050.0,1100.0,1700.0,1850.0,,,1400.0,1440.0,1490.0,1535.0,1580.0,1625.0,1670.0,1720.0,2210.0
30195-02,37195-02,400.0,420.0,435.0,455.0,475.0,495.0,515.0,825.0,900.0,,,650.0,690.0,740.0,785.0,830.0,875.0,920.0,970.0,1325.0
30195-03,37195-03,800.0,840.0,870.0,900.0,950.0,1000.0,1050.0,1650.0,1800.0,,,1175.0,1215.0,1265.0,1310.0,1355.0,1400.0,1445.0,1495.0,1850.0
30195-07,37195-07,750.0,790.0,820.0,850.0,900.0,950.0,1000.0,1600.0,1750.0,,,1075.0,1115.0,1165.0,1210.0,1255.0,1300.0,1345.0,1395.0,1750.0
30195-08,37195-08,750.0,790.0,820.0,850.0,900.0,950.0,1000.0,1600.0,1750.0,,,1075.0,1115.0,1165.0,1210.0,1255.0,1300.0,1345.0,1395.0,1750.0
30195-15,37195-15,750.0,790.0,820.0,850.0,900.0,950.0,1000.0,1600.0,1750.0,,,1075.0,1115.0,1165.0,1210.0,1255.0,1300.0,1345.0,1395.0,1750.0
30195-16,37195-16,750.0,790.0,820.0,850.0,900.0,950.0,1000.0,1600.0,1750.0,,,1075.0,1115.0,1165.0,1210.0,1255.0,1300.0,1345.0,1395.0,1750.0
30195-17,37195-17,775.0,815.0,845.0,875.0,925.0,975.0,1025.0,1625.0,1775.0,,,1125.0,1165.0,1215.0,1260.0,1305.0,1350.0,1395.0,1445.0,1800.0
30195-18,37195-18,775.0,815.0,845.0,875.0,925.0,975.0,1025.0,1625.0,1775.0,,,1125.0,1165.0,1215.0,1260.0,1305.0,1350.0,1395.0,1445.0,1800.0
30195-24,37195-24,310.0,330.0,345.0,365.0,385.0,405.0,425.0,650.0,710.0,,,450.0,490.0,540.0,585.0,630.0,675.0,720.0,750.0,900.0
30195-86,37195-86,925.0,965.0,995.0,1025.0,1075.0,1125.0,1175.0,1775.0,1925.0,,,1450.0,1490.0,1540.0,1585.0,1630.0,1675.0,1720.0,1770.0,2125.0
30195-87,37195-87,925.0,965.0,995.0,1025.0,1075.0,1125.0,1175.0,1775.0,1925.0,,,1450.0,1490.0,1540.0,1585.0,1630.0,1675.0,1720.0,1770.0,2125.0
30195-91,37195-91,825.0,865.0,895.0,925.0,975.0,1025.0,1075.0,1675.0,1825.0,,,1350.0,1390.0,1440.0,1485.0,1530.0,1575.0,1620.0,1670.0,2025.0
30195-96,37195-96,775.0,815.0,845.0,875.0,925.0,975.0,1025.0,1625.0,1775.0,,,1175.0,1215.0,1265.0,1310.0,1355.0,1400.0,1445.0,1495.0,1850.0
30195-97,37195-97,775.0,815.0,845.0,875.0,925.0,975.0,1025.0,1625.0,1775.0,,,1175.0,1215.0,1265.0,1310.0,1355.0,1400.0,1445.0,1495.0,1850.0
30195-S3,37195-S3,950.0,990.0,1020.0,1050.0,1100.0,1150.0,1200.0,1800.0,1950.0,,,1500.0,1540.0,1590.0,1635.0,1680.0,1725.0,1770.0,1820.0,2310.0
30195-01,37195-01,950.0,990.0,1020.0,1050.0,1100.0,1150.0,1200.0,1800.0,1950.0,,,1500.0,1540.0,1590.0,1635.0,1680.0,1725.0,1770.0,1820.0,2310.0
30195-02,37195-02,500.0,520.0,535.0,555.0,575.0,595.0,615.0,925.0,1000.0,,,750.0,790.0,840.0,885.0,930.0,975.0,1020.0,1070.0,1425.0
30195-03,37195-03,900.0,940.0,970.0,1000.0,1050.0,1100.0,1150.0,1750.0,1900.0,,,1275.0,1315.0,1365.0,1410.0,1455.0,1500.0,1545.0,1595.0,1950.0
30195-24,37195-24,410.0,430.0,445.0,465.0,485.0,505.0,525.0,750.0,810.0,,,550.0,590.0,640.0,685.0,730.0,775.0,820.0,850.0,1000.0
30195-91,37195-91,925.0,965.0,995.0,1025.0,1075.0,1125.0,1175.0,1775.0,1925.0,,,1450.0,1490.0,1540.0,1585.0,1630.0,1675.0,1720.0,1770.0,2125.0
30195-S3,37195-S3,1050.0,1090.0,1120.0,1150.0,1200.0,1250.0,1300.0,1900.0,2050.0,,,1600.0,1640.0,1690.0,1735.0,1780.0,1825.0,1870.0,1920.0,2410.0
30024-01,37024-01,620.0,660.0,690.0,720.0,770.0,820.0,870.0,1470.0,1620.0,,,1175.0,1215.0,1265.0,1310.0,1355.0,1400.0,1445.0,1495.0,1985.0
30024-02,37024-02,325.0,345.0,360.0,380.0,400.0,420.0,440.0,750.0,825.0,,,700.0,740.0,790.0,835.0,880.0,925.0,970.0,1020.0,1375.0
30024-03,37024-03,525.0,565.0,595.0,625.0,675.0,725.0,775.0,1375.0,1525.0,,,925.0,965.0,1015.0,1060.0,1105.0,1150.0,1195.0,1245.0,1600.0
30024-07,37024-07,460.0,500.0,530.0,560.0,610.0,660.0,710.0,1310.0,1460.0,,,900.0,940.0,990.0,1035.0,1080.0,1125.0,1170.0,1220.0,1575.0
30024-08,37024-08,460.0,500.0,530.0,560.0,610.0,660.0,710.0,1310.0,1460.0,,,900.0,940.0,990.0,1035.0,1080.0,1125.0,1170.0,1220.0,1575.0
30024-10,37024-10,225.0,245.0,260.0,280.0,300.0,320.0,340.0,565.0,625.0,,,400.0,440.0,490.0,535.0,580.0,625.0,670.0,700.0,850.0
30024-14,37024-14,300.0,320.0,335.0,350.0,370.0,390.0,410.0,980.0,1100.0,,,675.0,715.0,765.0,810.0,855.0,900.0,945.0,995.0,1350.0
30024-15,37024-15,475.0,515.0,545.0,575.0,625.0,675.0,725.0,1325.0,1475.0,,,925.0,965.0,1015.0,1060.0,1105.0,1150.0,1195.0,1245.0,1600.0
30024-16,37024-16,475.0,515.0,545.0,575.0,625.0,675.0,725.0,1325.0,1475.0,,,925.0,965.0,1015.0,1060.0,1105.0,1150.0,1195.0,1245.0,1600.0
30024-21,37024-21,750.0,790.0,820.0,850.0,900.0,950.0,1000.0,1600.0,1750.0,,,1350.0,1390.0,1440.0,1485.0,1530.0,1575.0,1620.0,1670.0,2025.0
30024-30,37024-30,400.0,420.0,435.0,450.0,470.0,490.0,510.0,825.0,900.0,,,665.0,705.0,755.0,800.0,845.0,890.0,935.0,985.0,1205.0
30024-86,37024-86,670.0,710.0,740.0,770.0,820.0,870.0,920.0,1520.0,1670.0,,,1025.0,1065.0,1115.0,1160.0,1205.0,1250.0,1295.0,1345.0,1700.0
30024-87,37024-87,670.0,710.0,740.0,770.0,820.0,870.0,920.0,1520.0,1670.0,,,1025.0,1065.0,1115.0,1160.0,1205.0,1250.0,1295.0,1345.0,1700.0
30024-91,37024-91,600.0,640.0,670.0,700.0,750.0,800.0,850.0,1450.0,1600.0,,,1000.0,1040.0,1090.0,1135.0,1180.0,1225.0,1270.0,1320.0,1675.0
30024-93,37024-93,290.0,310.0,325.0,345.0,365.0,385.0,405.0,565.0,625.0,345.0,365.0,350.0,370.0,385.0,400.0,410.0,420.0,430.0,440.0,570.0
30024-94,37024-94,315.0,335.0,350.0,370.0,390.0,410.0,430.0,590.0,650.0,370.0,390.0,375.0,395.0,410.0,425.0,435.0,445.0,455.0,465.0,595.0
30156-01,37156-01,650.0,690.0,720.0,750.0,800.0,850.0,900.0,1500.0,1650.0,,,1200.0,1240.0,1290.0,1335.0,1380.0,1425.0,1470.0,1520.0,2010.0
30156-02,37156-02,400.0,420.0,435.0,455.0,475.0,495.0,515.0,825.0,900.0,430.0,450.0,650.0,690.0,740.0,785.0,830.0,875.0,920.0,970.0,1325.0
30156-03,37156-03,575.0,615.0,645.0,675.0,725.0,775.0,825.0,1425.0,1575.0,,,1125.0,1165.0,1215.0,1260.0,1305.0,1350.0,1395.0,1445.0,1800.0
30156-04,37156-04,180.0,200.0,215.0,235.0,255.0,275.0,295.0,520.0,580.0,205.0,225.0,300.0,320.0,335.0,350.0,360.0,370.0,380.0,390.0,520.0
30156-07,37156-07,500.0,540.0,570.0,600.0,650.0,700.0,750.0,1350.0,1500.0,,,1050.0,1090.0,1140.0,1185.0,1230.0,1275.0,1320.0,1370.0,1725.0
30156-08,37156-08,500.0,540.0,570.0,600.0,650.0,700.0,750.0,1350.0,1500.0,,,1050.0,1090.0,1140.0,1185.0,1230.0,1275.0,1320.0,1370.0,1725.0
30156-09,37156-09,375.0,395.0,410.0,445.0,480.0,515.0,550.0,970.0,1075.0,,,625.0,665.0,715.0,760.0,805.0,850.0,895.0,925.0,1075.0
30156-10,37156-10,325.0,345.0,360.0,380.0,400.0,420.0,440.0,665.0,725.0,,,575.0,615.0,665.0,710.0,755.0,800.0,845.0,875.0,1025.0
30156-14,37156-14,450.0,470.0,485.0,500.0,520.0,540.0,560.0,1130.0,1250.0,,,1000.0,1040.0,1090.0,1135.0,1180.0,1225.0,1270.0,1320.0,1675.0
30156-15,37156-15,525.0,565.0,595.0,625.0,675.0,725.0,775.0,1375.0,1525.0,,,1075.0,1115.0,1165.0,1210.0,1255.0,1300.0,1345.0,1395.0,1750.0
30156-16,37156-16,525.0,565.0,595.0,625.0,675.0,725.0,775.0,1375.0,1525.0,,,1075.0,1115.0,1165.0,1210.0,1255.0,1300.0,1345.0,1395.0,1750.0
30156-39,37156-39,750.0,790.0,820.0,850.0,900.0,950.0,1000.0,1600.0,1750.0,,,1300.0,1340.0,1390.0,1435.0,1480.0,1525.0,1570.0,1620.0,2110.0
30156-40,37156-40,750.0,790.0,820.0,850.0,900.0,950.0,1000.0,1600.0,1750.0,0.0,0.0,1300.0,1340.0,1390.0,1435.0,1480.0,1525.0,1570.0,1620.0,2110.0
30156-64,37156-64,180.0,200.0,215.0,235.0,255.0,275.0,295.0,455.0,515.0,220.0,240.0,300.0,320.0,335.0,350.0,360.0,370.0,380.0,390.0,520.0
30156-82,37156-82,700.0,740.0,770.0,800.0,850.0,900.0,950.0,1550.0,1700.0,,,1250.0,1290.0,1340.0,1385.0,1430.0,1475.0,1520.0,1570.0,1925.0
30156-83,37156-83,700.0,740.0,770.0,800.0,850.0,900.0,950.0,1550.0,1700.0,,,1250.0,1290.0,1340.0,1385.0,1430.0,1475.0,1520.0,1570.0,1925.0
30156-86,37156-86,650.0,690.0,720.0,750.0,800.0,850.0,900.0,1500.0,1650.0,,,1200.0,1240.0,1290.0,1335.0,1380.0,1425.0,1470.0,1520.0,1875.0
30156-87,37156-87,650.0,690.0,720.0,750.0,800.0,850.0,900.0,1500.0,1650.0,,,1200.0,1240.0,1290.0,1335.0,1380.0,1425.0,1470.0,1520.0,1875.0
30157-01,37157-01,550.0,590.0,620.0,650.0,700.0,750.0,800.0,1400.0,1550.0,,,1100.0,1140.0,1190.0,1235.0,1280.0,1325.0,1370.0,1420.0,1910.0
30157-02,37157-02,350.0,370.0,385.0,405.0,425.0,445.0,465.0,775.0,850.0,380.0,400.0,600.0,640.0,690.0,735.0,780.0,825.0,870.0,920.0,1275.0
30157-03,37157-03,475.0,515.0,545.0,575.0,625.0,675.0,725.0,1325.0,1475.0,,,1025.0,1065.0,1115.0,1160.0,1205.0,1250.0,1295.0,1345.0,1700.0
30157-04,37157-04,180.0,200.0,215.0,235.0,255.0,275.0,295.0,520.0,580.0,205.0,225.0,300.0,320.0,335.0,350.0,360.0,370.0,380.0,390.0,520.0
30157-07,37157-07,400.0,440.0,470.0,500.0,550.0,600.0,650.0,1250.0,1400.0,,,950.0,990.0,1040.0,1085.0,1130.0,1175.0,1220.0,1270.0,1625.0
30157-08,37157-08,400.0,440.0,470.0,500.0,550.0,600.0,650.0,1250.0,1400.0,,,950.0,990.0,1040.0,1085.0,1130.0,1175.0,1220.0,1270.0,1625.0
30157-09,37157-09,325.0,345.0,360.0,395.0,430.0,465.0,500.0,920.0,1025.0,,,575.0,615.0,665.0,710.0,755.0,800.0,845.0,875.0,1025.0
30157-10,37157-10,275.0,295.0,310.0,330.0,350.0,370.0,390.0,615.0,675.0,,,525.0,565.0,615.0,660.0,705.0,750.0,795.0,825.0,975.0
30157-14,37157-14,350.0,370.0,385.0,400.0,420.0,440.0,460.0,1030.0,1150.0,,,900.0,940.0,990.0,1035.0,1080.0,1125.0,1170.0,1220.0,1575.0
30157-15,37157-15,425.0,465.0,495.0,525.0,575.0,625.0,675.0,1275.0,1425.0,,,975.0,1015.0,1065.0,1110.0,1155.0,1200.0,1245.0,1295.0,1650.0
30157-16,37157-16,425.0,465.0,495.0,525.0,575.0,625.0,675.0,1275.0,1425.0,,,975.0,1015.0,1065.0,1110.0,1155.0,1200.0,1245.0,1295.0,1650.0
30157-39,37157-39,650.0,690.0,720.0,750.0,800.0,850.0,900.0,1500.0,1650.0,,,1200.0,1240.0,1290.0,1335.0,1380.0,1425.0,1470.0,1520.0,2010.0
30157-40,37157-40,650.0,690.0,720.0,750.0,800.0,850.0,900.0,1500.0,1650.0,,,1200.0,1240.0,1290.0,1335.0,1380.0,1425.0,1470.0,1520.0,2010.0
30157-64,37157-64,180.0,200.0,215.0,235.0,255.0,275.0,295.0,455.0,515.0,220.0,240.0,300.0,320.0,335.0,350.0,360.0,370.0,380.0,390.0,520.0
30157-82,37157-82,600.0,640.0,670.0,700.0,750.0,800.0,850.0,1450.0,1600.0,,,1150.0,1190.0,1240.0,1285.0,1330.0,1375.0,1420.0,1470.0,1825.0
30157-83,37157-83,600.0,640.0,670.0,700.0,750.0,800.0,850.0,1450.0,1600.0,,,1150.0,1190.0,1240.0,1285.0,1330.0,1375.0,1420.0,1470.0,1825.0
30157-86,37157-86,550.0,590.0,620.0,650.0,700.0,750.0,800.0,1400.0,1550.0,,,1100.0,1140.0,1190.0,1235.0,1280.0,1325.0,1370.0,1420.0,1775.0
30157-87,37157-87,550.0,590.0,620.0,650.0,700.0,750.0,800.0,1400.0,1550.0,,,1100.0,1140.0,1190.0,1235.0,1280.0,1325.0,1370.0,1420.0,1775.0
30129-01,37129-01,600.0,640.0,670.0,700.0,750.0,800.0,850.0,1450.0,1600.0,,,1100.0,1140.0,1190.0,1235.0,1280.0,1325.0,1370.0,1420.0,1910.0
30129-02,37129-02,350.0,370.0,385.0,405.0,425.0,445.0,465.0,775.0,850.0,,,575.0,615.0,665.0,710.0,755.0,800.0,845.0,895.0,1250.0
30129-03,37129-03,450.0,490.0,520.0,550.0,600.0,650.0,700.0,1300.0,1450.0,,,975.0,1015.0,1065.0,1110.0,1155.0,1200.0,1245.0,1295.0,1650.0
30129-07,37129-07,425.0,465.0,495.0,525.0,575.0,625.0,675.0,1275.0,1425.0,,,925.0,965.0,1015.0,1060.0,1105.0,1150.0,1195.0,1245.0,1600.0
30129-08,37129-08,425.0,465.0,495.0,525.0,575.0,625.0,675.0,1275.0,1425.0,,,925.0,965.0,1015.0,1060.0,1105.0,1150.0,1195.0,1245.0,1600.0
30129-10,37129-10,300.0,320.0,335.0,355.0,375.0,395.0,415.0,640.0,700.0,,,425.0,465.0,515.0,560.0,605.0,650.0,695.0,725.0,875.0
30129-15,37129-15,425.0,465.0,495.0,525.0,575.0,625.0,675.0,1275.0,1425.0,,,925.0,965.0,1015.0,1060.0,1105.0,1150.0,1195.0,1245.0,1600.0
30129-16,37129-16,425.0,465.0,495.0,525.0,575.0,625.0,675.0,1275.0,1425.0,,,925.0,965.0,1015.0,1060.0,1105.0,1150.0,1195.0,1245.0,1600.0
30129-21,37129-21,900.0,940.0,970.0,1000.0,1050.0,1100.0,1150.0,1750.0,1900.0,,,1425.0,1465.0,1515.0,1560.0,1605.0,1650.0,1695.0,1745.0,2100.0
30129-39,37129-39,675.0,715.0,745.0,775.0,825.0,875.0,925.0,1525.0,1675.0,,,1175.0,1215.0,1265.0,1310.0,1355.0,1400.0,1445.0,1495.0,1985.0
30129-40,37129-40,675.0,715.0,745.0,775.0,825.0,875.0,925.0,1525.0,1675.0,,,1175.0,1215.0,1265.0,1310.0,1355.0,1400.0,1445.0,1495.0,1985.0
30129-86,37129-86,675.0,715.0,745.0,775.0,825.0,875.0,925.0,1525.0,1675.0,,,1175.0,1215.0,1265.0,1310.0,1355.0,1400.0,1445.0,1495.0,1850.0
30129-87,37129-87,675.0,715.0,745.0,775.0,825.0,875.0,925.0,1525.0,1675.0,,,1175.0,1215.0,1265.0,1310.0,1355.0,1400.0,1445.0,1495.0,1850.0
30042-01,37042-01,450.0,490.0,520.0,550.0,600.0,650.0,700.0,1300.0,1450.0,,,750.0,790.0,840.0,885.0,930.0,975.0,1020.0,1070.0,1560.0
30042-02,37042-02,300.0,320.0,335.0,355.0,375.0,395.0,415.0,725.0,800.0,,,500.0,540.0,590.0,635.0,680.0,725.0,770.0,820.0,1175.0
30042-03,37042-03,375.0,415.0,445.0,475.0,525.0,575.0,625.0,1225.0,1375.0,,,625.0,665.0,715.0,760.0,805.0,850.0,895.0,945.0,1300.0
30042-94,37042-94,185.0,205.0,220.0,240.0,260.0,280.0,300.0,460.0,520.0,240.0,260.0,250.0,270.0,285.0,300.0,310.0,320.0,330.0,340.0,470.0
30295-32,37295-32,150.0,160.0,175.0,190.0,205.0,220.0,240.0,320.0,350.0,155.0,170.0,185.0,195.0,210.0,225.0,240.0,255.0,270.0,280.0,320.0
30295-34,37295-34,300.0,310.0,325.0,340.0,355.0,370.0,390.0,555.0,600.0,275.0,290.0,350.0,360.0,375.0,390.0,405.0,420.0,435.0,450.0,575.0
30295-54,37295-54,450.0,490.0,520.0,550.0,600.0,650.0,700.0,875.0,950.0,515.0,565.0,550.0,590.0,640.0,685.0,730.0,775.0,820.0,870.0,1225.0
30295-65,37295-65,32.0,37.0,42.0,47.0,57.0,67.0,72.0,202.0,232.0,47.0,57.0,42.0,47.0,52.0,57.0,67.0,77.0,87.0,92.0,117.0
30295-66,37295-66,65.0,70.0,75.0,80.0,90.0,100.0,105.0,235.0,265.0,80.0,90.0,75.0,80.0,85.0,90.0,100.0,110.0,120.0,125.0,150.0
30295-67,37295-67,38.0,43.0,48.0,53.0,63.0,73.0,78.0,208.0,238.0,53.0,63.0,48.0,53.0,58.0,63.0,73.0,83.0,93.0,98.0,123.0
30295-32,37295-32,175.0,185.0,200.0,215.0,230.0,245.0,265.0,345.0,375.0,170.0,185.0,210.0,220.0,235.0,250.0,265.0,280.0,295.0,305.0,345.0
30295-34,37295-34,350.0,360.0,375.0,390.0,405.0,420.0,440.0,605.0,650.0,310.0,325.0,400.0,410.0,425.0,440.0,455.0,470.0,485.0,500.0,625.0
30295-54,37295-54,500.0,540.0,570.0,600.0,650.0,700.0,750.0,925.0,1000.0,550.0,600.0,600.0,640.0,690.0,735.0,780.0,825.0,870.0,920.0,1275.0
30295-65,37295-65,32.0,37.0,42.0,47.0,57.0,67.0,72.0,202.0,232.0,47.0,57.0,42.0,47.0,52.0,57.0,67.0,77.0,87.0,92.0,117.0
30295-66,37295-66,65.0,70.0,75.0,80.0,90.0,100.0,105.0,235.0,265.0,80.0,90.0,75.0,80.0,85.0,90.0,100.0,110.0,120.0,125.0,150.0
30295-67,37295-67,38.0,43.0,48.0,53.0,63.0,73.0,78.0,208.0,238.0,53.0,63.0,48.0,53.0,58.0,63.0,73.0,83.0,93.0,98.0,123.0
30135-SB,37135-SB,400.0,420.0,435.0,455.0,475.0,495.0,515.0,675.0,750.0,,,550.0,570.0,585.0,605.0,625.0,645.0,665.0,685.0,880.0
30135-MB,37135-MB,425.0,445.0,460.0,480.0,500.0,520.0,540.0,700.0,775.0,,,575.0,595.0,610.0,630.0,650.0,670.0,690.0,710.0,905.0
30135-LB,37135-LB,475.0,495.0,510.0,530.0,550.0,570.0,590.0,750.0,825.0,,,625.0,645.0,660.0,680.0,700.0,720.0,740.0,760.0,955.0
30125-02,37125-02,440.0,460.0,475.0,495.0,515.0,535.0,555.0,865.0,940.0,495.0,515.0,550.0,590.0,640.0,685.0,730.0,775.0,820.0,870.0,1225.0
30125-04,37125-04,300.0,320.0,335.0,355.0,375.0,395.0,415.0,640.0,700.0,,,330.0,350.0,365.0,380.0,390.0,400.0,410.0,420.0,550.0
30125-02,37125-02,540.0,560.0,575.0,595.0,615.0,635.0,655.0,965.0,1040.0,595.0,615.0,650.0,690.0,740.0,785.0,830.0,875.0,920.0,970.0,1325.0
30125-04,37125-04,350.0,370.0,385.0,405.0,425.0,445.0,465.0,690.0,750.0,,,380.0,400.0,415.0,430.0,440.0,450.0,460.0,470.0,600.0
30073-02,37073-02,285.0,305.0,320.0,340.0,360.0,380.0,400.0,710.0,785.0,,,485.0,525.0,575.0,620.0,665.0,710.0,755.0,805.0,1160.0
30073-04,37073-04,130.0,150.0,165.0,185.0,205.0,225.0,245.0,470.0,530.0,,,175.0,195.0,210.0,225.0,235.0,245.0,255.0,265.0,395.0
30073-71,37073-71,385.0,405.0,420.0,440.0,460.0,480.0,500.0,725.0,785.0,,,585.0,625.0,675.0,720.0,765.0,810.0,855.0,875.0,1260.0
30212-62,37212-62,825.0,845.0,860.0,880.0,900.0,920.0,940.0,1165.0,1225.0,,,1000.0,1040.0,1090.0,1135.0,1180.0,1225.0,1270.0,1320.0,1675.0
30144-04,37144-04,125.0,130.0,135.0,145.0,155.0,165.0,175.0,295.0,325.0,,,150.0,155.0,160.0,165.0,170.0,175.0,180.0,185.0,240.0
30142-04,37142-04,75.0,80.0,85.0,95.0,105.0,115.0,125.0,245.0,275.0,,,100.0,105.0,110.0,115.0,120.0,125.0,130.0,135.0,190.0
30000-04,37000-04,75.0,80.0,85.0,95.0,105.0,115.0,125.0,245.0,275.0,90.0,100.0,100.0,105.0,110.0,115.0,120.0,125.0,130.0,135.0,190.0
30249-71,37249-71,650.0,670.0,685.0,705.0,725.0,745.0,765.0,990.0,1050.0,,,800.0,840.0,890.0,935.0,980.0,1025.0,1070.0,1090.0,1475.0
30249-04,37249-04,250.0,270.0,285.0,305.0,325.0,345.0,365.0,590.0,650.0,,,325.0,345.0,360.0,375.0,385.0,395.0,405.0,415.0,545.0
30183-47,37183-47,230.0,245.0,255.0,270.0,290.0,310.0,330.0,630.0,705.0,,,425.0,450.0,475.0,500.0,525.0,550.0,575.0,600.0,775.0
30183-51,37183-51,125.0,135.0,145.0,155.0,165.0,175.0,185.0,305.0,335.0,,,170.0,185.0,205.0,225.0,245.0,265.0,285.0,295.0,470.0
30183-48,37183-48,255.0,270.0,280.0,295.0,315.0,335.0,355.0,655.0,730.0,,,475.0,500.0,525.0,550.0,575.0,600.0,625.0,650.0,825.0
30183-51,37183-51,125.0,135.0,145.0,155.0,165.0,175.0,185.0,305.0,335.0,,,170.0,185.0,205.0,225.0,245.0,265.0,285.0,295.0,470.0
30183-49,37183-49,265.0,280.0,290.0,305.0,325.0,345.0,365.0,665.0,740.0,,,525.0,550.0,575.0,600.0,625.0,650.0,675.0,700.0,875.0
30183-52,37183-52,125.0,135.0,145.0,155.0,165.0,175.0,185.0,305.0,335.0,,,170.0,185.0,205.0,225.0,245.0,265.0,285.0,295.0,470.0
30183-50,37183-50,365.0,380.0,390.0,405.0,425.0,445.0,465.0,765.0,840.0,,,625.0,650.0,675.0,700.0,725.0,750.0,775.0,800.0,975.0
30183-52,37183-52,125.0,135.0,145.0,155.0,165.0,175.0,185.0,305.0,335.0,,,170.0,185.0,205.0,225.0,245.0,265.0,285.0,295.0,470.0
30185-47,37185-47,160.0,175.0,185.0,200.0,220.0,240.0,260.0,560.0,635.0,,,325.0,350.0,375.0,400.0,425.0,450.0,475.0,500.0,675.0
30185-51,37185-51,125.0,135.0,145.0,155.0,165.0,175.0,185.0,305.0,335.0,,,170.0,185.0,205.0,225.0,245.0,265.0,285.0,295.0,470.0
30185-48,37185-48,185.0,200.0,210.0,225.0,245.0,265.0,285.0,585.0,660.0,,,375.0,400.0,425.0,450.0,475.0,500.0,525.0,550.0,725.0
30185-51,37185-51,125.0,135.0,145.0,155.0,165.0,175.0,185.0,305.0,335.0,,,170.0,185.0,205.0,225.0,245.0,265.0,285.0,295.0,470.0
30185-49,37185-49,210.0,225.0,235.0,250.0,270.0,290.0,310.0,610.0,685.0,,,425.0,450.0,475.0,500.0,525.0,550.0,575.0,600.0,775.0
30185-52,37185-52,125.0,135.0,145.0,155.0,165.0,175.0,185.0,305.0,335.0,,,170.0,185.0,205.0,225.0,245.0,265.0,285.0,295.0,470.0
30185-50,37185-50,310.0,325.0,335.0,350.0,370.0,390.0,410.0,710.0,785.0,,,525.0,550.0,575.0,600.0,625.0,650.0,675.0,700.0,875.0
30185-52,37185-52,125.0,135.0,145.0,155.0,165.0,175.0,185.0,305.0,335.0,,,170.0,185.0,205.0,225.0,245.0,265.0,285.0,295.0,470.0
30115-48,37115-48,400.0,415.0,425.0,440.0,460.0,480.0,500.0,1025.0,1100.0,,,725.0,750.0,775.0,800.0,825.0,850.0,875.0,900.0,1175.0
30115-51,37115-51,235.0,245.0,255.0,265.0,275.0,285.0,295.0,415.0,445.0,,,235.0,250.0,270.0,290.0,310.0,330.0,350.0,360.0,535.0
30115-49,37115-49,425.0,440.0,450.0,465.0,485.0,505.0,525.0,1050.0,1125.0,,,750.0,775.0,800.0,825.0,850.0,875.0,900.0,925.0,1200.0
30115-52,37115-52,235.0,245.0,255.0,265.0,275.0,285.0,295.0,415.0,445.0,,,235.0,250.0,270.0,290.0,310.0,330.0,350.0,360.0,535.0
30115-50,37115-50,525.0,540.0,550.0,565.0,585.0,605.0,625.0,1150.0,1225.0,,,850.0,875.0,900.0,925.0,950.0,975.0,1000.0,1025.0,1300.0
30115-52,37115-52,235.0,245.0,255.0,265.0,275.0,285.0,295.0,415.0,445.0,,,235.0,250.0,270.0,290.0,310.0,330.0,350.0,360.0,535.0
30115-58,37115-58,450.0,465.0,475.0,490.0,510.0,530.0,550.0,1075.0,1150.0,,,775.0,800.0,825.0,850.0,875.0,900.0,925.0,950.0,1225.0
30115-51,37115-51,245.0,255.0,265.0,275.0,285.0,295.0,415.0,445.0,1050.0,,,235.0,250.0,270.0,290.0,310.0,330.0,350.0,360.0,535.0
30115-59,37115-59,475.0,490.0,500.0,515.0,535.0,555.0,575.0,1100.0,1175.0,,,800.0,825.0,850.0,875.0,900.0,925.0,950.0,975.0,1250.0
30115-52,37115-52,235.0,245.0,255.0,265.0,275.0,285.0,295.0,415.0,445.0,,,235.0,250.0,270.0,290.0,310.0,330.0,350.0,360.0,535.0
30115-60,37115-60,575.0,590.0,600.0,615.0,635.0,655.0,675.0,1200.0,1275.0,,,900.0,925.0,950.0,975.0,1000.0,1025.0,1050.0,1075.0,1350.0
30115-52,37115-52,235.0,245.0,255.0,265.0,275.0,285.0,295.0,415.0,445.0,,,235.0,250.0,270.0,290.0,310.0,330.0,350.0,360.0,535.0
31135-48,36135-48,525.0,540.0,550.0,565.0,585.0,605.0,625.0,1150.0,1225.0,,,900.0,925.0,950.0,975.0,1000.0,1025.0,1050.0,1075.0,1350.0
31135-51,36135-51,225.0,225.0,225.0,225.0,225.0,225.0,225.0,225.0,225.0,,,225.0,225.0,225.0,225.0,225.0,225.0,225.0,225.0,225.0
31135-55,36135-55,300.0,300.0,300.0,300.0,300.0,300.0,300.0,300.0,300.0,,,300.0,300.0,300.0,300.0,300.0,300.0,300.0,300.0,300.0
31135-49,36135-49,550.0,565.0,575.0,590.0,610.0,630.0,650.0,1175.0,1250.0,,,925.0,950.0,975.0,1000.0,1025.0,1050.0,1075.0,1100.0,1375.0
31135-52,36135-52,225.0,225.0,225.0,225.0,225.0,225.0,225.0,225.0,225.0,,,225.0,225.0,225.0,225.0,225.0,225.0,225.0,225.0,225.0
31135-56,36135-56,300.0,300.0,300.0,300.0,300.0,300.0,300.0,300.0,300.0,,,300.0,300.0,300.0,300.0,300.0,300.0,300.0,300.0,300.0
31135-50,36135-50,650.0,665.0,675.0,690.0,710.0,730.0,750.0,1275.0,1350.0,,,1025.0,1050.0,1075.0,1100.0,1125.0,1150.0,1175.0,1200.0,1475.0
31135-52,36135-52,225.0,225.0,225.0,225.0,225.0,225.0,225.0,225.0,225.0,,,225.0,225.0,225.0,225.0,225.0,225.0,225.0,225.0,225.0
31135-53,36135-53,300.0,300.0,300.0,300.0,300.0,300.0,300.0,300.0,300.0,,,300.0,300.0,300.0,300.0,300.0,300.0,300.0,300.0,300.0
34135-48,35135-48,100.0,115.0,125.0,140.0,160.0,180.0,200.0,725.0,800.0,,,375.0,400.0,425.0,450.0,475.0,500.0,525.0,550.0,825.0
34135-49,35135-49,110.0,125.0,135.0,150.0,170.0,190.0,210.0,735.0,810.0,,,425.0,450.0,475.0,500.0,525.0,550.0,575.0,600.0,875.0
34135-50,35135-50,120.0,135.0,145.0,160.0,180.0,200.0,220.0,745.0,820.0,,,475.0,500.0,525.0,550.0,575.0,600.0,625.0,650.0,925.0
31162-48,36162-48,375.0,390.0,400.0,415.0,435.0,455.0,475.0,775.0,850.0,,,750.0,775.0,800.0,825.0,850.0,875.0,900.0,925.0,1100.0
31162-51,36162-51,225.0,225.0,225.0,225.0,225.0,225.0,225.0,225.0,225.0,,,225.0,225.0,225.0,225.0,225.0,225.0,225.0,225.0,225.0
31162-55,36162-55,300.0,300.0,300.0,300.0,300.0,300.0,300.0,300.0,300.0,,,300.0,300.0,300.0,300.0,300.0,300.0,300.0,300.0,300.0
31162-49,36162-49,415.0,430.0,440.0,455.0,475.0,495.0,515.0,815.0,890.0,,,800.0,825.0,850.0,875.0,900.0,925.0,950.0,975.0,1150.0
31162-52,36162-52,225.0,225.0,225.0,225.0,225.0,225.0,225.0,225.0,225.0,,,225.0,225.0,225.0,225.0,225.0,225.0,225.0,225.0,225.0
31162-56,36162-56,300.0,300.0,300.0,300.0,300.0,300.0,300.0,300.0,300.0,,,300.0,300.0,300.0,300.0,300.0,300.0,300.0,300.0,300.0
31162-50,36162-50,515.0,530.0,540.0,555.0,575.0,595.0,615.0,915.0,990.0,,,900.0,925.0,950.0,975.0,1000.0,1025.0,1050.0,1075.0,1250.0
31162-52,36162-52,225.0,225.0,225.0,225.0,225.0,225.0,225.0,225.0,225.0,,,225.0,225.0,225.0,225.0,225.0,225.0,225.0,225.0,225.0
31162-53,36162-53,300.0,300.0,300.0,300.0,300.0,300.0,300.0,300.0,300.0,,,300.0,300.0,300.0,300.0,300.0,300.0,300.0,300.0,300.0
34162-48,35162-48,75.0,90.0,100.0,115.0,135.0,155.0,175.0,700.0,775.0,,,350.0,375.0,400.0,425.0,450.0,475.0,500.0,525.0,800.0
34162-49,35162-49,85.0,100.0,110.0,125.0,145.0,165.0,185.0,710.0,785.0,,,400.0,425.0,450.0,475.0,500.0,525.0,550.0,575.0,850.0
34162-50,35162-50,95.0,110.0,120.0,135.0,155.0,175.0,195.0,720.0,795.0,,,450.0,475.0,500.0,525.0,550.0,575.0,600.0,625.0,900.0
31199-48,36199-48,650.0,665.0,675.0,690.0,710.0,730.0,750.0,1275.0,1350.0,,,975.0,1000.0,1025.0,1050.0,1075.0,1100.0,1125.0,1150.0,1425.0
31199-5D,36199-5D,170.0,170.0,170.0,170.0,170.0,170.0,170.0,170.0,170.0,,,170.0,170.0,170.0,170.0,170.0,170.0,170.0,170.0,170.0
31199-49,36199-49,675.0,690.0,700.0,715.0,735.0,755.0,775.0,1300.0,1375.0,,,1000.0,1025.0,1050.0,1075.0,1100.0,1125.0,1150.0,1175.0,1450.0
31199-5Q,36199-5Q,170.0,170.0,170.0,170.0,170.0,170.0,170.0,170.0,170.0,,,170.0,170.0,170.0,170.0,170.0,170.0,170.0,170.0,170.0
31199-50,36199-50,775.0,790.0,800.0,815.0,835.0,855.0,875.0,1400.0,1475.0,,,1100.0,1125.0,1150.0,1175.0,1200.0,1225.0,1250.0,1275.0,1550.0
31199-5K,36199-5K,170.0,170.0,170.0,170.0,170.0,170.0,170.0,170.0,170.0,,,170.0,170.0,170.0,170.0,170.0,170.0,170.0,170.0,170.0
34199-48,35199-48,100.0,115.0,125.0,140.0,160.0,180.0,200.0,725.0,800.0,,,375.0,400.0,425.0,450.0,475.0,500.0,525.0,550.0,825.0
34199-49,35199-49,110.0,125.0,135.0,150.0,170.0,190.0,210.0,735.0,810.0,,,425.0,450.0,475.0,500.0,525.0,550.0,575.0,600.0,875.0
34199-50,35199-50,120.0,135.0,145.0,160.0,180.0,200.0,220.0,745.0,820.0,,,475.0,500.0,525.0,550.0,575.0,600.0,625.0,650.0,925.0
,37814-00,,,,,,,,,,,,50.0,52.0,52.0,55.0,60.0,65.0,70.0,75.0,125.0
,37182-B2,,,,,,,,,,,,130.0,150.0,165.0,180.0,190.0,200.0,210.0,220.0,280.0
,37200-C1,,,,,,,,,,,,165.0,170.0,175.0,180.0,185.0,190.0,195.0,200.0,240.0
,37201-C1,,,,,,,,,,,,190.0,195.0,200.0,205.0,210.0,215.0,220.0,225.0,265.0
30180-10,37180-10,900.0,920.0,935.0,955.0,975.0,995.0,,1240.0,1300.0,,,1200.0,1240.0,1290.0,1335.0,1380.0,1425.0,1470.0,1500.0,
30180-11,37180-11,1000.0,1020.0,1035.0,1070.0,1105.0,1140.0,,1595.0,1700.0,,,1300.0,1340.0,1390.0,1435.0,1480.0,1525.0,1570.0,1600.0,
30180-12,37180-12,1000.0,1020.0,1035.0,1070.0,1105.0,1140.0,,1595.0,1700.0,,,1300.0,1340.0,1390.0,1435.0,1480.0,1525.0,1570.0,1600.0,
30190-11,37190-11,1050.0,1070.0,1085.0,1120.0,1155.0,1190.0,,1645.0,1750.0,,,1250.0,1290.0,1340.0,1385.0,1430.0,1475.0,1520.0,1550.0,
30190-12,37190-12,1050.0,1070.0,1085.0,1120.0,1155.0,1190.0,,1645.0,1750.0,,,1350.0,1390.0,1440.0,1485.0,1530.0,1575.0,1620.0,1650.0,
,37190-10,,,,,,,,,,,,1350.0,1390.0,1440.0,1485.0,1530.0,1575.0,1620.0,1650.0,
