30136-01,37136-01,1127.0,1167.0,1197.0,1197.0,1227.0,1277.0,1327.0,1377.0,1977.0,2127.0,,,1727.0,1727.0,1767.0,1817.0,1817.0,1862.0,1907.0,1952.0,1952.0,1997.0,2047.0,2537.0
30136-03,37136-03,1083.0,1123.0,1153.0,1153.0,1183.0,1233.0,1283.0,1333.0,1933.0,2083.0,,,1683.0,1683.0,1723.0,1773.0,1773.0,1818.0,1863.0,1908.0,1908.0,1953.0,2003.0,2358.0
30136-06,37136-06,804.0,824.0,839.0,839.0,859.0,879.0,899.0,919.0,1144.0,1204.0,,,1304.0,1304.0,1344.0,1394.0,1394.0,1439.0,1484.0,1529.0,1529.0,1574.0,1624.0,1979.0
30136-07,37136-07,939.0,979.0,1009.0,1009.0,1039.0,1089.0,1139.0,1189.0,1789.0,1939.0,,,1539.0,1539.0,1579.0,1629.0,1629.0,1674.0,1719.0,1764.0,1764.0,1809.0,1859.0,2214.0
30136-08,37136-08,939.0,979.0,1009.0,1009.0,1039.0,1089.0,1139.0,1189.0,1789.0,1939.0,,,1539.0,1539.0,1579.0,1629.0,1629.0,1674.0,1719.0,1764.0,1764.0,1809.0,1859.0,2214.0
30136-09,37136-09,620.0,640.0,655.0,655.0,690.0,725.0,760.0,795.0,1215.0,1320.0,,,870.0,870.0,910.0,960.0,960.0,1005.0,1050.0,1095.0,1095.0,1140.0,1170.0,1320.0
30136-10,37136-10,473.0,493.0,508.0,508.0,528.0,548.0,568.0,588.0,813.0,873.0,,,798.0,798.0,838.0,888.0,888.0,933.0,978.0,1023.0,1023.0,1068.0,1098.0,1248.0
30136-11,37136-11,566.0,586.0,601.0,601.0,636.0,671.0,706.0,741.0,1161.0,1266.0,,,941.0,941.0,981.0,1031.0,1031.0,1076.0,1121.0,1166.0,1166.0,1211.0,1241.0,1391.0
30136-12,37136-12,566.0,586.0,601.0,601.0,636.0,671.0,706.0,741.0,1161.0,1266.0,,,941.0,941.0,981.0,1031.0,1031.0,1076.0,1121.0,1166.0,1166.0,1211.0,1241.0,1391.0
30136-14,37136-14,846.0,866.0,881.0,881.0,896.0,916.0,936.0,956.0,1526.0,1646.0,,,1396.0,1396.0,1436.0,1486.0,1486.0,1531.0,1576.0,1621.0,1621.0,1666.0,1716.0,2071.0
30136-15,37136-15,845.0,885.0,915.0,915.0,945.0,995.0,1045.0,1095.0,1695.0,1845.0,,,1345.0,1345.0,1385.0,1435.0,1435.0,1480.0,1525.0,1570.0,1570.0,1615.0,1665.0,2020.0
30136-16,37136-16,845.0,885.0,915.0,915.0,945.0,995.0,1045.0,1095.0,1695.0,1845.0,,,1345.0,1345.0,1385.0,1435.0,1435.0,1480.0,1525.0,1570.0,1570.0,1615.0,1665.0,2020.0
30136-19,37136-19,850.0,890.0,920.0,920.0,950.0,1000.0,1050.0,1100.0,1700.0,1850.0,,,1350.0,1350.0,1390.0,1440.0,1440.0,1485.0,1530.0,1575.0,1575.0,1620.0,1670.0,2025.0
30136-20,37136-20,850.0,890.0,920.0,920.0,950.0,1000.0,1050.0,1100.0,1700.0,1850.0,,,1350.0,1350.0,1390.0,1440.0,1440.0,1485.0,1530.0,1575.0,1575.0,1620.0,1670.0,2025.0
30136-35,37136-35,846.0,886.0,916.0,916.0,946.0,996.0,1046.0,1096.0,1526.0,1646.0,,,1346.0,1346.0,1386.0,1436.0,1436.0,1481.0,1526.0,1571.0,1571.0,1616.0,1666.0,2021.0
30136-36,37136-36,846.0,886.0,916.0,916.0,946.0,996.0,1046.0,1096.0,1526.0,1646.0,,,1346.0,1346.0,1386.0,1436.0,1436.0,1481.0,1526.0,1571.0,1571.0,1616.0,1666.0,2021.0
30136-41,37136-41,97.0,102.0,107.0,107.0,112.0,122.0,132.0,137.0,267.0,297.0,,,122.0,122.0,127.0,132.0,132.0,137.0,147.0,157.0,157.0,167.0,172.0,207.0
30136-64,37136-64,286.0,306.0,321.0,321.0,341.0,361.0,381.0,401.0,561.0,621.0,276.0,296.0,436.0,436.0,456.0,471.0,471.0,486.0,496.0,506.0,506.0,516.0,526.0,656.0
30136-71,37136-71,522.0,542.0,557.0,557.0,577.0,597.0,617.0,637.0,862.0,922.0,,,847.0,847.0,887.0,937.0,937.0,982.0,1027.0,1072.0,1072.0,1117.0,1137.0,1522.0
30136-74,37136-74,305.0,325.0,340.0,340.0,360.0,380.0,400.0,420.0,580.0,640.0,315.0,335.0,455.0,455.0,475.0,490.0,490.0,505.0,515.0,525.0,525.0,535.0,545.0,675.0
30137-01,37137-01,1129.0,1169.0,1199.0,1199.0,1229.0,1279.0,1329.0,1379.0,1979.0,2129.0,,,1729.0,1729.0,1769.0,1819.0,1819.0,1864.0,1909.0,1954.0,1954.0,1999.0,2049.0,2539.0
30137-03,37137-03,1085.0,1125.0,1155.0,1155.0,1185.0,1235.0,1285.0,1335.0,1935.0,2085.0,,,1685.0,1685.0,1725.0,1775.0,1775.0,1820.0,1865.0,1910.0,1910.0,1955.0,2005.0,2360.0
30137-06,37137-06,804.0,824.0,839.0,839.0,859.0,879.0,899.0,919.0,1144.0,1204.0,,,1304.0,1304.0,1344.0,1394.0,1394.0,1439.0,1484.0,1529.0,1529.0,1574.0,1624.0,1979.0
30137-07,37137-07,941.0,981.0,1011.0,1011.0,1041.0,1091.0,1141.0,1191.0,1791.0,1941.0,,,1541.0,1541.0,1581.0,1631.0,1631.0,1676.0,1721.0,1766.0,1766.0,1811.0,1861.0,2216.0
30137-08,37137-08,941.0,981.0,1011.0,1011.0,1041.0,1091.0,1141.0,1191.0,1791.0,1941.0,,,1541.0,1541.0,1581.0,1631.0,1631.0,1676.0,1721.0,1766.0,1766.0,1811.0,1861.0,2216.0
30137-09,37137-09,619.0,639.0,654.0,654.0,689.0,724.0,759.0,794.0,1214.0,1319.0,,,869.0,869.0,909.0,959.0,959.0,1004.0,1049.0,1094.0,1094.0,1139.0,1169.0,1319.0
30137-10,37137-10,472.0,492.0,507.0,507.0,527.0,547.0,567.0,587.0,812.0,872.0,,,797.0,797.0,837.0,887.0,887.0,932.0,977.0,1022.0,1022.0,1067.0,1097.0,1247.0
30137-11,37137-11,567.0,587.0,602.0,602.0,637.0,672.0,707.0,742.0,1162.0,1267.0,,,942.0,942.0,982.0,1032.0,1032.0,1077.0,1122.0,1167.0,1167.0,1212.0,1242.0,1392.0
30137-12,37137-12,567.0,587.0,602.0,602.0,637.0,672.0,707.0,742.0,1162.0,1267.0,,,942.0,942.0,982.0,1032.0,1032.0,1077.0,1122.0,1167.0,1167.0,1212.0,1242.0,1392.0
30137-14,37137-14,845.0,865.0,880.0,880.0,895.0,915.0,935.0,955.0,1525.0,1645.0,,,1395.0,1395.0,1435.0,1485.0,1485.0,1530.0,1575.0,1620.0,1620.0,1665.0,1715.0,2070.0
30137-15,37137-15,845.0,885.0,915.0,915.0,945.0,995.0,1045.0,1095.0,1695.0,1845.0,,,1345.0,1345.0,1385.0,1435.0,1435.0,1480.0,1525.0,1570.0,1570.0,1615.0,1665.0,2020.0
30137-16,37137-16,845.0,885.0,915.0,915.0,945.0,995.0,1045.0,1095.0,1695.0,1845.0,,,1345.0,1345.0,1385.0,1435.0,1435.0,1480.0,1525.0,1570.0,1570.0,1615.0,1665.0,2020.0
30137-19,37137-19,843.0,883.0,913.0,913.0,943.0,993.0,1043.0,1093.0,1693.0,1843.0,,,1343.0,1343.0,1383.0,1433.0,1433.0,1478.0,1523.0,1568.0,1568.0,1613.0,1663.0,2018.0
30137-20,37137-20,843.0,883.0,913.0,913.0,943.0,993.0,1043.0,1093.0,1693.0,1843.0,,,1343.0,1343.0,1383.0,1433.0,1433.0,1478.0,1523.0,1568.0,1568.0,1613.0,1663.0,2018.0
30137-35,37137-35,845.0,885.0,915.0,915.0,945.0,995.0,1045.0,1095.0,1525.0,1645.0,,,1345.0,1345.0,1385.0,1435.0,1435.0,1480.0,1525.0,1570.0,1570.0,1615.0,1665.0,2020.0
30137-36,37137-36,845.0,885.0,915.0,915.0,945.0,995.0,1045.0,1095.0,1525.0,1645.0,,,1345.0,1345.0,1385.0,1435.0,1435.0,1480.0,1525.0,1570.0,1570.0,1615.0,1665.0,2020.0
30137-41,37137-41,97.0,102.0,107.0,107.0,112.0,122.0,132.0,137.0,267.0,297.0,,,122.0,122.0,127.0,132.0,132.0,137.0,147.0,157.0,157.0,167.0,172.0,207.0
30137-64,37137-64,282.0,302.0,317.0,317.0,337.0,357.0,377.0,397.0,557.0,617.0,272.0,292.0,432.0,432.0,452.0,467.0,467.0,482.0,492.0,502.0,502.0,512.0,522.0,652.0
30137-71,37137-71,522.0,542.0,557.0,557.0,577.0,597.0,617.0,637.0,862.0,922.0,,,847.0,847.0,887.0,937.0,937.0,982.0,1027.0,1072.0,1072.0,1117.0,1137.0,1522.0
30137-74,37137-74,304.0,324.0,339.0,339.0,359.0,379.0,399.0,419.0,579.0,639.0,314.0,334.0,454.0,454.0,474.0,489.0,489.0,504.0,514.0,524.0,524.0,534.0,544.0,674.0
30192-01,37192-01,1279.0,1319.0,1349.0,1349.0,1379.0,1429.0,1479.0,1529.0,2129.0,2279.0,,,1879.0,1879.0,1919.0,1969.0,1969.0,2014.0,2059.0,2104.0,2104.0,2149.0,2199.0,2689.0
30192-03,37192-03,1235.0,1275.0,1305.0,1305.0,1335.0,1385.0,1435.0,1485.0,2085.0,2235.0,,,1835.0,1835.0,1875.0,1925.0,1925.0,1970.0,2015.0,2060.0,2060.0,2105.0,2155.0,2510.0
30192-06,37192-06,954.0,974.0,989.0,989.0,1009.0,1029.0,1049.0,1069.0,1294.0,1354.0,,,1454.0,1454.0,1494.0,1544.0,1544.0,1589.0,1634.0,1679.0,1679.0,1724.0,1774.0,2129.0
30192-07,37192-07,1091.0,1131.0,1161.0,1161.0,1191.0,1241.0,1291.0,1341.0,1941.0,2091.0,,,1691.0,1691.0,1731.0,1781.0,1781.0,1826.0,1871.0,1916.0,1916.0,1961.0,2011.0,2366.0
30192-08,37192-08,1091.0,1131.0,1161.0,1161.0,1191.0,1241.0,1291.0,1341.0,1941.0,2091.0,,,1691.0,1691.0,1731.0,1781.0,1781.0,1826.0,1871.0,1916.0,1916.0,1961.0,2011.0,2366.0
30192-09,37192-09,719.0,739.0,754.0,754.0,789.0,824.0,859.0,894.0,1314.0,1419.0,,,969.0,969.0,1009.0,1059.0,1059.0,1104.0,1149.0,1194.0,1194.0,1239.0,1269.0,1419.0
30192-10,37192-10,572.0,592.0,607.0,607.0,627.0,647.0,667.0,687.0,912.0,972.0,,,897.0,897.0,937.0,987.0,987.0,1032.0,1077.0,1122.0,1122.0,1167.0,1197.0,1347.0
30192-11,37192-11,667.0,687.0,702.0,702.0,737.0,772.0,807.0,842.0,1262.0,1367.0,,,1042.0,1042.0,1082.0,1132.0,1132.0,1177.0,1222.0,1267.0,1267.0,1312.0,1342.0,1492.0
30192-12,37192-12,667.0,687.0,702.0,702.0,737.0,772.0,807.0,842.0,1262.0,1367.0,,,1042.0,1042.0,1082.0,1132.0,1132.0,1177.0,1222.0,1267.0,1267.0,1312.0,1342.0,1492.0
30192-14,37192-14,995.0,1015.0,1030.0,1030.0,1045.0,1065.0,1085.0,1105.0,1675.0,1795.0,,,1545.0,1545.0,1585.0,1635.0,1635.0,1680.0,1725.0,1770.0,1770.0,1815.0,1865.0,2220.0
30192-15,37192-15,995.0,1035.0,1065.0,1065.0,1095.0,1145.0,1195.0,1245.0,1845.0,1995.0,,,1495.0,1495.0,1535.0,1585.0,1585.0,1630.0,1675.0,1720.0,1720.0,1765.0,1815.0,2170.0
30192-16,37192-16,995.0,1035.0,1065.0,1065.0,1095.0,1145.0,1195.0,1245.0,1845.0,1995.0,,,1495.0,1495.0,1535.0,1585.0,1585.0,1630.0,1675.0,1720.0,1720.0,1765.0,1815.0,2170.0
30192-19,37192-19,993.0,1033.0,1063.0,1063.0,1093.0,1143.0,1193.0,1243.0,1843.0,1993.0,,,1493.0,1493.0,1533.0,1583.0,1583.0,1628.0,1673.0,1718.0,1718.0,1763.0,1813.0,2168.0
30192-20,37192-20,993.0,1033.0,1063.0,1063.0,1093.0,1143.0,1193.0,1243.0,1843.0,1993.0,,,1493.0,1493.0,1533.0,1583.0,1583.0,1628.0,1673.0,1718.0,1718.0,1763.0,1813.0,2168.0
30192-35,37192-35,995.0,1035.0,1065.0,1065.0,1095.0,1145.0,1195.0,1245.0,1675.0,1795.0,,,1495.0,1495.0,1535.0,1585.0,1585.0,1630.0,1675.0,1720.0,1720.0,1765.0,1815.0,2170.0
30192-36,37192-36,995.0,1035.0,1065.0,1065.0,1095.0,1145.0,1195.0,1245.0,1675.0,1795.0,,,1495.0,1495.0,1535.0,1585.0,1585.0,1630.0,1675.0,1720.0,1720.0,1765.0,1815.0,2170.0
30192-41,37192-41,147.0,152.0,157.0,157.0,162.0,172.0,182.0,187.0,317.0,347.0,,,172.0,172.0,177.0,182.0,182.0,187.0,197.0,207.0,207.0,217.0,222.0,257.0
30192-64,37192-64,332.0,352.0,367.0,367.0,387.0,407.0,427.0,447.0,607.0,667.0,322.0,342.0,482.0,482.0,502.0,517.0,517.0,532.0,542.0,552.0,552.0,562.0,572.0,702.0
30192-71,37192-71,622.0,642.0,657.0,657.0,677.0,697.0,717.0,737.0,962.0,1022.0,,,947.0,947.0,987.0,1037.0,1037.0,1082.0,1127.0,1172.0,1172.0,1217.0,1237.0,1622.0
30192-74,37192-74,354.0,374.0,389.0,389.0,409.0,429.0,449.0,469.0,629.0,689.0,364.0,384.0,504.0,504.0,524.0,539.0,539.0,554.0,564.0,574.0,574.0,584.0,594.0,724.0
30193-01,37193-01,1277.0,1317.0,1347.0,1347.0,1377.0,1427.0,1477.0,1527.0,2127.0,2277.0,,,1877.0,1877.0,1917.0,1967.0,1967.0,2012.0,2057.0,2102.0,2102.0,2147.0,2197.0,2687.0
30193-03,37193-03,1233.0,1273.0,1303.0,1303.0,1333.0,1383.0,1433.0,1483.0,2083.0,2233.0,,,1833.0,1833.0,1873.0,1923.0,1923.0,1968.0,2013.0,2058.0,2058.0,2103.0,2153.0,2508.0
30193-06,37193-06,954.0,974.0,989.0,989.0,1009.0,1029.0,1049.0,1069.0,1294.0,1354.0,,,1454.0,1454.0,1494.0,1544.0,1544.0,1589.0,1634.0,1679.0,1679.0,1724.0,1774.0,2129.0
30193-07,37193-07,1089.0,1129.0,1159.0,1159.0,1189.0,1239.0,1289.0,1339.0,1939.0,2089.0,,,1689.0,1689.0,1729.0,1779.0,1779.0,1824.0,1869.0,1914.0,1914.0,1959.0,2009.0,2364.0
30193-08,37193-08,1089.0,1129.0,1159.0,1159.0,1189.0,1239.0,1289.0,1339.0,1939.0,2089.0,,,1689.0,1689.0,1729.0,1779.0,1779.0,1824.0,1869.0,1914.0,1914.0,1959.0,2009.0,2364.0
30193-09,37193-09,720.0,740.0,755.0,755.0,790.0,825.0,860.0,895.0,1315.0,1420.0,,,970.0,970.0,1010.0,1060.0,1060.0,1105.0,1150.0,1195.0,1195.0,1240.0,1270.0,1420.0
30193-10,37193-10,573.0,593.0,608.0,608.0,628.0,648.0,668.0,688.0,913.0,973.0,,,898.0,898.0,938.0,988.0,988.0,1033.0,1078.0,1123.0,1123.0,1168.0,1198.0,1348.0
30193-11,37193-11,666.0,686.0,701.0,701.0,736.0,771.0,806.0,841.0,1261.0,1366.0,,,1041.0,1041.0,1081.0,1131.0,1131.0,1176.0,1221.0,1266.0,1266.0,1311.0,1341.0,1491.0
30193-12,37193-12,666.0,686.0,701.0,701.0,736.0,771.0,806.0,841.0,1261.0,1366.0,,,1041.0,1041.0,1081.0,1131.0,1131.0,1176.0,1221.0,1266.0,1266.0,1311.0,1341.0,1491.0
30193-14,37193-14,996.0,1016.0,1031.0,1031.0,1046.0,1066.0,1086.0,1106.0,1676.0,1796.0,,,1546.0,1546.0,1586.0,1636.0,1636.0,1681.0,1726.0,1771.0,1771.0,1816.0,1866.0,2221.0
30193-15,37193-15,995.0,1035.0,1065.0,1065.0,1095.0,1145.0,1195.0,1245.0,1845.0,1995.0,,,1495.0,1495.0,1535.0,1585.0,1585.0,1630.0,1675.0,1720.0,1720.0,1765.0,1815.0,2170.0
30193-16,37193-16,995.0,1035.0,1065.0,1065.0,1095.0,1145.0,1195.0,1245.0,1845.0,1995.0,,,1495.0,1495.0,1535.0,1585.0,1585.0,1630.0,1675.0,1720.0,1720.0,1765.0,1815.0,2170.0
30193-19,37193-19,1000.0,1040.0,1070.0,1070.0,1100.0,1150.0,1200.0,1250.0,1850.0,2000.0,,,1500.0,1500.0,1540.0,1590.0,1590.0,1635.0,1680.0,1725.0,1725.0,1770.0,1820.0,2175.0
30193-20,37193-20,1000.0,1040.0,1070.0,1070.0,1100.0,1150.0,1200.0,1250.0,1850.0,2000.0,,,1500.0,1500.0,1540.0,1590.0,1590.0,1635.0,1680.0,1725.0,1725.0,1770.0,1820.0,2175.0
30193-35,37193-35,996.0,1036.0,1066.0,1066.0,1096.0,1146.0,1196.0,1246.0,1676.0,1796.0,,,1496.0,1496.0,1536.0,1586.0,1586.0,1631.0,1676.0,1721.0,1721.0,1766.0,1816.0,2171.0
30193-36,37193-36,996.0,1036.0,1066.0,1066.0,1096.0,1146.0,1196.0,1246.0,1676.0,1796.0,,,1496.0,1496.0,1536.0,1586.0,1586.0,1631.0,1676.0,1721.0,1721.0,1766.0,1816.0,2171.0
30193-41,37193-41,147.0,152.0,157.0,157.0,162.0,172.0,182.0,187.0,317.0,347.0,,,172.0,172.0,177.0,182.0,182.0,187.0,197.0,207.0,207.0,217.0,222.0,257.0
30193-64,37193-64,336.0,356.0,371.0,371.0,391.0,411.0,431.0,451.0,611.0,671.0,326.0,346.0,486.0,486.0,506.0,521.0,521.0,536.0,546.0,556.0,556.0,566.0,576.0,706.0
30193-71,37193-71,622.0,642.0,657.0,657.0,677.0,697.0,717.0,737.0,962.0,1022.0,,,947.0,947.0,987.0,1037.0,1037.0,1082.0,1127.0,1172.0,1172.0,1217.0,1237.0,1622.0
30193-74,37193-74,355.0,375.0,390.0,390.0,410.0,430.0,450.0,470.0,630.0,690.0,365.0,385.0,505.0,505.0,525.0,540.0,540.0,555.0,565.0,575.0,575.0,585.0,595.0,725.0
30236-03,37236-03,989.0,1029.0,1059.0,1059.0,1089.0,1139.0,1189.0,1239.0,1839.0,1989.0,,,1589.0,1589.0,1629.0,1679.0,1679.0,1724.0,1769.0,1814.0,1814.0,1859.0,1909.0,2264.0
30236-S3,37236-S3,1211.0,1251.0,1281.0,1281.0,1311.0,1361.0,1411.0,1461.0,2061.0,2211.0,,,1811.0,1811.0,1851.0,1901.0,1901.0,1946.0,1991.0,2036.0,2036.0,2081.0,2131.0,2621.0
30237-03,37237-03,991.0,1031.0,1061.0,1061.0,1091.0,1141.0,1191.0,1241.0,1841.0,1991.0,,,1591.0,1591.0,1631.0,1681.0,1681.0,1726.0,1771.0,1816.0,1816.0,1861.0,1911.0,2266.0
30237-S3,37237-S3,1211.0,1251.0,1281.0,1281.0,1311.0,1361.0,1411.0,1461.0,2061.0,2211.0,,,1811.0,1811.0,1851.0,1901.0,1901.0,1946.0,1991.0,2036.0,2036.0,2081.0,2131.0,2621.0
30292-03,37292-03,1141.0,1181.0,1211.0,1211.0,1241.0,1291.0,1341.0,1391.0,1991.0,2141.0,,,1741.0,1741.0,1781.0,1831.0,1831.0,1876.0,1921.0,1966.0,1966.0,2011.0,2061.0,2416.0
30292-S3,37292-S3,1361.0,1401.0,1431.0,1431.0,1461.0,1511.0,1561.0,1611.0,2211.0,2361.0,,,1961.0,1961.0,2001.0,2051.0,2051.0,2096.0,2141.0,2186.0,2186.0,2231.0,2281.0,2771.0
30293-03,37293-03,1139.0,1179.0,1209.0,1209.0,1239.0,1289.0,1339.0,1389.0,1989.0,2139.0,,,1739.0,1739.0,1779.0,1829.0,1829.0,1874.0,1919.0,1964.0,1964.0,2009.0,2059.0,2414.0
30293-S3,37293-S3,1361.0,1401.0,1431.0,1431.0,1461.0,1511.0,1561.0,1611.0,2211.0,2361.0,,,1961.0,1961.0,2001.0,2051.0,2051.0,2096.0,2141.0,2186.0,2186.0,2231.0,2281.0,2771.0
30181-09,37181-09,754.0,774.0,789.0,789.0,824.0,859.0,894.0,929.0,1349.0,1454.0,,,1054.0,1054.0,1094.0,1144.0,1144.0,1189.0,1234.0,1279.0,1279.0,1324.0,1354.0,1504.0
30181-10,37181-10,469.0,489.0,504.0,504.0,524.0,544.0,564.0,584.0,809.0,869.0,,,769.0,769.0,809.0,859.0,859.0,904.0,949.0,994.0,994.0,1039.0,1069.0,1219.0
30181-11,37181-11,561.0,581.0,596.0,596.0,631.0,666.0,701.0,736.0,1156.0,1261.0,,,861.0,861.0,901.0,951.0,951.0,996.0,1041.0,1086.0,1086.0,1131.0,1161.0,1311.0
30181-12,37181-12,561.0,581.0,596.0,596.0,631.0,666.0,701.0,736.0,1156.0,1261.0,,,861.0,861.0,901.0,951.0,951.0,996.0,1041.0,1086.0,1086.0,1131.0,1161.0,1311.0
30181-H2,37181-H2,220.0,225.0,230.0,230.0,235.0,240.0,245.0,250.0,355.0,380.0,,,245.0,245.0,250.0,255.0,255.0,260.0,265.0,270.0,270.0,275.0,280.0,320.0
30191-09,37191-09,754.0,774.0,789.0,789.0,824.0,859.0,894.0,929.0,1349.0,1454.0,,,1054.0,1054.0,1094.0,1144.0,1144.0,1189.0,1234.0,1279.0,1279.0,1324.0,1354.0,1504.0
30191-10,37191-10,516.0,536.0,551.0,551.0,571.0,591.0,611.0,631.0,856.0,916.0,,,816.0,816.0,856.0,906.0,906.0,951.0,996.0,1041.0,1041.0,1086.0,1116.0,1266.0
30191-11,37191-11,607.0,627.0,642.0,642.0,677.0,712.0,747.0,782.0,1202.0,1307.0,,,907.0,907.0,947.0,997.0,997.0,1042.0,1087.0,1132.0,1132.0,1177.0,1207.0,1357.0
30191-12,37191-12,607.0,627.0,642.0,642.0,677.0,712.0,747.0,782.0,1202.0,1307.0,,,907.0,907.0,947.0,997.0,997.0,1042.0,1087.0,1132.0,1132.0,1177.0,1207.0,1357.0
30191-H3,37191-H3,249.0,254.0,259.0,259.0,264.0,269.0,274.0,279.0,384.0,409.0,,,274.0,274.0,279.0,284.0,284.0,289.0,294.0,299.0,299.0,304.0,309.0,349.0
30280-10,37280-10,969.0,989.0,1004.0,1004.0,1024.0,1044.0,1064.0,1084.0,1309.0,1369.0,,,1269.0,1269.0,1309.0,1359.0,1359.0,1404.0,1449.0,1494.0,1494.0,1539.0,1569.0,1719.0
30280-11,37280-11,1061.0,1081.0,1096.0,1096.0,1131.0,1166.0,1201.0,1236.0,1656.0,1761.0,,,1361.0,1361.0,1401.0,1451.0,1451.0,1496.0,1541.0,1586.0,1586.0,1631.0,1661.0,1811.0
30280-12,37280-12,1061.0,1081.0,1096.0,1096.0,1131.0,1166.0,1201.0,1236.0,1656.0,1761.0,,,1361.0,1361.0,1401.0,1451.0,1451.0,1496.0,1541.0,1586.0,1586.0,1631.0,1661.0,1811.0
30290-10,37290-10,1015.0,1035.0,1050.0,1050.0,1070.0,1090.0,1110.0,1130.0,1355.0,1415.0,,,1315.0,1315.0,1355.0,1405.0,1405.0,1450.0,1495.0,1540.0,1540.0,1585.0,1615.0,1765.0
30290-11,37290-11,1107.0,1127.0,1142.0,1142.0,1177.0,1212.0,1247.0,1282.0,1702.0,1807.0,,,1407.0,1407.0,1447.0,1497.0,1497.0,1542.0,1587.0,1632.0,1632.0,1677.0,1707.0,1857.0
30290-12,37290-12,1107.0,1127.0,1142.0,1142.0,1177.0,1212.0,1247.0,1282.0,1702.0,1807.0,,,1407.0,1407.0,1447.0,1497.0,1497.0,1542.0,1587.0,1632.0,1632.0,1677.0,1707.0,1857.0
31127-01,37127-01,825.0,865.0,895.0,895.0,925.0,975.0,1025.0,1075.0,1675.0,1825.0,,,1350.0,1350.0,1390.0,1440.0,1440.0,1485.0,1530.0,1575.0,1575.0,1620.0,1670.0,2160.0
31127-02,37127-02,506.0,526.0,541.0,541.0,561.0,581.0,601.0,621.0,931.0,1006.0,,,681.0,681.0,721.0,771.0,771.0,816.0,861.0,906.0,906.0,951.0,1001.0,1356.0
31127-03,37127-03,665.0,705.0,735.0,735.0,765.0,815.0,865.0,915.0,1515.0,1665.0,,,1090.0,1090.0,1130.0,1180.0,1180.0,1225.0,1270.0,1315.0,1315.0,1360.0,1410.0,1765.0
31127-04,37127-04,241.0,261.0,276.0,276.0,296.0,316.0,336.0,356.0,581.0,641.0,296.0,316.0,316.0,316.0,336.0,351.0,351.0,366.0,376.0,386.0,386.0,396.0,406.0,536.0
31127-07,37127-07,642.0,682.0,712.0,712.0,742.0,792.0,842.0,892.0,1492.0,1642.0,,,1047.0,1047.0,1087.0,1137.0,1137.0,1182.0,1227.0,1272.0,1272.0,1317.0,1367.0,1722.0
31127-08,37127-08,642.0,682.0,712.0,712.0,742.0,792.0,842.0,892.0,1492.0,1642.0,,,1047.0,1047.0,1087.0,1137.0,1137.0,1182.0,1227.0,1272.0,1272.0,1317.0,1367.0,1722.0
31127-15,37127-15,647.0,687.0,717.0,717.0,747.0,797.0,847.0,897.0,1497.0,1647.0,,,1052.0,1052.0,1092.0,1142.0,1142.0,1187.0,1232.0,1277.0,1277.0,1322.0,1372.0,1727.0
31127-16,37127-16,647.0,687.0,717.0,717.0,747.0,797.0,847.0,897.0,1497.0,1647.0,,,1052.0,1052.0,1092.0,1142.0,1142.0,1187.0,1232.0,1277.0,1277.0,1322.0,1372.0,1727.0
31127-39,37127-39,921.0,961.0,991.0,991.0,1021.0,1071.0,1121.0,1171.0,1771.0,1921.0,,,1446.0,1446.0,1486.0,1536.0,1536.0,1581.0,1626.0,1671.0,1671.0,1716.0,1766.0,2256.0
31127-40,37127-40,921.0,961.0,991.0,991.0,1021.0,1071.0,1121.0,1171.0,1771.0,1921.0,,,1446.0,1446.0,1486.0,1536.0,1536.0,1581.0,1626.0,1671.0,1671.0,1716.0,1766.0,2256.0
31127-54,37127-54,612.0,652.0,682.0,682.0,712.0,762.0,812.0,862.0,1037.0,1112.0,,,912.0,912.0,952.0,1002.0,1002.0,1047.0,1092.0,1137.0,1137.0,1182.0,1232.0,1587.0
31127-65,37127-65,97.0,102.0,107.0,107.0,112.0,122.0,132.0,137.0,267.0,297.0,,,147.0,147.0,152.0,157.0,157.0,162.0,172.0,182.0,182.0,192.0,197.0,222.0
31127-86,37127-86,877.0,917.0,947.0,947.0,977.0,1027.0,1077.0,1127.0,1727.0,1877.0,,,1402.0,1402.0,1442.0,1492.0,1492.0,1537.0,1582.0,1627.0,1627.0,1672.0,1722.0,2077.0
31127-87,37127-87,877.0,917.0,947.0,947.0,977.0,1027.0,1077.0,1127.0,1727.0,1877.0,,,1402.0,1402.0,1442.0,1492.0,1492.0,1537.0,1582.0,1627.0,1627.0,1672.0,1722.0,2077.0
31127-H1,37127-H1,101.0,106.0,111.0,111.0,116.0,121.0,126.0,131.0,236.0,261.0,,,130.0,130.0,136.0,141.0,141.0,146.0,151.0,156.0,156.0,161.0,166.0,206.0
31127-H2,37127-H2,111.0,116.0,121.0,121.0,126.0,131.0,136.0,141.0,246.0,271.0,,,140.0,140.0,146.0,151.0,151.0,156.0,161.0,166.0,166.0,171.0,176.0,216.0
34127-01,,218.0,258.0,288.0,288.0,318.0,368.0,418.0,468.0,1068.0,1218.0,,,,,,,,,,,,,,
34127-02,,148.0,168.0,183.0,183.0,203.0,223.0,243.0,263.0,573.0,648.0,,,,,,,,,,,,,,
34127-03,,178.0,218.0,248.0,248.0,278.0,328.0,378.0,428.0,1028.0,1178.0,,,,,,,,,,,,,,
34127-04,,53.0,73.0,88.0,88.0,108.0,128.0,148.0,168.0,393.0,453.0,108.0,128.0,,,,,,,,,,,,
34127-07,,178.0,218.0,248.0,248.0,278.0,328.0,378.0,428.0,1028.0,1178.0,,,,,,,,,,,,,,
34127-08,,178.0,218.0,248.0,248.0,278.0,328.0,378.0,428.0,1028.0,1178.0,,,,,,,,,,,,,,
34127-15,,158.0,198.0,228.0,228.0,258.0,308.0,358.0,408.0,1008.0,1158.0,,,,,,,,,,,,,,
34127-16,,158.0,198.0,228.0,228.0,258.0,308.0,358.0,408.0,1008.0,1158.0,,,,,,,,,,,,,,
34127-39,,273.0,313.0,343.0,343.0,373.0,423.0,473.0,523.0,1123.0,1273.0,,,,,,,,,,,,,,
34127-40,,273.0,313.0,343.0,343.0,373.0,423.0,473.0,523.0,1123.0,1273.0,,,,,,,,,,,,,,
34127-54,,148.0,188.0,218.0,218.0,248.0,298.0,348.0,398.0,573.0,648.0,,,,,,,,,,,,,,
34127-65,,39.0,44.0,49.0,49.0,54.0,64.0,74.0,79.0,209.0,239.0,,,,,,,,,,,,,,
34127-86,,248.0,288.0,318.0,318.0,348.0,398.0,448.0,498.0,1098.0,1248.0,,,,,,,,,,,,,,
34127-87,,248.0,288.0,318.0,318.0,348.0,398.0,448.0,498.0,1098.0,1248.0,,,,,,,,,,,,,,
34127-H1,,45.0,50.0,55.0,55.0,60.0,65.0,70.0,75.0,180.0,205.0,,,,,,,,,,,,,,
34127-H2,,45.0,50.0,55.0,55.0,60.0,65.0,70.0,75.0,180.0,205.0,,,,,,,,,,,,,,
31128-01,37128-01,868.0,908.0,938.0,938.0,968.0,1018.0,1068.0,1118.0,1718.0,1868.0,,,1393.0,1393.0,1433.0,1483.0,1483.0,1528.0,1573.0,1618.0,1618.0,1663.0,1713.0,2203.0
31128-03,37128-03,707.0,747.0,777.0,777.0,807.0,857.0,907.0,957.0,1557.0,1707.0,,,1132.0,1132.0,1172.0,1222.0,1222.0,1267.0,1312.0,1357.0,1357.0,1402.0,1452.0,1807.0
31128-07,37128-07,685.0,725.0,755.0,755.0,785.0,835.0,885.0,935.0,1535.0,1685.0,,,1090.0,1090.0,1130.0,1180.0,1180.0,1225.0,1270.0,1315.0,1315.0,1360.0,1410.0,1765.0
31128-08,37128-08,685.0,725.0,755.0,755.0,785.0,835.0,885.0,935.0,1535.0,1685.0,,,1090.0,1090.0,1130.0,1180.0,1180.0,1225.0,1270.0,1315.0,1315.0,1360.0,1410.0,1765.0
31128-14,37128-14,677.0,697.0,712.0,712.0,727.0,747.0,767.0,787.0,1357.0,1477.0,,,1062.0,1062.0,1102.0,1152.0,1152.0,1197.0,1242.0,1287.0,1287.0,1332.0,1382.0,1737.0
31128-15,37128-15,689.0,729.0,759.0,759.0,789.0,839.0,889.0,939.0,1539.0,1689.0,,,1094.0,1094.0,1134.0,1184.0,1184.0,1229.0,1274.0,1319.0,1319.0,1364.0,1414.0,1769.0
31128-16,37128-16,689.0,729.0,759.0,759.0,789.0,839.0,889.0,939.0,1539.0,1689.0,,,1094.0,1094.0,1134.0,1184.0,1184.0,1229.0,1274.0,1319.0,1319.0,1364.0,1414.0,1769.0
31128-35,37128-35,687.0,727.0,757.0,757.0,787.0,837.0,887.0,937.0,1367.0,1487.0,,,1092.0,1092.0,1132.0,1182.0,1182.0,1227.0,1272.0,1317.0,1317.0,1362.0,1412.0,1767.0
31128-36,37128-36,687.0,727.0,757.0,757.0,787.0,837.0,887.0,937.0,1367.0,1487.0,,,1092.0,1092.0,1132.0,1182.0,1182.0,1227.0,1272.0,1317.0,1317.0,1362.0,1412.0,1767.0
31128-37,37128-37,722.0,762.0,792.0,792.0,822.0,872.0,922.0,972.0,1572.0,1722.0,,,1157.0,1157.0,1197.0,1247.0,1247.0,1292.0,1337.0,1382.0,1382.0,1427.0,1477.0,1832.0
31128-38,37128-38,722.0,762.0,792.0,792.0,822.0,872.0,922.0,972.0,1572.0,1722.0,,,1157.0,1157.0,1197.0,1247.0,1247.0,1292.0,1337.0,1382.0,1382.0,1427.0,1477.0,1832.0
31128-39,37128-39,961.0,1001.0,1031.0,1031.0,1061.0,1111.0,1161.0,1211.0,1811.0,1961.0,,,1536.0,1536.0,1576.0,1626.0,1626.0,1671.0,1716.0,1761.0,1761.0,1806.0,1856.0,2346.0
31128-40,37128-40,961.0,1001.0,1031.0,1031.0,1061.0,1111.0,1161.0,1211.0,1811.0,1961.0,,,1536.0,1536.0,1576.0,1626.0,1626.0,1671.0,1716.0,1761.0,1761.0,1806.0,1856.0,2346.0
31128-64,37128-64,294.0,314.0,329.0,329.0,349.0,369.0,389.0,409.0,569.0,629.0,349.0,369.0,404.0,404.0,424.0,439.0,439.0,454.0,464.0,474.0,474.0,484.0,494.0,624.0
31128-74,37128-74,321.0,341.0,356.0,356.0,376.0,396.0,416.0,436.0,596.0,656.0,376.0,396.0,451.0,451.0,471.0,486.0,486.0,501.0,511.0,521.0,521.0,531.0,541.0,671.0
31128-86,37128-86,916.0,956.0,986.0,986.0,1016.0,1066.0,1116.0,1166.0,1766.0,1916.0,,,1441.0,1441.0,1481.0,1531.0,1531.0,1576.0,1621.0,1666.0,1666.0,1711.0,1761.0,2116.0
31128-87,37128-87,916.0,956.0,986.0,986.0,1016.0,1066.0,1116.0,1166.0,1766.0,1916.0,,,1441.0,1441.0,1481.0,1531.0,1531.0,1576.0,1621.0,1666.0,1666.0,1711.0,1761.0,2116.0
31128-S3,37128-S3,963.0,1003.0,1033.0,1033.0,1063.0,1113.0,1163.0,1213.0,1813.0,1963.0,,,1488.0,1488.0,1528.0,1578.0,1578.0,1623.0,1668.0,1713.0,1713.0,1758.0,1808.0,2298.0
31128-H2,37128-H2,111.0,116.0,121.0,121.0,126.0,131.0,136.0,141.0,246.0,271.0,,,140.0,140.0,146.0,151.0,151.0,156.0,161.0,166.0,166.0,171.0,176.0,216.0
31128-H3,37128-H3,126.0,131.0,136.0,136.0,141.0,146.0,151.0,156.0,261.0,286.0,,,149.0,149.0,156.0,161.0,161.0,166.0,171.0,176.0,176.0,181.0,186.0,226.0
34128-01,,218.0,258.0,288.0,288.0,318.0,368.0,418.0,468.0,1068.0,1218.0,,,,,,,,,,,,,,
34128-03,,178.0,218.0,248.0,248.0,278.0,328.0,378.0,428.0,1028.0,1178.0,,,,,,,,,,,,,,
34128-07,,178.0,218.0,248.0,248.0,278.0,328.0,378.0,428.0,1028.0,1178.0,,,,,,,,,,,,,,
34128-08,,178.0,218.0,248.0,248.0,278.0,328.0,378.0,428.0,1028.0,1178.0,,,,,,,,,,,,,,
34128-14,,158.0,178.0,193.0,193.0,208.0,228.0,248.0,268.0,838.0,958.0,,,,,,,,,,,,,,
34128-15,,158.0,198.0,228.0,228.0,258.0,308.0,358.0,408.0,1008.0,1158.0,,,,,,,,,,,,,,
34128-16,,158.0,198.0,228.0,228.0,258.0,308.0,358.0,408.0,1008.0,1158.0,,,,,,,,,,,,,,
34128-35,,158.0,198.0,228.0,228.0,258.0,308.0,358.0,408.0,838.0,958.0,,,,,,,,,,,,,,
34128-36,,158.0,198.0,228.0,228.0,258.0,308.0,358.0,408.0,838.0,958.0,,,,,,,,,,,,,,
34128-37,,158.0,198.0,228.0,228.0,258.0,308.0,358.0,408.0,1008.0,1158.0,,,,,,,,,,,,,,
34128-38,,158.0,198.0,228.0,228.0,258.0,308.0,358.0,408.0,1008.0,1158.0,,,,,,,,,,,,,,
34128-39,,273.0,313.0,343.0,343.0,373.0,423.0,473.0,523.0,1123.0,1273.0,,,,,,,,,,,,,,
34128-40,,273.0,313.0,343.0,343.0,373.0,423.0,473.0,523.0,1123.0,1273.0,,,,,,,,,,,,,,
34128-64,,68.0,88.0,103.0,103.0,123.0,143.0,163.0,183.0,343.0,403.0,123.0,143.0,,,,,,,,,,,,
34128-74,,73.0,93.0,108.0,108.0,128.0,148.0,168.0,188.0,348.0,408.0,128.0,148.0,,,,,,,,,,,,
34128-86,,248.0,288.0,318.0,318.0,348.0,398.0,448.0,498.0,1098.0,1248.0,,,,,,,,,,,,,,
34128-87,,248.0,288.0,318.0,318.0,348.0,398.0,448.0,498.0,1098.0,1248.0,,,,,,,,,,,,,,
34128-S3,,248.0,288.0,318.0,318.0,348.0,398.0,448.0,498.0,1098.0,1248.0,,,,,,,,,,,,,,
34128-H2,,45.0,50.0,55.0,55.0,60.0,65.0,70.0,75.0,180.0,205.0,,,,,,,,,,,,,,
34128-H3,,45.0,50.0,55.0,55.0,60.0,65.0,70.0,75.0,180.0,205.0,,,,,,,,,,,,,,
30215-01,37215-01,661.0,701.0,731.0,731.0,761.0,811.0,861.0,911.0,1511.0,1661.0,,,1161.0,1161.0,1201.0,1251.0,1251.0,1296.0,1341.0,1386.0,1386.0,1431.0,1481.0,1971.0
30215-02,37215-02,433.0,453.0,468.0,468.0,488.0,508.0,528.0,548.0,858.0,933.0,,,583.0,583.0,623.0,673.0,673.0,718.0,763.0,808.0,808.0,853.0,903.0,1258.0
30215-03,37215-03,596.0,636.0,666.0,666.0,696.0,746.0,796.0,846.0,1446.0,1596.0,,,1096.0,1096.0,1136.0,1186.0,1186.0,1231.0,1276.0,1321.0,1321.0,1366.0,1416.0,1771.0
30215-04,37215-04,224.0,244.0,259.0,259.0,279.0,299.0,319.0,339.0,564.0,624.0,,,344.0,344.0,364.0,379.0,379.0,394.0,404.0,414.0,414.0,424.0,434.0,564.0
30215-24,37215-24,337.0,357.0,372.0,372.0,392.0,412.0,432.0,452.0,677.0,737.0,,,462.0,462.0,502.0,552.0,552.0,597.0,642.0,687.0,687.0,732.0,762.0,912.0
30215-S3,37215-S3,759.0,799.0,829.0,829.0,859.0,909.0,959.0,1009.0,1609.0,1759.0,,,1259.0,1259.0,1299.0,1349.0,1349.0,1394.0,1439.0,1484.0,1484.0,1529.0,1579.0,2069.0
30216-01,37216-01,661.0,701.0,731.0,731.0,761.0,811.0,861.0,911.0,1511.0,1661.0,,,1161.0,1161.0,1201.0,1251.0,1251.0,1296.0,1341.0,1386.0,1386.0,1431.0,1481.0,1971.0
30216-02,37216-02,433.0,453.0,468.0,468.0,488.0,508.0,528.0,548.0,858.0,933.0,,,583.0,583.0,623.0,673.0,673.0,718.0,763.0,808.0,808.0,853.0,903.0,1258.0
30216-03,37216-03,596.0,636.0,666.0,666.0,696.0,746.0,796.0,846.0,1446.0,1596.0,,,1096.0,1096.0,1136.0,1186.0,1186.0,1231.0,1276.0,1321.0,1321.0,1366.0,1416.0,1771.0
30216-04,37216-04,224.0,244.0,259.0,259.0,279.0,299.0,319.0,339.0,564.0,624.0,,,344.0,344.0,364.0,379.0,379.0,394.0,404.0,414.0,414.0,424.0,434.0,564.0
30216-24,37216-24,337.0,357.0,372.0,372.0,392.0,412.0,432.0,452.0,677.0,737.0,,,462.0,462.0,502.0,552.0,552.0,597.0,642.0,687.0,687.0,732.0,762.0,912.0
30216-S3,37216-S3,759.0,799.0,829.0,829.0,859.0,909.0,959.0,1009.0,1609.0,1759.0,,,1259.0,1259.0,1299.0,1349.0,1349.0,1394.0,1439.0,1484.0,1484.0,1529.0,1579.0,2069.0
30026-04,37026-04,253.0,273.0,288.0,288.0,308.0,328.0,348.0,368.0,593.0,653.0,248.0,268.0,428.0,428.0,448.0,463.0,463.0,478.0,488.0,498.0,498.0,508.0,518.0,648.0
30026-09,37026-09,467.0,487.0,502.0,502.0,537.0,572.0,607.0,642.0,1062.0,1167.0,,,642.0,642.0,682.0,732.0,732.0,777.0,822.0,867.0,867.0,912.0,942.0,1092.0
30026-10,37026-10,345.0,365.0,380.0,380.0,400.0,420.0,440.0,460.0,685.0,745.0,,,520.0,520.0,560.0,610.0,610.0,655.0,700.0,745.0,745.0,790.0,820.0,970.0
30026-11,37026-11,489.0,509.0,524.0,524.0,559.0,594.0,629.0,664.0,1084.0,1189.0,,,664.0,664.0,704.0,754.0,754.0,799.0,844.0,889.0,889.0,934.0,964.0,1114.0
30026-12,37026-12,489.0,509.0,524.0,524.0,559.0,594.0,629.0,664.0,1084.0,1189.0,,,664.0,664.0,704.0,754.0,754.0,799.0,844.0,889.0,889.0,934.0,964.0,1114.0
30026-15,37026-15,561.0,601.0,631.0,631.0,661.0,711.0,761.0,811.0,1411.0,1561.0,,,736.0,736.0,776.0,826.0,826.0,871.0,916.0,961.0,961.0,1006.0,1056.0,1411.0
30026-16,37026-16,561.0,601.0,631.0,631.0,661.0,711.0,761.0,811.0,1411.0,1561.0,,,736.0,736.0,776.0,826.0,826.0,871.0,916.0,961.0,961.0,1006.0,1056.0,1411.0
30151-01,37151-01,1301.0,1341.0,1371.0,1371.0,1401.0,1451.0,1501.0,1551.0,2151.0,2301.0,,,1751.0,1751.0,1791.0,1841.0,1841.0,1886.0,1931.0,1976.0,1976.0,2021.0,2071.0,2561.0
30151-03,37151-03,1210.0,1250.0,1280.0,1280.0,1310.0,1360.0,1410.0,1460.0,2060.0,2210.0,,,1660.0,1660.0,1700.0,1750.0,1750.0,1795.0,1840.0,1885.0,1885.0,1930.0,1980.0,2335.0
30151-07,37151-07,1114.0,1154.0,1184.0,1184.0,1214.0,1264.0,1314.0,1364.0,1964.0,2114.0,,,1564.0,1564.0,1604.0,1654.0,1654.0,1699.0,1744.0,1789.0,1789.0,1834.0,1884.0,2239.0
30151-08,37151-08,1114.0,1154.0,1184.0,1184.0,1214.0,1264.0,1314.0,1364.0,1964.0,2114.0,,,1564.0,1564.0,1604.0,1654.0,1654.0,1699.0,1744.0,1789.0,1789.0,1834.0,1884.0,2239.0
30151-09,37151-09,579.0,599.0,614.0,614.0,649.0,684.0,719.0,754.0,1174.0,1279.0,,,779.0,779.0,819.0,869.0,869.0,914.0,959.0,1004.0,1004.0,1049.0,1079.0,1229.0
30151-10,37151-10,483.0,503.0,518.0,518.0,538.0,558.0,578.0,598.0,823.0,883.0,,,683.0,683.0,723.0,773.0,773.0,818.0,863.0,908.0,908.0,953.0,983.0,1133.0
30151-14,37151-14,968.0,988.0,1003.0,1003.0,1018.0,1038.0,1058.0,1078.0,1648.0,1768.0,,,1218.0,1218.0,1258.0,1308.0,1308.0,1353.0,1398.0,1443.0,1443.0,1488.0,1538.0,1893.0
30151-15,37151-15,917.0,957.0,987.0,987.0,1017.0,1067.0,1117.0,1167.0,1767.0,1917.0,,,1167.0,1167.0,1207.0,1257.0,1257.0,1302.0,1347.0,1392.0,1392.0,1437.0,1487.0,1842.0
30151-16,37151-16,917.0,957.0,987.0,987.0,1017.0,1067.0,1117.0,1167.0,1767.0,1917.0,,,1167.0,1167.0,1207.0,1257.0,1257.0,1302.0,1347.0,1392.0,1392.0,1437.0,1487.0,1842.0
30151-35,37151-35,868.0,908.0,938.0,938.0,968.0,1018.0,1068.0,1118.0,1548.0,1668.0,,,1118.0,1118.0,1158.0,1208.0,1208.0,1253.0,1298.0,1343.0,1343.0,1388.0,1438.0,1793.0
30151-36,37151-36,868.0,908.0,938.0,938.0,968.0,1018.0,1068.0,1118.0,1548.0,1668.0,,,1118.0,1118.0,1158.0,1208.0,1208.0,1253.0,1298.0,1343.0,1343.0,1388.0,1438.0,1793.0
30151-37,37151-37,1214.0,1254.0,1284.0,1284.0,1314.0,1364.0,1414.0,1464.0,2064.0,2214.0,,,1664.0,1664.0,1704.0,1754.0,1754.0,1799.0,1844.0,1889.0,1889.0,1934.0,1984.0,2339.0
30151-38,37151-38,1214.0,1254.0,1284.0,1284.0,1314.0,1364.0,1414.0,1464.0,2064.0,2214.0,,,1664.0,1664.0,1704.0,1754.0,1754.0,1799.0,1844.0,1889.0,1889.0,1934.0,1984.0,2339.0
30151-39,37151-39,1395.0,1435.0,1465.0,1465.0,1495.0,1545.0,1595.0,1645.0,2245.0,2395.0,,,1845.0,1845.0,1885.0,1935.0,1935.0,1980.0,2025.0,2070.0,2070.0,2115.0,2165.0,2655.0
30151-40,37151-40,1395.0,1435.0,1465.0,1465.0,1495.0,1545.0,1595.0,1645.0,2245.0,2395.0,,,1845.0,1845.0,1885.0,1935.0,1935.0,1980.0,2025.0,2070.0,2070.0,2115.0,2165.0,2655.0
30151-64,37151-64,333.0,353.0,368.0,368.0,388.0,408.0,428.0,448.0,608.0,668.0,,,433.0,433.0,453.0,468.0,468.0,483.0,493.0,503.0,503.0,513.0,523.0,653.0
30151-74,37151-74,355.0,375.0,390.0,390.0,410.0,430.0,450.0,470.0,630.0,690.0,,,455.0,455.0,475.0,490.0,490.0,505.0,515.0,525.0,525.0,535.0,545.0,675.0
30151-86,37151-86,1349.0,1389.0,1419.0,1419.0,1449.0,1499.0,1549.0,1599.0,2199.0,2349.0,,,1799.0,1799.0,1839.0,1889.0,1889.0,1934.0,1979.0,2024.0,2024.0,2069.0,2119.0,2474.0
30151-87,37151-87,1349.0,1389.0,1419.0,1419.0,1449.0,1499.0,1549.0,1599.0,2199.0,2349.0,,,1799.0,1799.0,1839.0,1889.0,1889.0,1934.0,1979.0,2024.0,2024.0,2069.0,2119.0,2474.0
30151-S3,37151-S3,1395.0,1435.0,1465.0,1465.0,1495.0,1545.0,1595.0,1645.0,2245.0,2395.0,,,1845.0,1845.0,1885.0,1935.0,1935.0,1980.0,2025.0,2070.0,2070.0,2115.0,2165.0,2655.0
31116-01,37116-01,950.0,990.0,1020.0,1020.0,1050.0,1100.0,1150.0,1200.0,1800.0,1950.0,,,1500.0,1500.0,1540.0,1590.0,1590.0,1635.0,1680.0,1725.0,1725.0,1770.0,1820.0,2310.0
31116-02,37116-02,530.0,550.0,565.0,565.0,585.0,605.0,625.0,645.0,955.0,1030.0,,,680.0,680.0,720.0,770.0,770.0,815.0,860.0,905.0,905.0,950.0,1000.0,1355.0
31116-03,37116-03,862.0,902.0,932.0,932.0,962.0,1012.0,1062.0,1112.0,1712.0,1862.0,,,1262.0,1262.0,1302.0,1352.0,1352.0,1397.0,1442.0,1487.0,1487.0,1532.0,1582.0,1937.0
31116-04,37116-04,242.0,262.0,277.0,277.0,297.0,317.0,337.0,357.0,582.0,642.0,247.0,267.0,392.0,392.0,412.0,427.0,427.0,442.0,452.0,462.0,462.0,472.0,482.0,612.0
31116-07,37116-07,815.0,855.0,885.0,885.0,915.0,965.0,1015.0,1065.0,1665.0,1815.0,,,1165.0,1165.0,1205.0,1255.0,1255.0,1300.0,1345.0,1390.0,1390.0,1435.0,1485.0,1840.0
31116-08,37116-08,815.0,855.0,885.0,885.0,915.0,965.0,1015.0,1065.0,1665.0,1815.0,,,1165.0,1165.0,1205.0,1255.0,1255.0,1300.0,1345.0,1390.0,1390.0,1435.0,1485.0,1840.0
31116-09,37116-09,528.0,548.0,563.0,563.0,598.0,633.0,668.0,703.0,1123.0,1228.0,,,753.0,753.0,793.0,843.0,843.0,888.0,933.0,978.0,978.0,1023.0,1053.0,1203.0
31116-10,37116-10,433.0,453.0,468.0,468.0,488.0,508.0,528.0,548.0,773.0,833.0,,,708.0,708.0,748.0,798.0,798.0,843.0,888.0,933.0,933.0,978.0,1008.0,1158.0
31116-14,37116-14,667.0,687.0,702.0,702.0,717.0,737.0,757.0,777.0,1347.0,1467.0,,,1067.0,1067.0,1107.0,1157.0,1157.0,1202.0,1247.0,1292.0,1292.0,1337.0,1387.0,1742.0
31116-15,37116-15,792.0,832.0,862.0,862.0,892.0,942.0,992.0,1042.0,1642.0,1792.0,,,1167.0,1167.0,1207.0,1257.0,1257.0,1302.0,1347.0,1392.0,1392.0,1437.0,1487.0,1842.0
31116-16,37116-16,792.0,832.0,862.0,862.0,892.0,942.0,992.0,1042.0,1642.0,1792.0,,,1167.0,1167.0,1207.0,1257.0,1257.0,1302.0,1347.0,1392.0,1392.0,1437.0,1487.0,1842.0
31116-35,37116-35,792.0,832.0,862.0,862.0,892.0,942.0,992.0,1042.0,1472.0,1592.0,,,1167.0,1167.0,1207.0,1257.0,1257.0,1302.0,1347.0,1392.0,1392.0,1437.0,1487.0,1842.0
31116-36,37116-36,792.0,832.0,862.0,862.0,892.0,942.0,992.0,1042.0,1472.0,1592.0,,,1167.0,1167.0,1207.0,1257.0,1257.0,1302.0,1347.0,1392.0,1392.0,1437.0,1487.0,1842.0
31116-39,37116-39,1044.0,1084.0,1114.0,1114.0,1144.0,1194.0,1244.0,1294.0,1894.0,2044.0,,,1594.0,1594.0,1634.0,1684.0,1684.0,1729.0,1774.0,1819.0,1819.0,1864.0,1914.0,2404.0
31116-40,37116-40,1044.0,1084.0,1114.0,1114.0,1144.0,1194.0,1244.0,1294.0,1894.0,2044.0,,,1594.0,1594.0,1634.0,1684.0,1684.0,1729.0,1774.0,1819.0,1819.0,1864.0,1914.0,2404.0
31116-64,37116-64,339.0,359.0,374.0,374.0,394.0,414.0,434.0,454.0,614.0,674.0,344.0,364.0,414.0,414.0,434.0,449.0,449.0,464.0,474.0,484.0,484.0,494.0,504.0,634.0
31116-74,37116-74,336.0,356.0,371.0,371.0,391.0,411.0,431.0,451.0,611.0,671.0,341.0,361.0,411.0,411.0,431.0,446.0,446.0,461.0,471.0,481.0,481.0,491.0,501.0,631.0
31116-82,37116-82,947.0,987.0,1017.0,1017.0,1047.0,1097.0,1147.0,1197.0,1797.0,1947.0,,,1497.0,1497.0,1537.0,1587.0,1587.0,1632.0,1677.0,1722.0,1722.0,1767.0,1817.0,2172.0
31116-83,37116-83,947.0,987.0,1017.0,1017.0,1047.0,1097.0,1147.0,1197.0,1797.0,1947.0,,,1497.0,1497.0,1537.0,1587.0,1587.0,1632.0,1677.0,1722.0,1722.0,1767.0,1817.0,2172.0
31116-84,37116-84,952.0,992.0,1022.0,1022.0,1052.0,1102.0,1152.0,1202.0,1802.0,1952.0,,,1502.0,1502.0,1542.0,1592.0,1592.0,1637.0,1682.0,1727.0,1727.0,1772.0,1822.0,2177.0
31116-85,37116-85,952.0,992.0,1022.0,1022.0,1052.0,1102.0,1152.0,1202.0,1802.0,1952.0,,,1502.0,1502.0,1542.0,1592.0,1592.0,1637.0,1682.0,1727.0,1727.0,1772.0,1822.0,2177.0
31116-86,37116-86,999.0,1039.0,1069.0,1069.0,1099.0,1149.0,1199.0,1249.0,1849.0,1999.0,,,1499.0,1499.0,1539.0,1589.0,1589.0,1634.0,1679.0,1724.0,1724.0,1769.0,1819.0,2174.0
31116-87,37116-87,999.0,1039.0,1069.0,1069.0,1099.0,1149.0,1199.0,1249.0,1849.0,1999.0,,,1499.0,1499.0,1539.0,1589.0,1589.0,1634.0,1679.0,1724.0,1724.0,1769.0,1819.0,2174.0
31116-91,37116-91,906.0,946.0,976.0,976.0,1006.0,1056.0,1106.0,1156.0,1756.0,1906.0,,,1456.0,1456.0,1496.0,1546.0,1546.0,1591.0,1636.0,1681.0,1681.0,1726.0,1776.0,2131.0
31116-93,37116-93,336.0,356.0,371.0,371.0,391.0,411.0,431.0,451.0,611.0,671.0,341.0,361.0,436.0,436.0,456.0,471.0,471.0,486.0,496.0,506.0,506.0,516.0,526.0,656.0
31116-94,37116-94,339.0,359.0,374.0,374.0,394.0,414.0,434.0,454.0,614.0,674.0,344.0,364.0,439.0,439.0,459.0,474.0,474.0,489.0,499.0,509.0,509.0,519.0,529.0,659.0
31116-S3,37116-S3,1046.0,1086.0,1116.0,1116.0,1146.0,1196.0,1246.0,1296.0,1896.0,2046.0,,,1596.0,1596.0,1636.0,1686.0,1686.0,1731.0,1776.0,1821.0,1821.0,1866.0,1916.0,2406.0
31116-H2,37116-H2,111.0,116.0,121.0,121.0,126.0,131.0,136.0,141.0,246.0,271.0,,,141.0,141.0,146.0,151.0,151.0,156.0,161.0,166.0,166.0,171.0,176.0,216.0
31116-H3,37116-H3,125.0,130.0,135.0,135.0,140.0,145.0,150.0,155.0,260.0,285.0,,,155.0,155.0,160.0,165.0,165.0,170.0,175.0,180.0,180.0,185.0,190.0,230.0
31116-H4,37116-H4,140.0,145.0,150.0,150.0,155.0,160.0,165.0,170.0,275.0,300.0,,,170.0,170.0,175.0,180.0,180.0,185.0,190.0,195.0,195.0,200.0,205.0,245.0
34116-01,,218.0,258.0,288.0,288.0,318.0,368.0,418.0,468.0,1068.0,1218.0,,,,,,,,,,,,,,
34116-02,,148.0,168.0,183.0,183.0,203.0,223.0,243.0,263.0,573.0,648.0,,,,,,,,,,,,,,
34116-03,,178.0,218.0,248.0,248.0,278.0,328.0,378.0,428.0,1028.0,1178.0,,,,,,,,,,,,,,
34116-04,,53.0,73.0,88.0,88.0,108.0,128.0,148.0,168.0,393.0,453.0,,,,,,,,,,,,,,
34116-07,,178.0,218.0,248.0,248.0,278.0,328.0,378.0,428.0,1028.0,1178.0,,,,,,,,,,,,,,
34116-08,,178.0,218.0,248.0,248.0,278.0,328.0,378.0,428.0,1028.0,1178.0,,,,,,,,,,,,,,
34116-09,,138.0,158.0,173.0,173.0,208.0,243.0,278.0,313.0,733.0,838.0,,,,,,,,,,,,,,
34116-10,,123.0,143.0,158.0,158.0,178.0,198.0,218.0,238.0,463.0,523.0,,,,,,,,,,,,,,
34116-14,,158.0,178.0,193.0,193.0,208.0,228.0,248.0,268.0,838.0,958.0,,,,,,,,,,,,,,
34116-15,,158.0,198.0,228.0,228.0,258.0,308.0,358.0,408.0,1008.0,1158.0,,,,,,,,,,,,,,
34116-16,,158.0,198.0,228.0,228.0,258.0,308.0,358.0,408.0,1008.0,1158.0,,,,,,,,,,,,,,
34116-35,,158.0,198.0,228.0,228.0,258.0,308.0,358.0,408.0,838.0,958.0,,,,,,,,,,,,,,
34116-36,,158.0,198.0,228.0,228.0,258.0,308.0,358.0,408.0,838.0,958.0,,,,,,,,,,,,,,
34116-39,,248.0,288.0,318.0,318.0,348.0,398.0,448.0,498.0,1098.0,1248.0,,,,,,,,,,,,,,
34116-40,,248.0,288.0,318.0,318.0,348.0,398.0,448.0,498.0,1098.0,1248.0,,,,,,,,,,,,,,
34116-64,,88.0,108.0,123.0,123.0,143.0,163.0,183.0,203.0,363.0,423.0,,,,,,,,,,,,,,
34116-74,,88.0,108.0,123.0,123.0,143.0,163.0,183.0,203.0,363.0,423.0,,,,,,,,,,,,,,
34116-82,,248.0,288.0,318.0,318.0,348.0,398.0,448.0,498.0,1098.0,1248.0,,,,,,,,,,,,,,
34116-83,,248.0,288.0,318.0,318.0,348.0,398.0,448.0,498.0,1098.0,1248.0,,,,,,,,,,,,,,
34116-84,,248.0,288.0,318.0,318.0,348.0,398.0,448.0,498.0,1098.0,1248.0,,,,,,,,,,,,,,
34116-85,,248.0,288.0,318.0,318.0,348.0,398.0,448.0,498.0,1098.0,1248.0,,,,,,,,,,,,,,
34116-86,,248.0,288.0,318.0,318.0,348.0,398.0,448.0,498.0,1098.0,1248.0,,,,,,,,,,,,,,
34116-87,,248.0,288.0,318.0,318.0,348.0,398.0,448.0,498.0,1098.0,1248.0,,,,,,,,,,,,,,
34116-91,,198.0,238.0,268.0,268.0,298.0,348.0,398.0,448.0,1048.0,1198.0,,,,,,,,,,,,,,
34116-S3,,248.0,288.0,318.0,318.0,348.0,398.0,448.0,498.0,1098.0,1248.0,,,,,,,,,,,,,,
34116-H2,,45.0,50.0,55.0,55.0,60.0,65.0,70.0,75.0,180.0,205.0,,,,,,,,,,,,,,
34116-H3,,45.0,50.0,55.0,55.0,60.0,65.0,70.0,75.0,180.0,205.0,,,,,,,,,,,,,,
34116-H4,,45.0,50.0,55.0,55.0,60.0,65.0,70.0,75.0,180.0,205.0,,,,,,,,,,,,,,
31232-01,37232-01,1100.0,1140.0,1170.0,1170.0,1200.0,1250.0,1300.0,1350.0,1950.0,2100.0,,,1650.0,1650.0,1690.0,1740.0,1740.0,1785.0,1830.0,1875.0,1875.0,1920.0,1970.0,2460.0
31232-02,37232-02,630.0,650.0,665.0,665.0,685.0,705.0,725.0,745.0,1055.0,1130.0,,,780.0,780.0,820.0,870.0,870.0,915.0,960.0,1005.0,1005.0,1050.0,1100.0,1455.0
31232-03,37232-03,1012.0,1052.0,1082.0,1082.0,1112.0,1162.0,1212.0,1262.0,1862.0,2012.0,,,1412.0,1412.0,1452.0,1502.0,1502.0,1547.0,1592.0,1637.0,1637.0,1682.0,1732.0,2087.0
31232-04,37232-04,292.0,312.0,327.0,327.0,347.0,367.0,387.0,407.0,632.0,692.0,297.0,317.0,442.0,442.0,462.0,477.0,477.0,492.0,502.0,512.0,512.0,522.0,532.0,662.0
31232-07,37232-07,965.0,1005.0,1035.0,1035.0,1065.0,1115.0,1165.0,1215.0,1815.0,1965.0,,,1315.0,1315.0,1355.0,1405.0,1405.0,1450.0,1495.0,1540.0,1540.0,1585.0,1635.0,1990.0
31232-08,37232-08,965.0,1005.0,1035.0,1035.0,1065.0,1115.0,1165.0,1215.0,1815.0,1965.0,,,1315.0,1315.0,1355.0,1405.0,1405.0,1450.0,1495.0,1540.0,1540.0,1585.0,1635.0,1990.0
31232-09,37232-09,628.0,648.0,663.0,663.0,698.0,733.0,768.0,803.0,1223.0,1328.0,,,853.0,853.0,893.0,943.0,943.0,988.0,1033.0,1078.0,1078.0,1123.0,1153.0,1303.0
31232-10,37232-10,533.0,553.0,568.0,568.0,588.0,608.0,628.0,648.0,873.0,933.0,,,808.0,808.0,848.0,898.0,898.0,943.0,988.0,1033.0,1033.0,1078.0,1108.0,1258.0
31232-14,37232-14,817.0,837.0,852.0,852.0,867.0,887.0,907.0,927.0,1497.0,1617.0,,,1217.0,1217.0,1257.0,1307.0,1307.0,1352.0,1397.0,1442.0,1442.0,1487.0,1537.0,1892.0
31232-15,37232-15,942.0,982.0,1012.0,1012.0,1042.0,1092.0,1142.0,1192.0,1792.0,1942.0,,,1317.0,1317.0,1357.0,1407.0,1407.0,1452.0,1497.0,1542.0,1542.0,1587.0,1637.0,1992.0
31232-16,37232-16,942.0,982.0,1012.0,1012.0,1042.0,1092.0,1142.0,1192.0,1792.0,1942.0,,,1317.0,1317.0,1357.0,1407.0,1407.0,1452.0,1497.0,1542.0,1542.0,1587.0,1637.0,1992.0
31232-35,37232-35,942.0,982.0,1012.0,1012.0,1042.0,1092.0,1142.0,1192.0,1622.0,1742.0,,,1317.0,1317.0,1357.0,1407.0,1407.0,1452.0,1497.0,1542.0,1542.0,1587.0,1637.0,1992.0
31232-36,37232-36,942.0,982.0,1012.0,1012.0,1042.0,1092.0,1142.0,1192.0,1622.0,1742.0,,,1317.0,1317.0,1357.0,1407.0,1407.0,1452.0,1497.0,1542.0,1542.0,1587.0,1637.0,1992.0
31232-39,37232-39,1194.0,1234.0,1264.0,1264.0,1294.0,1344.0,1394.0,1444.0,2044.0,2194.0,,,1744.0,1744.0,1784.0,1834.0,1834.0,1879.0,1924.0,1969.0,1969.0,2014.0,2064.0,2554.0
31232-40,37232-40,1194.0,1234.0,1264.0,1264.0,1294.0,1344.0,1394.0,1444.0,2044.0,2194.0,,,1744.0,1744.0,1784.0,1834.0,1834.0,1879.0,1924.0,1969.0,1969.0,2014.0,2064.0,2554.0
31232-64,37232-64,389.0,409.0,424.0,424.0,444.0,464.0,484.0,504.0,664.0,724.0,394.0,414.0,464.0,464.0,484.0,499.0,499.0,514.0,524.0,534.0,534.0,544.0,554.0,684.0
31232-74,37232-74,386.0,406.0,421.0,421.0,441.0,461.0,481.0,501.0,661.0,721.0,391.0,411.0,461.0,461.0,481.0,496.0,496.0,511.0,521.0,531.0,531.0,541.0,551.0,681.0
31232-82,37232-82,1097.0,1137.0,1167.0,1167.0,1197.0,1247.0,1297.0,1347.0,1947.0,2097.0,,,1647.0,1647.0,1687.0,1737.0,1737.0,1782.0,1827.0,1872.0,1872.0,1917.0,1967.0,2322.0
31232-83,37232-83,1097.0,1137.0,1167.0,1167.0,1197.0,1247.0,1297.0,1347.0,1947.0,2097.0,,,1647.0,1647.0,1687.0,1737.0,1737.0,1782.0,1827.0,1872.0,1872.0,1917.0,1967.0,2322.0
31232-84,37232-84,1102.0,1142.0,1172.0,1172.0,1202.0,1252.0,1302.0,1352.0,1952.0,2102.0,,,1652.0,1652.0,1692.0,1742.0,1742.0,1787.0,1832.0,1877.0,1877.0,1922.0,1972.0,2327.0
31232-85,37232-85,1102.0,1142.0,1172.0,1172.0,1202.0,1252.0,1302.0,1352.0,1952.0,2102.0,,,1652.0,1652.0,1692.0,1742.0,1742.0,1787.0,1832.0,1877.0,1877.0,1922.0,1972.0,2327.0
31232-86,37232-86,1149.0,1189.0,1219.0,1219.0,1249.0,1299.0,1349.0,1399.0,1999.0,2149.0,,,1649.0,1649.0,1689.0,1739.0,1739.0,1784.0,1829.0,1874.0,1874.0,1919.0,1969.0,2324.0
31232-87,37232-87,1149.0,1189.0,1219.0,1219.0,1249.0,1299.0,1349.0,1399.0,1999.0,2149.0,,,1649.0,1649.0,1689.0,1739.0,1739.0,1784.0,1829.0,1874.0,1874.0,1919.0,1969.0,2324.0
31232-91,37232-91,1056.0,1096.0,1126.0,1126.0,1156.0,1206.0,1256.0,1306.0,1906.0,2056.0,,,1606.0,1606.0,1646.0,1696.0,1696.0,1741.0,1786.0,1831.0,1831.0,1876.0,1926.0,2281.0
31232-93,37232-93,386.0,406.0,421.0,421.0,441.0,461.0,481.0,501.0,661.0,721.0,391.0,411.0,486.0,486.0,506.0,521.0,521.0,536.0,546.0,556.0,556.0,566.0,576.0,706.0
31232-94,37232-94,389.0,409.0,424.0,424.0,444.0,464.0,484.0,504.0,664.0,724.0,394.0,414.0,489.0,489.0,509.0,524.0,524.0,539.0,549.0,559.0,559.0,569.0,579.0,709.0
31232-S3,37232-S3,1246.0,1286.0,1316.0,1316.0,1346.0,1396.0,1446.0,1496.0,2096.0,2246.0,,,1746.0,1746.0,1786.0,1836.0,1836.0,1881.0,1926.0,1971.0,1971.0,2016.0,2066.0,2556.0
31232-H2,37232-H2,136.0,141.0,146.0,146.0,151.0,156.0,161.0,166.0,271.0,296.0,,,166.0,166.0,171.0,176.0,176.0,181.0,186.0,191.0,191.0,196.0,201.0,241.0
31232-H3,37232-H3,150.0,155.0,160.0,160.0,165.0,170.0,175.0,180.0,285.0,310.0,,,180.0,180.0,185.0,190.0,190.0,195.0,200.0,205.0,205.0,210.0,215.0,255.0
31232-H4,37232-H4,165.0,170.0,175.0,175.0,180.0,185.0,190.0,195.0,300.0,325.0,,,195.0,195.0,200.0,205.0,205.0,210.0,215.0,220.0,220.0,225.0,230.0,270.0
34232-01,,218.0,258.0,288.0,288.0,318.0,368.0,418.0,468.0,1068.0,1218.0,,,,,,,,,,,,,,
34232-02,,148.0,168.0,183.0,183.0,203.0,223.0,243.0,263.0,573.0,648.0,,,,,,,,,,,,,,
34232-03,,178.0,218.0,248.0,248.0,278.0,328.0,378.0,428.0,1028.0,1178.0,,,,,,,,,,,,,,
34232-04,,53.0,73.0,88.0,88.0,108.0,128.0,148.0,168.0,393.0,453.0,,,,,,,,,,,,,,
34232-07,,178.0,218.0,248.0,248.0,278.0,328.0,378.0,428.0,1028.0,1178.0,,,,,,,,,,,,,,
34232-08,,178.0,218.0,248.0,248.0,278.0,328.0,378.0,428.0,1028.0,1178.0,,,,,,,,,,,,,,
34232-09,,138.0,158.0,173.0,173.0,208.0,243.0,278.0,313.0,733.0,838.0,,,,,,,,,,,,,,
34232-10,,123.0,143.0,158.0,158.0,178.0,198.0,218.0,238.0,463.0,523.0,,,,,,,,,,,,,,
34232-14,,158.0,178.0,193.0,193.0,208.0,228.0,248.0,268.0,838.0,958.0,,,,,,,,,,,,,,
34232-15,,158.0,198.0,228.0,228.0,258.0,308.0,358.0,408.0,1008.0,1158.0,,,,,,,,,,,,,,
34232-16,,158.0,198.0,228.0,228.0,258.0,308.0,358.0,408.0,1008.0,1158.0,,,,,,,,,,,,,,
34232-35,,158.0,198.0,228.0,228.0,258.0,308.0,358.0,408.0,838.0,958.0,,,,,,,,,,,,,,
34232-36,,158.0,198.0,228.0,228.0,258.0,308.0,358.0,408.0,838.0,958.0,,,,,,,,,,,,,,
34232-39,,248.0,288.0,318.0,318.0,348.0,398.0,448.0,498.0,1098.0,1248.0,,,,,,,,,,,,,,
34232-40,,248.0,288.0,318.0,318.0,348.0,398.0,448.0,498.0,1098.0,1248.0,,,,,,,,,,,,,,
34232-64,,88.0,108.0,123.0,123.0,143.0,163.0,183.0,203.0,363.0,423.0,,,,,,,,,,,,,,
34232-74,,88.0,108.0,123.0,123.0,143.0,163.0,183.0,203.0,363.0,423.0,,,,,,,,,,,,,,
34232-82,,248.0,288.0,318.0,318.0,348.0,398.0,448.0,498.0,1098.0,1248.0,,,,,,,,,,,,,,
34232-83,,248.0,288.0,318.0,318.0,348.0,398.0,448.0,498.0,1098.0,1248.0,,,,,,,,,,,,,,
34232-84,,248.0,288.0,318.0,318.0,348.0,398.0,448.0,498.0,1098.0,1248.0,,,,,,,,,,,,,,
34232-85,,248.0,288.0,318.0,318.0,348.0,398.0,448.0,498.0,1098.0,1248.0,,,,,,,,,,,,,,
34232-86,,248.0,288.0,318.0,318.0,348.0,398.0,448.0,498.0,1098.0,1248.0,,,,,,,,,,,,,,
34232-87,,248.0,288.0,318.0,318.0,348.0,398.0,448.0,498.0,1098.0,1248.0,,,,,,,,,,,,,,
34232-91,,198.0,238.0,268.0,268.0,298.0,348.0,398.0,448.0,1048.0,1198.0,,,,,,,,,,,,,,
34232-S3,,248.0,288.0,318.0,318.0,348.0,398.0,448.0,498.0,1098.0,1248.0,,,,,,,,,,,,,,
34232-H2,,45.0,50.0,55.0,55.0,60.0,65.0,70.0,75.0,180.0,205.0,,,,,,,,,,,,,,
34232-H3,,45.0,50.0,55.0,55.0,60.0,65.0,70.0,75.0,180.0,205.0,,,,,,,,,,,,,,
34232-H4,,45.0,50.0,55.0,55.0,60.0,65.0,70.0,75.0,180.0,205.0,,,,,,,,,,,,,,
30154-01,37154-01,924.0,964.0,994.0,994.0,1024.0,1074.0,1124.0,1174.0,1774.0,1924.0,,,1534.0,1534.0,1574.0,1624.0,1624.0,1669.0,1714.0,1759.0,1759.0,1804.0,1854.0,2344.0
30154-02,37154-02,599.0,619.0,634.0,634.0,654.0,674.0,694.0,714.0,1024.0,1099.0,,,774.0,774.0,814.0,864.0,864.0,909.0,954.0,999.0,999.0,1044.0,1094.0,1449.0
30154-03,37154-03,809.0,849.0,879.0,879.0,909.0,959.0,1009.0,1059.0,1659.0,1809.0,,,1334.0,1334.0,1374.0,1424.0,1424.0,1469.0,1514.0,1559.0,1559.0,1604.0,1654.0,2009.0
30154-04,37154-04,222.0,242.0,257.0,257.0,277.0,297.0,317.0,337.0,562.0,622.0,,,372.0,372.0,392.0,407.0,407.0,422.0,432.0,442.0,442.0,452.0,462.0,592.0
30154-95,37154-95,522.0,542.0,557.0,557.0,577.0,597.0,617.0,637.0,862.0,922.0,,,712.0,712.0,752.0,802.0,802.0,847.0,892.0,937.0,937.0,982.0,1032.0,1387.0
30154-S3,37154-S3,1018.0,1058.0,1088.0,1088.0,1118.0,1168.0,1218.0,1268.0,1868.0,2018.0,,,1628.0,1628.0,1668.0,1718.0,1718.0,1763.0,1808.0,1853.0,1853.0,1898.0,1948.0,2438.0
30155-01,37155-01,824.0,864.0,894.0,894.0,924.0,974.0,1024.0,1074.0,1674.0,1824.0,,,1434.0,1434.0,1474.0,1524.0,1524.0,1569.0,1614.0,1659.0,1659.0,1704.0,1754.0,2244.0
30155-02,37155-02,499.0,519.0,534.0,534.0,554.0,574.0,594.0,614.0,924.0,999.0,,,724.0,724.0,764.0,814.0,814.0,859.0,904.0,949.0,949.0,994.0,1044.0,1399.0
30155-03,37155-03,709.0,749.0,779.0,779.0,809.0,859.0,909.0,959.0,1559.0,1709.0,,,1234.0,1234.0,1274.0,1324.0,1324.0,1369.0,1414.0,1459.0,1459.0,1504.0,1554.0,1909.0
30155-04,37155-04,222.0,242.0,257.0,257.0,277.0,297.0,317.0,337.0,562.0,622.0,,,372.0,372.0,392.0,407.0,407.0,422.0,432.0,442.0,442.0,452.0,462.0,592.0
30155-95,37155-95,442.0,462.0,477.0,477.0,497.0,517.0,537.0,557.0,782.0,842.0,,,632.0,632.0,672.0,722.0,722.0,767.0,812.0,857.0,857.0,902.0,952.0,1307.0
30155-S3,37155-S3,918.0,958.0,988.0,988.0,1018.0,1068.0,1118.0,1168.0,1768.0,1918.0,,,1528.0,1528.0,1568.0,1618.0,1618.0,1663.0,1708.0,1753.0,1753.0,1798.0,1848.0,2338.0
30132-01,37132-01,770.0,810.0,840.0,840.0,870.0,920.0,970.0,1020.0,1620.0,1770.0,,,1295.0,1295.0,1335.0,1385.0,1385.0,1430.0,1475.0,1520.0,1520.0,1565.0,1615.0,2105.0
30132-02,37132-02,446.0,466.0,481.0,481.0,501.0,521.0,541.0,561.0,871.0,946.0,501.0,521.0,696.0,696.0,736.0,786.0,786.0,831.0,876.0,921.0,921.0,966.0,1016.0,1371.0
30132-03,37132-03,679.0,719.0,749.0,749.0,779.0,829.0,879.0,929.0,1529.0,1679.0,,,1204.0,1204.0,1244.0,1294.0,1294.0,1339.0,1384.0,1429.0,1429.0,1474.0,1524.0,1879.0
30132-04,37132-04,239.0,259.0,274.0,274.0,294.0,314.0,334.0,354.0,579.0,639.0,294.0,314.0,339.0,339.0,359.0,374.0,374.0,389.0,399.0,409.0,409.0,419.0,429.0,559.0
30132-07,37132-07,609.0,649.0,679.0,679.0,709.0,759.0,809.0,859.0,1459.0,1609.0,,,1084.0,1084.0,1124.0,1174.0,1174.0,1219.0,1264.0,1309.0,1309.0,1354.0,1404.0,1759.0
30132-08,37132-08,609.0,649.0,679.0,679.0,709.0,759.0,809.0,859.0,1459.0,1609.0,,,1084.0,1084.0,1124.0,1174.0,1174.0,1219.0,1264.0,1309.0,1309.0,1354.0,1404.0,1759.0
30132-15,37132-15,613.0,653.0,683.0,683.0,713.0,763.0,813.0,863.0,1463.0,1613.0,,,1088.0,1088.0,1128.0,1178.0,1178.0,1223.0,1268.0,1313.0,1313.0,1358.0,1408.0,1763.0
30132-16,37132-16,613.0,653.0,683.0,683.0,713.0,763.0,813.0,863.0,1463.0,1613.0,,,1088.0,1088.0,1128.0,1178.0,1178.0,1223.0,1268.0,1313.0,1313.0,1358.0,1408.0,1763.0
30132-S3,37132-S3,861.0,901.0,931.0,931.0,961.0,1011.0,1061.0,1111.0,1711.0,1861.0,,,1386.0,1386.0,1426.0,1476.0,1476.0,1521.0,1566.0,1611.0,1611.0,1656.0,1706.0,2196.0
30133-01,37133-01,770.0,810.0,840.0,840.0,870.0,920.0,970.0,1020.0,1620.0,1770.0,,,1295.0,1295.0,1335.0,1385.0,1385.0,1430.0,1475.0,1520.0,1520.0,1565.0,1615.0,2105.0
30133-02,37133-02,446.0,466.0,481.0,481.0,501.0,521.0,541.0,561.0,871.0,946.0,501.0,521.0,696.0,696.0,736.0,786.0,786.0,831.0,876.0,921.0,921.0,966.0,1016.0,1371.0
30133-03,37133-03,679.0,719.0,749.0,749.0,779.0,829.0,879.0,929.0,1529.0,1679.0,,,1204.0,1204.0,1244.0,1294.0,1294.0,1339.0,1384.0,1429.0,1429.0,1474.0,1524.0,1879.0
30133-04,37133-04,239.0,259.0,274.0,274.0,294.0,314.0,334.0,354.0,579.0,639.0,294.0,314.0,339.0,339.0,359.0,374.0,374.0,389.0,399.0,409.0,409.0,419.0,429.0,559.0
30133-07,37133-07,609.0,649.0,679.0,679.0,709.0,759.0,809.0,859.0,1459.0,1609.0,,,1084.0,1084.0,1124.0,1174.0,1174.0,1219.0,1264.0,1309.0,1309.0,1354.0,1404.0,1759.0
30133-08,37133-08,609.0,649.0,679.0,679.0,709.0,759.0,809.0,859.0,1459.0,1609.0,,,1084.0,1084.0,1124.0,1174.0,1174.0,1219.0,1264.0,1309.0,1309.0,1354.0,1404.0,1759.0
30133-15,37133-15,613.0,653.0,683.0,683.0,713.0,763.0,813.0,863.0,1463.0,1613.0,,,1088.0,1088.0,1128.0,1178.0,1178.0,1223.0,1268.0,1313.0,1313.0,1358.0,1408.0,1763.0
30133-16,37133-16,613.0,653.0,683.0,683.0,713.0,763.0,813.0,863.0,1463.0,1613.0,,,1088.0,1088.0,1128.0,1178.0,1178.0,1223.0,1268.0,1313.0,1313.0,1358.0,1408.0,1763.0
30133-S3,37133-S3,861.0,901.0,931.0,931.0,961.0,1011.0,1061.0,1111.0,1711.0,1861.0,,,1386.0,1386.0,1426.0,1476.0,1476.0,1521.0,1566.0,1611.0,1611.0,1656.0,1706.0,2196.0
30148-01,37148-01,1347.0,1387.0,1417.0,1417.0,1447.0,1497.0,1547.0,1597.0,2197.0,2347.0,,,1947.0,1947.0,1987.0,2037.0,2037.0,2082.0,2127.0,2172.0,2172.0,2217.0,2267.0,2757.0
30148-03,37148-03,1285.0,1325.0,1355.0,1355.0,1385.0,1435.0,1485.0,1535.0,2135.0,2285.0,,,1860.0,1860.0,1900.0,1950.0,1950.0,1995.0,2040.0,2085.0,2085.0,2130.0,2180.0,2535.0
30148-07,37148-07,1062.0,1102.0,1132.0,1132.0,1162.0,1212.0,1262.0,1312.0,1912.0,2062.0,,,1662.0,1662.0,1702.0,1752.0,1752.0,1797.0,1842.0,1887.0,1887.0,1932.0,1982.0,2337.0
30148-08,37148-08,1062.0,1102.0,1132.0,1132.0,1162.0,1212.0,1262.0,1312.0,1912.0,2062.0,,,1662.0,1662.0,1702.0,1752.0,1752.0,1797.0,1842.0,1887.0,1887.0,1932.0,1982.0,2337.0
30148-09,37148-09,629.0,649.0,664.0,664.0,699.0,734.0,769.0,804.0,1224.0,1329.0,,,779.0,779.0,819.0,869.0,869.0,914.0,959.0,1004.0,1004.0,1049.0,1079.0,1229.0
30148-10,37148-10,482.0,502.0,517.0,517.0,537.0,557.0,577.0,597.0,822.0,882.0,,,632.0,632.0,672.0,722.0,722.0,767.0,812.0,857.0,857.0,902.0,932.0,1082.0
30148-14,37148-14,1014.0,1034.0,1049.0,1049.0,1064.0,1084.0,1104.0,1124.0,1694.0,1814.0,,,1414.0,1414.0,1454.0,1504.0,1504.0,1549.0,1594.0,1639.0,1639.0,1684.0,1734.0,2089.0
30148-15,37148-15,914.0,954.0,984.0,984.0,1014.0,1064.0,1114.0,1164.0,1764.0,1914.0,,,1364.0,1364.0,1404.0,1454.0,1454.0,1499.0,1544.0,1589.0,1589.0,1634.0,1684.0,2039.0
30148-16,37148-16,914.0,954.0,984.0,984.0,1014.0,1064.0,1114.0,1164.0,1764.0,1914.0,,,1364.0,1364.0,1404.0,1454.0,1454.0,1499.0,1544.0,1589.0,1589.0,1634.0,1684.0,2039.0
30148-35,37148-35,864.0,904.0,934.0,934.0,964.0,1014.0,1064.0,1114.0,1544.0,1664.0,,,1264.0,1264.0,1304.0,1354.0,1354.0,1399.0,1444.0,1489.0,1489.0,1534.0,1584.0,1939.0
30148-36,37148-36,864.0,904.0,934.0,934.0,964.0,1014.0,1064.0,1114.0,1544.0,1664.0,,,1264.0,1264.0,1304.0,1354.0,1354.0,1399.0,1444.0,1489.0,1489.0,1534.0,1584.0,1939.0
30148-54,37148-54,663.0,703.0,733.0,733.0,763.0,813.0,863.0,913.0,1088.0,1163.0,,,863.0,863.0,903.0,953.0,953.0,998.0,1043.0,1088.0,1088.0,1133.0,1183.0,1538.0
30148-64,37148-64,302.0,322.0,337.0,337.0,357.0,377.0,397.0,417.0,577.0,637.0,,,392.0,392.0,412.0,427.0,427.0,442.0,452.0,462.0,462.0,472.0,482.0,612.0
30148-65,37148-65,44.0,49.0,54.0,54.0,59.0,69.0,79.0,84.0,214.0,244.0,,,64.0,64.0,69.0,74.0,74.0,79.0,89.0,99.0,99.0,109.0,114.0,139.0
30148-66,37148-66,49.0,54.0,59.0,59.0,64.0,74.0,84.0,89.0,219.0,249.0,,,69.0,69.0,74.0,79.0,79.0,84.0,94.0,104.0,104.0,114.0,119.0,144.0
30148-74,37148-74,320.0,340.0,355.0,355.0,375.0,395.0,415.0,435.0,595.0,655.0,,,420.0,420.0,440.0,455.0,455.0,470.0,480.0,490.0,490.0,500.0,510.0,640.0
30148-86,37148-86,1395.0,1435.0,1465.0,1465.0,1495.0,1545.0,1595.0,1645.0,2245.0,2395.0,,,1945.0,1945.0,1985.0,2035.0,2035.0,2080.0,2125.0,2170.0,2170.0,2215.0,2265.0,2620.0
30148-87,37148-87,1395.0,1435.0,1465.0,1465.0,1495.0,1545.0,1595.0,1645.0,2245.0,2395.0,,,1945.0,1945.0,1985.0,2035.0,2035.0,2080.0,2125.0,2170.0,2170.0,2215.0,2265.0,2620.0
30148-S3,37148-S3,1442.0,1482.0,1512.0,1512.0,1542.0,1592.0,1642.0,1692.0,2292.0,2442.0,,,2042.0,2042.0,2082.0,2132.0,2132.0,2177.0,2222.0,2267.0,2267.0,2312.0,2362.0,2852.0
30147-01,37147-01,950.0,990.0,1020.0,1020.0,1050.0,1100.0,1150.0,1200.0,1800.0,1950.0,,,1465.0,1465.0,1505.0,1555.0,1555.0,1600.0,1645.0,1690.0,1690.0,1735.0,1785.0,2275.0
30147-02,37147-02,585.0,605.0,620.0,620.0,640.0,660.0,680.0,700.0,1010.0,1085.0,,,685.0,685.0,725.0,775.0,775.0,820.0,865.0,910.0,910.0,955.0,1005.0,1360.0
30147-03,37147-03,870.0,910.0,940.0,940.0,970.0,1020.0,1070.0,1120.0,1720.0,1870.0,,,1270.0,1270.0,1310.0,1360.0,1360.0,1405.0,1450.0,1495.0,1495.0,1540.0,1590.0,1945.0
30159-01,37159-01,1218.0,1258.0,1288.0,1288.0,1318.0,1368.0,1418.0,1468.0,2068.0,2218.0,,,1718.0,1718.0,1758.0,1808.0,1808.0,1853.0,1898.0,1943.0,1943.0,1988.0,2038.0,2528.0
30159-02,37159-02,754.0,774.0,789.0,789.0,809.0,829.0,849.0,869.0,1179.0,1254.0,,,1054.0,1054.0,1094.0,1144.0,1144.0,1189.0,1234.0,1279.0,1279.0,1324.0,1374.0,1729.0
30159-03,37159-03,1100.0,1140.0,1170.0,1170.0,1200.0,1250.0,1300.0,1350.0,1950.0,2100.0,,,1600.0,1600.0,1640.0,1690.0,1690.0,1735.0,1780.0,1825.0,1825.0,1870.0,1920.0,2275.0
30159-07,37159-07,1007.0,1047.0,1077.0,1077.0,1107.0,1157.0,1207.0,1257.0,1857.0,2007.0,,,1507.0,1507.0,1547.0,1597.0,1597.0,1642.0,1687.0,1732.0,1732.0,1777.0,1827.0,2182.0
30159-08,37159-08,1007.0,1047.0,1077.0,1077.0,1107.0,1157.0,1207.0,1257.0,1857.0,2007.0,,,1507.0,1507.0,1547.0,1597.0,1597.0,1642.0,1687.0,1732.0,1732.0,1777.0,1827.0,2182.0
30159-09,37159-09,663.0,683.0,698.0,698.0,733.0,768.0,803.0,838.0,1258.0,1363.0,,,963.0,963.0,1003.0,1053.0,1053.0,1098.0,1143.0,1188.0,1188.0,1233.0,1263.0,1413.0
30159-10,37159-10,644.0,664.0,679.0,679.0,699.0,719.0,739.0,759.0,984.0,1044.0,,,944.0,944.0,984.0,1034.0,1034.0,1079.0,1124.0,1169.0,1169.0,1214.0,1244.0,1394.0
30159-11,37159-11,686.0,706.0,721.0,721.0,756.0,791.0,826.0,861.0,1281.0,1386.0,,,986.0,986.0,1026.0,1076.0,1076.0,1121.0,1166.0,1211.0,1211.0,1256.0,1286.0,1436.0
30159-12,37159-12,686.0,706.0,721.0,721.0,756.0,791.0,826.0,861.0,1281.0,1386.0,,,986.0,986.0,1026.0,1076.0,1076.0,1121.0,1166.0,1211.0,1211.0,1256.0,1286.0,1436.0
30159-14,37159-14,939.0,959.0,974.0,974.0,989.0,1009.0,1029.0,1049.0,1619.0,1739.0,,,1439.0,1439.0,1479.0,1529.0,1529.0,1574.0,1619.0,1664.0,1664.0,1709.0,1759.0,2114.0
30159-15,37159-15,908.0,948.0,978.0,978.0,1008.0,1058.0,1108.0,1158.0,1758.0,1908.0,,,1258.0,1258.0,1298.0,1348.0,1348.0,1393.0,1438.0,1483.0,1483.0,1528.0,1578.0,1933.0
30159-16,37159-16,908.0,948.0,978.0,978.0,1008.0,1058.0,1108.0,1158.0,1758.0,1908.0,,,1258.0,1258.0,1298.0,1348.0,1348.0,1393.0,1438.0,1483.0,1483.0,1528.0,1578.0,1933.0
30159-17,37159-17,999.0,1039.0,1069.0,1069.0,1099.0,1149.0,1199.0,1249.0,1849.0,1999.0,,,1349.0,1349.0,1389.0,1439.0,1439.0,1484.0,1529.0,1574.0,1574.0,1619.0,1669.0,2024.0
30159-18,37159-18,999.0,1039.0,1069.0,1069.0,1099.0,1149.0,1199.0,1249.0,1849.0,1999.0,,,1349.0,1349.0,1389.0,1439.0,1439.0,1484.0,1529.0,1574.0,1574.0,1619.0,1669.0,2024.0
30159-35,37159-35,914.0,954.0,984.0,984.0,1014.0,1064.0,1114.0,1164.0,1594.0,1714.0,,,1264.0,1264.0,1304.0,1354.0,1354.0,1399.0,1444.0,1489.0,1489.0,1534.0,1584.0,1939.0
30159-36,37159-36,914.0,954.0,984.0,984.0,1014.0,1064.0,1114.0,1164.0,1594.0,1714.0,,,1264.0,1264.0,1304.0,1354.0,1354.0,1399.0,1444.0,1489.0,1489.0,1534.0,1584.0,1939.0
30159-86,37159-86,1125.0,1165.0,1195.0,1195.0,1225.0,1275.0,1325.0,1375.0,1975.0,2125.0,,,1625.0,1625.0,1665.0,1715.0,1715.0,1760.0,1805.0,1850.0,1850.0,1895.0,1945.0,2300.0
30159-87,37159-87,1125.0,1165.0,1195.0,1195.0,1225.0,1275.0,1325.0,1375.0,1975.0,2125.0,,,1625.0,1625.0,1665.0,1715.0,1715.0,1760.0,1805.0,1850.0,1850.0,1895.0,1945.0,2300.0
30159-92,37159-92,1032.0,1072.0,1102.0,1102.0,1132.0,1182.0,1232.0,1282.0,1882.0,2032.0,,,1532.0,1532.0,1572.0,1622.0,1622.0,1667.0,1712.0,1757.0,1757.0,1802.0,1852.0,2207.0
30159-94,37159-94,479.0,499.0,514.0,514.0,534.0,554.0,574.0,594.0,754.0,814.0,,,629.0,629.0,649.0,664.0,664.0,679.0,689.0,699.0,699.0,709.0,719.0,849.0
30159-DC,37159-DC,914.0,954.0,984.0,984.0,1014.0,1064.0,1114.0,1164.0,1339.0,1414.0,,,1039.0,1039.0,1079.0,1129.0,1129.0,1174.0,1219.0,1264.0,1264.0,1309.0,1359.0,1714.0
30159-DS,37159-DS,693.0,733.0,763.0,763.0,793.0,843.0,893.0,943.0,1118.0,1193.0,,,868.0,868.0,908.0,958.0,958.0,1003.0,1048.0,1093.0,1093.0,1138.0,1188.0,1543.0
30159-DA,37159-DA,593.0,633.0,663.0,663.0,693.0,743.0,793.0,843.0,1018.0,1093.0,,,768.0,768.0,808.0,858.0,858.0,903.0,948.0,993.0,993.0,1038.0,1088.0,1443.0
30159-DR,37159-DR,643.0,683.0,713.0,713.0,743.0,793.0,843.0,893.0,1068.0,1143.0,,,818.0,818.0,858.0,908.0,908.0,953.0,998.0,1043.0,1043.0,1088.0,1138.0,1493.0
30159-DL,37159-DL,643.0,683.0,713.0,713.0,743.0,793.0,843.0,893.0,1068.0,1143.0,,,818.0,818.0,858.0,908.0,908.0,953.0,998.0,1043.0,1043.0,1088.0,1138.0,1493.0
30159-QC,37159-QC,1006.0,1046.0,1076.0,1076.0,1106.0,1156.0,1206.0,1256.0,1431.0,1506.0,,,1131.0,1131.0,1171.0,1221.0,1221.0,1266.0,1311.0,1356.0,1356.0,1401.0,1451.0,1806.0
30159-QS,37159-QS,743.0,783.0,813.0,813.0,843.0,893.0,943.0,993.0,1168.0,1243.0,,,918.0,918.0,958.0,1008.0,1008.0,1053.0,1098.0,1143.0,1143.0,1188.0,1238.0,1593.0
30159-QA,37159-QA,643.0,683.0,713.0,713.0,743.0,793.0,843.0,893.0,1068.0,1143.0,,,818.0,818.0,858.0,908.0,908.0,953.0,998.0,1043.0,1043.0,1088.0,1138.0,1493.0
30159-QR,37159-QR,693.0,733.0,763.0,763.0,793.0,843.0,893.0,943.0,1118.0,1193.0,,,868.0,868.0,908.0,958.0,958.0,1003.0,1048.0,1093.0,1093.0,1138.0,1188.0,1543.0
30159-QL,37159-QL,693.0,733.0,763.0,763.0,793.0,843.0,893.0,943.0,1118.0,1193.0,,,868.0,868.0,908.0,958.0,958.0,1003.0,1048.0,1093.0,1093.0,1138.0,1188.0,1543.0
30159-SC,37159-SC,835.0,875.0,905.0,905.0,935.0,985.0,1035.0,1085.0,1260.0,1335.0,,,960.0,960.0,1000.0,1050.0,1050.0,1095.0,1140.0,1185.0,1185.0,1230.0,1280.0,1635.0
30159-SS,37159-SS,605.0,645.0,675.0,675.0,705.0,755.0,805.0,855.0,1030.0,1105.0,,,780.0,780.0,820.0,870.0,870.0,915.0,960.0,1005.0,1005.0,1050.0,1100.0,1455.0
30160-01,37160-01,1221.0,1261.0,1291.0,1291.0,1321.0,1371.0,1421.0,1471.0,2071.0,2221.0,,,1721.0,1721.0,1761.0,1811.0,1811.0,1856.0,1901.0,1946.0,1946.0,1991.0,2041.0,2531.0
30160-02,37160-02,758.0,778.0,793.0,793.0,813.0,833.0,853.0,873.0,1183.0,1258.0,,,1058.0,1058.0,1098.0,1148.0,1148.0,1193.0,1238.0,1283.0,1283.0,1328.0,1378.0,1733.0
30160-03,37160-03,1104.0,1144.0,1174.0,1174.0,1204.0,1254.0,1304.0,1354.0,1954.0,2104.0,,,1604.0,1604.0,1644.0,1694.0,1694.0,1739.0,1784.0,1829.0,1829.0,1874.0,1924.0,2279.0
30160-07,37160-07,1009.0,1049.0,1079.0,1079.0,1109.0,1159.0,1209.0,1259.0,1859.0,2009.0,,,1509.0,1509.0,1549.0,1599.0,1599.0,1644.0,1689.0,1734.0,1734.0,1779.0,1829.0,2184.0
30160-08,37160-08,1009.0,1049.0,1079.0,1079.0,1109.0,1159.0,1209.0,1259.0,1859.0,2009.0,,,1509.0,1509.0,1549.0,1599.0,1599.0,1644.0,1689.0,1734.0,1734.0,1779.0,1829.0,2184.0
30160-09,37160-09,663.0,683.0,698.0,698.0,733.0,768.0,803.0,838.0,1258.0,1363.0,,,963.0,963.0,1003.0,1053.0,1053.0,1098.0,1143.0,1188.0,1188.0,1233.0,1263.0,1413.0
30160-10,37160-10,644.0,664.0,679.0,679.0,699.0,719.0,739.0,759.0,984.0,1044.0,,,944.0,944.0,984.0,1034.0,1034.0,1079.0,1124.0,1169.0,1169.0,1214.0,1244.0,1394.0
30160-11,37160-11,688.0,708.0,723.0,723.0,758.0,793.0,828.0,863.0,1283.0,1388.0,,,988.0,988.0,1028.0,1078.0,1078.0,1123.0,1168.0,1213.0,1213.0,1258.0,1288.0,1438.0
30160-12,37160-12,688.0,708.0,723.0,723.0,758.0,793.0,828.0,863.0,1283.0,1388.0,,,988.0,988.0,1028.0,1078.0,1078.0,1123.0,1168.0,1213.0,1213.0,1258.0,1288.0,1438.0
30160-14,37160-14,939.0,959.0,974.0,974.0,989.0,1009.0,1029.0,1049.0,1619.0,1739.0,,,1439.0,1439.0,1479.0,1529.0,1529.0,1574.0,1619.0,1664.0,1664.0,1709.0,1759.0,2114.0
30160-15,37160-15,918.0,958.0,988.0,988.0,1018.0,1068.0,1118.0,1168.0,1768.0,1918.0,,,1268.0,1268.0,1308.0,1358.0,1358.0,1403.0,1448.0,1493.0,1493.0,1538.0,1588.0,1943.0
30160-16,37160-16,918.0,958.0,988.0,988.0,1018.0,1068.0,1118.0,1168.0,1768.0,1918.0,,,1268.0,1268.0,1308.0,1358.0,1358.0,1403.0,1448.0,1493.0,1493.0,1538.0,1588.0,1943.0
30160-17,37160-17,1010.0,1050.0,1080.0,1080.0,1110.0,1160.0,1210.0,1260.0,1860.0,2010.0,,,1360.0,1360.0,1400.0,1450.0,1450.0,1495.0,1540.0,1585.0,1585.0,1630.0,1680.0,2035.0
30160-18,37160-18,1010.0,1050.0,1080.0,1080.0,1110.0,1160.0,1210.0,1260.0,1860.0,2010.0,,,1360.0,1360.0,1400.0,1450.0,1450.0,1495.0,1540.0,1585.0,1585.0,1630.0,1680.0,2035.0
30160-35,37160-35,914.0,954.0,984.0,984.0,1014.0,1064.0,1114.0,1164.0,1594.0,1714.0,,,1264.0,1264.0,1304.0,1354.0,1354.0,1399.0,1444.0,1489.0,1489.0,1534.0,1584.0,1939.0
30160-36,37160-36,914.0,954.0,984.0,984.0,1014.0,1064.0,1114.0,1164.0,1594.0,1714.0,,,1264.0,1264.0,1304.0,1354.0,1354.0,1399.0,1444.0,1489.0,1489.0,1534.0,1584.0,1939.0
30160-86,37160-86,1127.0,1167.0,1197.0,1197.0,1227.0,1277.0,1327.0,1377.0,1977.0,2127.0,,,1627.0,1627.0,1667.0,1717.0,1717.0,1762.0,1807.0,1852.0,1852.0,1897.0,1947.0,2302.0
30160-87,37160-87,1127.0,1167.0,1197.0,1197.0,1227.0,1277.0,1327.0,1377.0,1977.0,2127.0,,,1627.0,1627.0,1667.0,1717.0,1717.0,1762.0,1807.0,1852.0,1852.0,1897.0,1947.0,2302.0
30160-92,37160-92,1032.0,1072.0,1102.0,1102.0,1132.0,1182.0,1232.0,1282.0,1882.0,2032.0,,,1532.0,1532.0,1572.0,1622.0,1622.0,1667.0,1712.0,1757.0,1757.0,1802.0,1852.0,2207.0
30160-94,37160-94,479.0,499.0,514.0,514.0,534.0,554.0,574.0,594.0,754.0,814.0,,,629.0,629.0,649.0,664.0,664.0,679.0,689.0,699.0,699.0,709.0,719.0,849.0
30160-DC,37160-DC,914.0,954.0,984.0,984.0,1014.0,1064.0,1114.0,1164.0,1339.0,1414.0,,,1039.0,1039.0,1079.0,1129.0,1129.0,1174.0,1219.0,1264.0,1264.0,1309.0,1359.0,1714.0
30160-DS,37160-DS,695.0,735.0,765.0,765.0,795.0,845.0,895.0,945.0,1120.0,1195.0,,,870.0,870.0,910.0,960.0,960.0,1005.0,1050.0,1095.0,1095.0,1140.0,1190.0,1545.0
30160-DA,37160-DA,595.0,635.0,665.0,665.0,695.0,745.0,795.0,845.0,1020.0,1095.0,,,770.0,770.0,810.0,860.0,860.0,905.0,950.0,995.0,995.0,1040.0,1090.0,1445.0
30160-DR,37160-DR,645.0,685.0,715.0,715.0,745.0,795.0,845.0,895.0,1070.0,1145.0,,,820.0,820.0,860.0,910.0,910.0,955.0,1000.0,1045.0,1045.0,1090.0,1140.0,1495.0
30160-DL,37160-DL,645.0,685.0,715.0,715.0,745.0,795.0,845.0,895.0,1070.0,1145.0,,,820.0,820.0,860.0,910.0,910.0,955.0,1000.0,1045.0,1045.0,1090.0,1140.0,1495.0
30160-QC,37160-QC,1006.0,1046.0,1076.0,1076.0,1106.0,1156.0,1206.0,1256.0,1431.0,1506.0,,,1131.0,1131.0,1171.0,1221.0,1221.0,1266.0,1311.0,1356.0,1356.0,1401.0,1451.0,1806.0
30160-QS,37160-QS,745.0,785.0,815.0,815.0,845.0,895.0,945.0,995.0,1170.0,1245.0,,,920.0,920.0,960.0,1010.0,1010.0,1055.0,1100.0,1145.0,1145.0,1190.0,1240.0,1595.0
30160-QA,37160-QA,645.0,685.0,715.0,715.0,745.0,795.0,845.0,895.0,1070.0,1145.0,,,820.0,820.0,860.0,910.0,910.0,955.0,1000.0,1045.0,1045.0,1090.0,1140.0,1495.0
30160-QR,37160-QR,695.0,735.0,765.0,765.0,795.0,845.0,895.0,945.0,1120.0,1195.0,,,870.0,870.0,910.0,960.0,960.0,1005.0,1050.0,1095.0,1095.0,1140.0,1190.0,1545.0
30160-QL,37160-QL,695.0,735.0,765.0,765.0,795.0,845.0,895.0,945.0,1120.0,1195.0,,,870.0,870.0,910.0,960.0,960.0,1005.0,1050.0,1095.0,1095.0,1140.0,1190.0,1545.0
30160-SC,37160-SC,835.0,875.0,905.0,905.0,935.0,985.0,1035.0,1085.0,1260.0,1335.0,,,960.0,960.0,1000.0,1050.0,1050.0,1095.0,1140.0,1185.0,1185.0,1230.0,1280.0,1635.0
30160-SS,37160-SS,605.0,645.0,675.0,675.0,705.0,755.0,805.0,855.0,1030.0,1105.0,,,780.0,780.0,820.0,870.0,870.0,915.0,960.0,1005.0,1005.0,1050.0,1100.0,1455.0
30095-01,37095-01,838.0,878.0,908.0,908.0,938.0,988.0,1038.0,1088.0,1688.0,1838.0,,,1438.0,1438.0,1478.0,1528.0,1528.0,1573.0,1618.0,1663.0,1663.0,1708.0,1758.0,2248.0
30095-02,37095-02,376.0,396.0,411.0,411.0,431.0,451.0,471.0,491.0,801.0,876.0,,,726.0,726.0,766.0,816.0,816.0,861.0,906.0,951.0,951.0,996.0,1046.0,1401.0
30095-03,37095-03,803.0,843.0,873.0,873.0,903.0,953.0,1003.0,1053.0,1653.0,1803.0,,,1228.0,1228.0,1268.0,1318.0,1318.0,1363.0,1408.0,1453.0,1453.0,1498.0,1548.0,1903.0
30095-04,37095-04,314.0,334.0,349.0,349.0,369.0,389.0,409.0,429.0,654.0,714.0,,,389.0,389.0,409.0,424.0,424.0,439.0,449.0,459.0,459.0,469.0,479.0,609.0
30095-07,37095-07,757.0,797.0,827.0,827.0,857.0,907.0,957.0,1007.0,1607.0,1757.0,,,1132.0,1132.0,1172.0,1222.0,1222.0,1267.0,1312.0,1357.0,1357.0,1402.0,1452.0,1807.0
30095-08,37095-08,757.0,797.0,827.0,827.0,857.0,907.0,957.0,1007.0,1607.0,1757.0,,,1132.0,1132.0,1172.0,1222.0,1222.0,1267.0,1312.0,1357.0,1357.0,1402.0,1452.0,1807.0
30095-15,37095-15,763.0,803.0,833.0,833.0,863.0,913.0,963.0,1013.0,1613.0,1763.0,,,1138.0,1138.0,1178.0,1228.0,1228.0,1273.0,1318.0,1363.0,1363.0,1408.0,1458.0,1813.0
30095-16,37095-16,763.0,803.0,833.0,833.0,863.0,913.0,963.0,1013.0,1613.0,1763.0,,,1138.0,1138.0,1178.0,1228.0,1228.0,1273.0,1318.0,1363.0,1363.0,1408.0,1458.0,1813.0
30095-17,37095-17,782.0,822.0,852.0,852.0,882.0,932.0,982.0,1032.0,1632.0,1782.0,,,1182.0,1182.0,1222.0,1272.0,1272.0,1317.0,1362.0,1407.0,1407.0,1452.0,1502.0,1857.0
30095-18,37095-18,782.0,822.0,852.0,852.0,882.0,932.0,982.0,1032.0,1632.0,1782.0,,,1182.0,1182.0,1222.0,1272.0,1272.0,1317.0,1362.0,1407.0,1407.0,1452.0,1502.0,1857.0
30095-24,37095-24,331.0,351.0,366.0,366.0,386.0,406.0,426.0,446.0,671.0,731.0,,,531.0,531.0,571.0,621.0,621.0,666.0,711.0,756.0,756.0,801.0,831.0,981.0
30095-86,37095-86,912.0,952.0,982.0,982.0,1012.0,1062.0,1112.0,1162.0,1762.0,1912.0,,,1487.0,1487.0,1527.0,1577.0,1577.0,1622.0,1667.0,1712.0,1712.0,1757.0,1807.0,2162.0
30095-87,37095-87,912.0,952.0,982.0,982.0,1012.0,1062.0,1112.0,1162.0,1762.0,1912.0,,,1487.0,1487.0,1527.0,1577.0,1577.0,1622.0,1667.0,1712.0,1712.0,1757.0,1807.0,2162.0
30095-91,37095-91,820.0,860.0,890.0,890.0,920.0,970.0,1020.0,1070.0,1670.0,1820.0,,,1395.0,1395.0,1435.0,1485.0,1485.0,1530.0,1575.0,1620.0,1620.0,1665.0,1715.0,2070.0
30095-96,37095-96,824.0,864.0,894.0,894.0,924.0,974.0,1024.0,1074.0,1674.0,1824.0,,,1224.0,1224.0,1264.0,1314.0,1314.0,1359.0,1404.0,1449.0,1449.0,1494.0,1544.0,1899.0
30095-97,37095-97,824.0,864.0,894.0,894.0,924.0,974.0,1024.0,1074.0,1674.0,1824.0,,,1224.0,1224.0,1264.0,1314.0,1314.0,1359.0,1404.0,1449.0,1449.0,1494.0,1544.0,1899.0
30095-S3,37095-S3,934.0,974.0,1004.0,1004.0,1034.0,1084.0,1134.0,1184.0,1784.0,1934.0,,,1534.0,1534.0,1574.0,1624.0,1624.0,1669.0,1714.0,1759.0,1759.0,1804.0,1854.0,2344.0
30195-01,37195-01,838.0,878.0,908.0,908.0,938.0,988.0,1038.0,1088.0,1688.0,1838.0,,,1438.0,1438.0,1478.0,1528.0,1528.0,1573.0,1618.0,1663.0,1663.0,1708.0,1758.0,2248.0
30195-02,37195-02,376.0,396.0,411.0,411.0,431.0,451.0,471.0,491.0,801.0,876.0,,,726.0,726.0,766.0,816.0,816.0,861.0,906.0,951.0,951.0,996.0,1046.0,1401.0
30195-03,37195-03,803.0,843.0,873.0,873.0,903.0,953.0,1003.0,1053.0,1653.0,1803.0,,,1228.0,1228.0,1268.0,1318.0,1318.0,1363.0,1408.0,1453.0,1453.0,1498.0,1548.0,1903.0
30195-07,37195-07,757.0,797.0,827.0,827.0,857.0,907.0,957.0,1007.0,1607.0,1757.0,,,1132.0,1132.0,1172.0,1222.0,1222.0,1267.0,1312.0,1357.0,1357.0,1402.0,1452.0,1807.0
30195-08,37195-08,757.0,797.0,827.0,827.0,857.0,907.0,957.0,1007.0,1607.0,1757.0,,,1132.0,1132.0,1172.0,1222.0,1222.0,1267.0,1312.0,1357.0,1357.0,1402.0,1452.0,1807.0
30195-15,37195-15,763.0,803.0,833.0,833.0,863.0,913.0,963.0,1013.0,1613.0,1763.0,,,1138.0,1138.0,1178.0,1228.0,1228.0,1273.0,1318.0,1363.0,1363.0,1408.0,1458.0,1813.0
30195-16,37195-16,763.0,803.0,833.0,833.0,863.0,913.0,963.0,1013.0,1613.0,1763.0,,,1138.0,1138.0,1178.0,1228.0,1228.0,1273.0,1318.0,1363.0,1363.0,1408.0,1458.0,1813.0
30195-17,37195-17,782.0,822.0,852.0,852.0,882.0,932.0,982.0,1032.0,1632.0,1782.0,,,1182.0,1182.0,1222.0,1272.0,1272.0,1317.0,1362.0,1407.0,1407.0,1452.0,1502.0,1857.0
30195-18,37195-18,782.0,822.0,852.0,852.0,882.0,932.0,982.0,1032.0,1632.0,1782.0,,,1182.0,1182.0,1222.0,1272.0,1272.0,1317.0,1362.0,1407.0,1407.0,1452.0,1502.0,1857.0
30195-24,37195-24,331.0,351.0,366.0,366.0,386.0,406.0,426.0,446.0,671.0,731.0,,,531.0,531.0,571.0,621.0,621.0,666.0,711.0,756.0,756.0,801.0,831.0,981.0
30195-86,37195-86,912.0,952.0,982.0,982.0,1012.0,1062.0,1112.0,1162.0,1762.0,1912.0,,,1487.0,1487.0,1527.0,1577.0,1577.0,1622.0,1667.0,1712.0,1712.0,1757.0,1807.0,2162.0
30195-87,37195-87,912.0,952.0,982.0,982.0,1012.0,1062.0,1112.0,1162.0,1762.0,1912.0,,,1487.0,1487.0,1527.0,1577.0,1577.0,1622.0,1667.0,1712.0,1712.0,1757.0,1807.0,2162.0
30195-91,37195-91,820.0,860.0,890.0,890.0,920.0,970.0,1020.0,1070.0,1670.0,1820.0,,,1395.0,1395.0,1435.0,1485.0,1485.0,1530.0,1575.0,1620.0,1620.0,1665.0,1715.0,2070.0
30195-96,37195-96,824.0,864.0,894.0,894.0,924.0,974.0,1024.0,1074.0,1674.0,1824.0,,,1224.0,1224.0,1264.0,1314.0,1314.0,1359.0,1404.0,1449.0,1449.0,1494.0,1544.0,1899.0
30195-97,37195-97,824.0,864.0,894.0,894.0,924.0,974.0,1024.0,1074.0,1674.0,1824.0,,,1224.0,1224.0,1264.0,1314.0,1314.0,1359.0,1404.0,1449.0,1449.0,1494.0,1544.0,1899.0
30195-S3,37195-S3,934.0,974.0,1004.0,1004.0,1034.0,1084.0,1134.0,1184.0,1784.0,1934.0,,,1534.0,1534.0,1574.0,1624.0,1624.0,1669.0,1714.0,1759.0,1759.0,1804.0,1854.0,2344.0
30024-01,37024-01,586.0,626.0,656.0,656.0,686.0,736.0,786.0,836.0,1436.0,1586.0,,,1216.0,1216.0,1256.0,1306.0,1306.0,1351.0,1396.0,1441.0,1441.0,1486.0,1536.0,2026.0
30024-02,37024-02,345.0,365.0,380.0,380.0,400.0,420.0,440.0,460.0,770.0,845.0,,,770.0,770.0,810.0,860.0,860.0,905.0,950.0,995.0,995.0,1040.0,1090.0,1445.0
30024-03,37024-03,505.0,545.0,575.0,575.0,605.0,655.0,705.0,755.0,1355.0,1505.0,,,980.0,980.0,1020.0,1070.0,1070.0,1115.0,1160.0,1205.0,1205.0,1250.0,1300.0,1655.0
30024-07,37024-07,447.0,487.0,517.0,517.0,547.0,597.0,647.0,697.0,1297.0,1447.0,,,962.0,962.0,1002.0,1052.0,1052.0,1097.0,1142.0,1187.0,1187.0,1232.0,1282.0,1637.0
30024-08,37024-08,447.0,487.0,517.0,517.0,547.0,597.0,647.0,697.0,1297.0,1447.0,,,962.0,962.0,1002.0,1052.0,1052.0,1097.0,1142.0,1187.0,1187.0,1232.0,1282.0,1637.0
30024-10,37024-10,234.0,254.0,269.0,269.0,289.0,309.0,329.0,349.0,574.0,634.0,,,459.0,459.0,499.0,549.0,549.0,594.0,639.0,684.0,684.0,729.0,759.0,909.0
30024-14,37024-14,344.0,364.0,379.0,379.0,394.0,414.0,434.0,454.0,1024.0,1144.0,,,744.0,744.0,784.0,834.0,834.0,879.0,924.0,969.0,969.0,1014.0,1064.0,1419.0
30024-15,37024-15,459.0,499.0,529.0,529.0,559.0,609.0,659.0,709.0,1309.0,1459.0,,,984.0,984.0,1024.0,1074.0,1074.0,1119.0,1164.0,1209.0,1209.0,1254.0,1304.0,1659.0
30024-16,37024-16,459.0,499.0,529.0,529.0,559.0,609.0,659.0,709.0,1309.0,1459.0,,,984.0,984.0,1024.0,1074.0,1074.0,1119.0,1164.0,1209.0,1209.0,1254.0,1304.0,1659.0
30024-21,37024-21,741.0,781.0,811.0,811.0,841.0,891.0,941.0,991.0,1591.0,1741.0,,,1391.0,1391.0,1431.0,1481.0,1481.0,1526.0,1571.0,1616.0,1616.0,1661.0,1711.0,2066.0
30024-30,37024-30,403.0,423.0,438.0,438.0,453.0,473.0,493.0,513.0,828.0,903.0,,,718.0,718.0,758.0,808.0,808.0,853.0,898.0,943.0,943.0,988.0,1038.0,1258.0
30024-86,37024-86,643.0,683.0,713.0,713.0,743.0,793.0,843.0,893.0,1493.0,1643.0,,,1073.0,1073.0,1113.0,1163.0,1163.0,1208.0,1253.0,1298.0,1298.0,1343.0,1393.0,1748.0
30024-87,37024-87,643.0,683.0,713.0,713.0,743.0,793.0,843.0,893.0,1493.0,1643.0,,,1073.0,1073.0,1113.0,1163.0,1163.0,1208.0,1253.0,1298.0,1298.0,1343.0,1393.0,1748.0
30024-91,37024-91,569.0,609.0,639.0,639.0,669.0,719.0,769.0,819.0,1419.0,1569.0,,,1044.0,1044.0,1084.0,1134.0,1134.0,1179.0,1224.0,1269.0,1269.0,1314.0,1364.0,1719.0
30024-93,37024-93,360.0,380.0,395.0,395.0,415.0,435.0,455.0,475.0,635.0,695.0,415.0,435.0,435.0,435.0,455.0,470.0,470.0,485.0,495.0,505.0,505.0,515.0,525.0,655.0
30024-94,37024-94,386.0,406.0,421.0,421.0,441.0,461.0,481.0,501.0,661.0,721.0,441.0,461.0,461.0,461.0,481.0,496.0,496.0,511.0,521.0,531.0,531.0,541.0,551.0,681.0
30156-01,37156-01,705.0,745.0,775.0,775.0,805.0,855.0,905.0,955.0,1555.0,1705.0,,,1255.0,1255.0,1295.0,1345.0,1345.0,1390.0,1435.0,1480.0,1480.0,1525.0,1575.0,2065.0
30156-02,37156-02,483.0,503.0,518.0,518.0,538.0,558.0,578.0,598.0,908.0,983.0,488.0,508.0,733.0,733.0,773.0,823.0,823.0,868.0,913.0,958.0,958.0,1003.0,1053.0,1408.0
30156-03,37156-03,643.0,683.0,713.0,713.0,743.0,793.0,843.0,893.0,1493.0,1643.0,,,1193.0,1193.0,1233.0,1283.0,1283.0,1328.0,1373.0,1418.0,1418.0,1463.0,1513.0,1868.0
30156-04,37156-04,218.0,238.0,253.0,253.0,273.0,293.0,313.0,333.0,558.0,618.0,243.0,263.0,338.0,338.0,358.0,373.0,373.0,388.0,398.0,408.0,408.0,418.0,428.0,558.0
30156-07,37156-07,570.0,610.0,640.0,640.0,670.0,720.0,770.0,820.0,1420.0,1570.0,,,1120.0,1120.0,1160.0,1210.0,1210.0,1255.0,1300.0,1345.0,1345.0,1390.0,1440.0,1795.0
30156-08,37156-08,570.0,610.0,640.0,640.0,670.0,720.0,770.0,820.0,1420.0,1570.0,,,1120.0,1120.0,1160.0,1210.0,1210.0,1255.0,1300.0,1345.0,1345.0,1390.0,1440.0,1795.0
30156-09,37156-09,457.0,477.0,492.0,492.0,527.0,562.0,597.0,632.0,1052.0,1157.0,,,707.0,707.0,747.0,797.0,797.0,842.0,887.0,932.0,932.0,977.0,1007.0,1157.0
30156-10,37156-10,411.0,431.0,446.0,446.0,466.0,486.0,506.0,526.0,751.0,811.0,,,661.0,661.0,701.0,751.0,751.0,796.0,841.0,886.0,886.0,931.0,961.0,1111.0
30156-14,37156-14,522.0,542.0,557.0,557.0,572.0,592.0,612.0,632.0,1202.0,1322.0,,,1072.0,1072.0,1112.0,1162.0,1162.0,1207.0,1252.0,1297.0,1297.0,1342.0,1392.0,1747.0
30156-15,37156-15,598.0,638.0,668.0,668.0,698.0,748.0,798.0,848.0,1448.0,1598.0,,,1148.0,1148.0,1188.0,1238.0,1238.0,1283.0,1328.0,1373.0,1373.0,1418.0,1468.0,1823.0
30156-16,37156-16,598.0,638.0,668.0,668.0,698.0,748.0,798.0,848.0,1448.0,1598.0,,,1148.0,1148.0,1188.0,1238.0,1238.0,1283.0,1328.0,1373.0,1373.0,1418.0,1468.0,1823.0
30156-39,37156-39,802.0,842.0,872.0,872.0,902.0,952.0,1002.0,1052.0,1652.0,1802.0,,,1352.0,1352.0,1392.0,1442.0,1442.0,1487.0,1532.0,1577.0,1577.0,1622.0,1672.0,2162.0
30156-40,37156-40,802.0,842.0,872.0,872.0,902.0,952.0,1002.0,1052.0,1652.0,1802.0,,,1352.0,1352.0,1392.0,1442.0,1442.0,1487.0,1532.0,1577.0,1577.0,1622.0,1672.0,2162.0
30156-64,37156-64,217.0,237.0,252.0,252.0,272.0,292.0,312.0,332.0,492.0,552.0,272.0,292.0,337.0,337.0,357.0,372.0,372.0,387.0,397.0,407.0,407.0,417.0,427.0,557.0
30156-82,37156-82,754.0,794.0,824.0,824.0,854.0,904.0,954.0,1004.0,1604.0,1754.0,,,1304.0,1304.0,1344.0,1394.0,1394.0,1439.0,1484.0,1529.0,1529.0,1574.0,1624.0,1979.0
30156-83,37156-83,754.0,794.0,824.0,824.0,854.0,904.0,954.0,1004.0,1604.0,1754.0,,,1304.0,1304.0,1344.0,1394.0,1394.0,1439.0,1484.0,1529.0,1529.0,1574.0,1624.0,1979.0
30156-86,37156-86,707.0,747.0,777.0,777.0,807.0,857.0,907.0,957.0,1557.0,1707.0,,,1257.0,1257.0,1297.0,1347.0,1347.0,1392.0,1437.0,1482.0,1482.0,1527.0,1577.0,1932.0
30156-87,37156-87,707.0,747.0,777.0,777.0,807.0,857.0,907.0,957.0,1557.0,1707.0,,,1257.0,1257.0,1297.0,1347.0,1347.0,1392.0,1437.0,1482.0,1482.0,1527.0,1577.0,1932.0
30157-01,37157-01,605.0,645.0,675.0,675.0,705.0,755.0,805.0,855.0,1455.0,1605.0,,,1155.0,1155.0,1195.0,1245.0,1245.0,1290.0,1335.0,1380.0,1380.0,1425.0,1475.0,1965.0
30157-02,37157-02,433.0,453.0,468.0,468.0,488.0,508.0,528.0,548.0,858.0,933.0,438.0,458.0,683.0,683.0,723.0,773.0,773.0,818.0,863.0,908.0,908.0,953.0,1003.0,1358.0
30157-03,37157-03,543.0,583.0,613.0,613.0,643.0,693.0,743.0,793.0,1393.0,1543.0,,,1093.0,1093.0,1133.0,1183.0,1183.0,1228.0,1273.0,1318.0,1318.0,1363.0,1413.0,1768.0
30157-04,37157-04,218.0,238.0,253.0,253.0,273.0,293.0,313.0,333.0,558.0,618.0,243.0,263.0,338.0,338.0,358.0,373.0,373.0,388.0,398.0,408.0,408.0,418.0,428.0,558.0
30157-07,37157-07,470.0,510.0,540.0,540.0,570.0,620.0,670.0,720.0,1320.0,1470.0,,,1020.0,1020.0,1060.0,1110.0,1110.0,1155.0,1200.0,1245.0,1245.0,1290.0,1340.0,1695.0
30157-08,37157-08,470.0,510.0,540.0,540.0,570.0,620.0,670.0,720.0,1320.0,1470.0,,,1020.0,1020.0,1060.0,1110.0,1110.0,1155.0,1200.0,1245.0,1245.0,1290.0,1340.0,1695.0
30157-09,37157-09,407.0,427.0,442.0,442.0,477.0,512.0,547.0,582.0,1002.0,1107.0,,,657.0,657.0,697.0,747.0,747.0,792.0,837.0,882.0,882.0,927.0,957.0,1107.0
30157-10,37157-10,361.0,381.0,396.0,396.0,416.0,436.0,456.0,476.0,701.0,761.0,,,611.0,611.0,651.0,701.0,701.0,746.0,791.0,836.0,836.0,881.0,911.0,1061.0
30157-14,37157-14,422.0,442.0,457.0,457.0,472.0,492.0,512.0,532.0,1102.0,1222.0,,,972.0,972.0,1012.0,1062.0,1062.0,1107.0,1152.0,1197.0,1197.0,1242.0,1292.0,1647.0
30157-15,37157-15,498.0,538.0,568.0,568.0,598.0,648.0,698.0,748.0,1348.0,1498.0,,,1048.0,1048.0,1088.0,1138.0,1138.0,1183.0,1228.0,1273.0,1273.0,1318.0,1368.0,1723.0
30157-16,37157-16,498.0,538.0,568.0,568.0,598.0,648.0,698.0,748.0,1348.0,1498.0,,,1048.0,1048.0,1088.0,1138.0,1138.0,1183.0,1228.0,1273.0,1273.0,1318.0,1368.0,1723.0
30157-39,37157-39,702.0,742.0,772.0,772.0,802.0,852.0,902.0,952.0,1552.0,1702.0,,,1252.0,1252.0,1292.0,1342.0,1342.0,1387.0,1432.0,1477.0,1477.0,1522.0,1572.0,2062.0
30157-40,37157-40,702.0,742.0,772.0,772.0,802.0,852.0,902.0,952.0,1552.0,1702.0,,,1252.0,1252.0,1292.0,1342.0,1342.0,1387.0,1432.0,1477.0,1477.0,1522.0,1572.0,2062.0
30157-64,37157-64,217.0,237.0,252.0,252.0,272.0,292.0,312.0,332.0,492.0,552.0,272.0,292.0,337.0,337.0,357.0,372.0,372.0,387.0,397.0,407.0,407.0,417.0,427.0,557.0
30157-82,37157-82,654.0,694.0,724.0,724.0,754.0,804.0,854.0,904.0,1504.0,1654.0,,,1204.0,1204.0,1244.0,1294.0,1294.0,1339.0,1384.0,1429.0,1429.0,1474.0,1524.0,1879.0
30157-83,37157-83,654.0,694.0,724.0,724.0,754.0,804.0,854.0,904.0,1504.0,1654.0,,,1204.0,1204.0,1244.0,1294.0,1294.0,1339.0,1384.0,1429.0,1429.0,1474.0,1524.0,1879.0
30157-86,37157-86,607.0,647.0,677.0,677.0,707.0,757.0,807.0,857.0,1457.0,1607.0,,,1157.0,1157.0,1197.0,1247.0,1247.0,1292.0,1337.0,1382.0,1382.0,1427.0,1477.0,1832.0
30157-87,37157-87,607.0,647.0,677.0,677.0,707.0,757.0,807.0,857.0,1457.0,1607.0,,,1157.0,1157.0,1197.0,1247.0,1247.0,1292.0,1337.0,1382.0,1382.0,1427.0,1477.0,1832.0
30129-01,37129-01,655.0,695.0,725.0,725.0,755.0,805.0,855.0,905.0,1505.0,1655.0,,,1155.0,1155.0,1195.0,1245.0,1245.0,1290.0,1335.0,1380.0,1380.0,1425.0,1475.0,1965.0
30129-02,37129-02,430.0,450.0,465.0,465.0,485.0,505.0,525.0,545.0,855.0,930.0,,,655.0,655.0,695.0,745.0,745.0,790.0,835.0,880.0,880.0,925.0,975.0,1330.0
30129-03,37129-03,518.0,558.0,588.0,588.0,618.0,668.0,718.0,768.0,1368.0,1518.0,,,1043.0,1043.0,1083.0,1133.0,1133.0,1178.0,1223.0,1268.0,1268.0,1313.0,1363.0,1718.0
30129-07,37129-07,496.0,536.0,566.0,566.0,596.0,646.0,696.0,746.0,1346.0,1496.0,,,996.0,996.0,1036.0,1086.0,1086.0,1131.0,1176.0,1221.0,1221.0,1266.0,1316.0,1671.0
30129-08,37129-08,496.0,536.0,566.0,566.0,596.0,646.0,696.0,746.0,1346.0,1496.0,,,996.0,996.0,1036.0,1086.0,1086.0,1131.0,1176.0,1221.0,1221.0,1266.0,1316.0,1671.0
30129-10,37129-10,387.0,407.0,422.0,422.0,442.0,462.0,482.0,502.0,727.0,787.0,,,512.0,512.0,552.0,602.0,602.0,647.0,692.0,737.0,737.0,782.0,812.0,962.0
30129-15,37129-15,498.0,538.0,568.0,568.0,598.0,648.0,698.0,748.0,1348.0,1498.0,,,998.0,998.0,1038.0,1088.0,1088.0,1133.0,1178.0,1223.0,1223.0,1268.0,1318.0,1673.0
30129-16,37129-16,498.0,538.0,568.0,568.0,598.0,648.0,698.0,748.0,1348.0,1498.0,,,998.0,998.0,1038.0,1088.0,1088.0,1133.0,1178.0,1223.0,1223.0,1268.0,1318.0,1673.0
30129-21,37129-21,954.0,994.0,1024.0,1024.0,1054.0,1104.0,1154.0,1204.0,1804.0,1954.0,,,1479.0,1479.0,1519.0,1569.0,1569.0,1614.0,1659.0,1704.0,1704.0,1749.0,1799.0,2154.0
30129-39,37129-39,727.0,767.0,797.0,797.0,827.0,877.0,927.0,977.0,1577.0,1727.0,,,1227.0,1227.0,1267.0,1317.0,1317.0,1362.0,1407.0,1452.0,1452.0,1497.0,1547.0,2037.0
30129-40,37129-40,727.0,767.0,797.0,797.0,827.0,877.0,927.0,977.0,1577.0,1727.0,,,1227.0,1227.0,1267.0,1317.0,1317.0,1362.0,1407.0,1452.0,1452.0,1497.0,1547.0,2037.0
30129-86,37129-86,734.0,774.0,804.0,804.0,834.0,884.0,934.0,984.0,1584.0,1734.0,,,1234.0,1234.0,1274.0,1324.0,1324.0,1369.0,1414.0,1459.0,1459.0,1504.0,1554.0,1909.0
30129-87,37129-87,734.0,774.0,804.0,804.0,834.0,884.0,934.0,984.0,1584.0,1734.0,,,1234.0,1234.0,1274.0,1324.0,1324.0,1369.0,1414.0,1459.0,1459.0,1504.0,1554.0,1909.0
30042-01,37042-01,473.0,513.0,543.0,543.0,573.0,623.0,673.0,723.0,1323.0,1473.0,,,793.0,793.0,833.0,883.0,883.0,928.0,973.0,1018.0,1018.0,1063.0,1113.0,1603.0
30042-02,37042-02,325.0,345.0,360.0,360.0,380.0,400.0,420.0,440.0,750.0,825.0,,,525.0,525.0,565.0,615.0,615.0,660.0,705.0,750.0,750.0,795.0,845.0,1200.0
30042-03,37042-03,389.0,429.0,459.0,459.0,489.0,539.0,589.0,639.0,1239.0,1389.0,,,709.0,709.0,749.0,799.0,799.0,844.0,889.0,934.0,934.0,979.0,1029.0,1384.0
30042-94,37042-94,175.0,195.0,210.0,210.0,230.0,250.0,270.0,290.0,450.0,510.0,230.0,250.0,290.0,290.0,310.0,325.0,325.0,340.0,350.0,360.0,360.0,370.0,380.0,510.0
30295-32,37295-32,195.0,205.0,220.0,220.0,235.0,250.0,265.0,285.0,365.0,395.0,190.0,205.0,220.0,220.0,230.0,245.0,245.0,260.0,275.0,290.0,290.0,305.0,315.0,355.0
30295-34,37295-34,335.0,345.0,360.0,360.0,375.0,390.0,405.0,425.0,590.0,635.0,290.0,305.0,385.0,385.0,395.0,410.0,410.0,425.0,440.0,455.0,455.0,470.0,485.0,610.0
30295-54,37295-54,467.0,507.0,537.0,537.0,567.0,617.0,667.0,717.0,892.0,967.0,512.0,562.0,567.0,567.0,607.0,657.0,657.0,702.0,747.0,792.0,792.0,837.0,887.0,1242.0
30295-65,37295-65,32.0,37.0,42.0,42.0,47.0,57.0,67.0,72.0,202.0,232.0,47.0,57.0,42.0,42.0,47.0,52.0,52.0,57.0,67.0,77.0,77.0,87.0,92.0,117.0
30295-66,37295-66,64.0,69.0,74.0,74.0,79.0,89.0,99.0,104.0,234.0,264.0,79.0,89.0,74.0,74.0,79.0,84.0,84.0,89.0,99.0,109.0,109.0,119.0,124.0,149.0
30295-67,37295-67,37.0,42.0,47.0,47.0,52.0,62.0,72.0,77.0,207.0,237.0,52.0,62.0,47.0,47.0,52.0,57.0,57.0,62.0,72.0,82.0,82.0,92.0,97.0,122.0
30135-SB,37135-SB,431.0,451.0,466.0,466.0,486.0,506.0,526.0,546.0,706.0,781.0,,,581.0,581.0,601.0,616.0,616.0,636.0,656.0,676.0,676.0,696.0,716.0,911.0
30135-MB,37135-MB,454.0,474.0,489.0,489.0,509.0,529.0,549.0,569.0,729.0,804.0,,,604.0,604.0,624.0,639.0,639.0,659.0,679.0,699.0,699.0,719.0,739.0,934.0
30135-LB,37135-LB,499.0,519.0,534.0,534.0,554.0,574.0,594.0,614.0,774.0,849.0,,,649.0,649.0,669.0,684.0,684.0,704.0,724.0,744.0,744.0,764.0,784.0,979.0
30125-02,37125-02,530.0,550.0,565.0,565.0,585.0,605.0,625.0,645.0,955.0,1030.0,585.0,605.0,630.0,630.0,670.0,720.0,720.0,765.0,810.0,855.0,855.0,900.0,950.0,1305.0
30125-04,37125-04,342.0,362.0,377.0,377.0,397.0,417.0,437.0,457.0,682.0,742.0,,,422.0,422.0,442.0,457.0,457.0,472.0,482.0,492.0,492.0,502.0,512.0,642.0
30073-02,37073-02,322.0,342.0,357.0,357.0,377.0,397.0,417.0,437.0,747.0,822.0,,,572.0,572.0,612.0,662.0,662.0,707.0,752.0,797.0,797.0,842.0,892.0,1247.0
30073-04,37073-04,169.0,189.0,204.0,204.0,224.0,244.0,264.0,284.0,509.0,569.0,,,214.0,214.0,234.0,249.0,249.0,264.0,274.0,284.0,284.0,294.0,304.0,434.0
30073-71,37073-71,421.0,441.0,456.0,456.0,476.0,496.0,516.0,536.0,761.0,821.0,,,671.0,671.0,711.0,761.0,761.0,806.0,851.0,896.0,896.0,941.0,961.0,1346.0
30212-62,37212-62,895.0,915.0,930.0,930.0,950.0,970.0,990.0,1010.0,1235.0,1295.0,,,1070.0,1070.0,1110.0,1160.0,1160.0,1205.0,1250.0,1295.0,1295.0,1340.0,1390.0,1745.0
30144-04,37144-04,141.0,146.0,151.0,151.0,161.0,171.0,181.0,191.0,311.0,341.0,,,191.0,191.0,196.0,201.0,201.0,206.0,211.0,216.0,216.0,221.0,226.0,281.0
30107-98,,136.0,146.0,161.0,161.0,181.0,206.0,231.0,251.0,476.0,536.0,181.0,206.0,,,,,,,,,,,,
30142-04,37142-04,97.0,102.0,107.0,107.0,117.0,127.0,137.0,147.0,267.0,297.0,,,147.0,147.0,152.0,157.0,157.0,162.0,167.0,172.0,172.0,177.0,182.0,237.0
30000-04,37000-04,97.0,102.0,107.0,107.0,117.0,127.0,137.0,147.0,267.0,297.0,97.0,107.0,147.0,147.0,152.0,157.0,157.0,162.0,167.0,172.0,172.0,177.0,182.0,237.0
30249-71,37249-71,719.0,739.0,754.0,754.0,774.0,794.0,814.0,834.0,1059.0,1119.0,,,869.0,869.0,909.0,959.0,959.0,1004.0,1049.0,1094.0,1094.0,1139.0,1159.0,1544.0
30249-04,37249-04,294.0,314.0,329.0,329.0,349.0,369.0,389.0,409.0,634.0,694.0,,,369.0,369.0,389.0,404.0,404.0,419.0,429.0,439.0,439.0,449.0,459.0,589.0
30183-47,37183-47,223.0,238.0,248.0,248.0,263.0,283.0,303.0,323.0,623.0,698.0,,,418.0,418.0,443.0,468.0,468.0,493.0,518.0,543.0,543.0,568.0,593.0,768.0
30183-51,37183-51,155.0,165.0,175.0,175.0,185.0,195.0,205.0,215.0,335.0,365.0,,,195.0,195.0,210.0,230.0,230.0,250.0,270.0,290.0,290.0,310.0,320.0,495.0
30183-48,37183-48,246.0,261.0,271.0,271.0,286.0,306.0,326.0,346.0,646.0,721.0,,,466.0,466.0,491.0,516.0,516.0,541.0,566.0,591.0,591.0,616.0,641.0,816.0
30183-49,37183-49,254.0,269.0,279.0,279.0,294.0,314.0,334.0,354.0,654.0,729.0,,,514.0,514.0,539.0,564.0,564.0,589.0,614.0,639.0,639.0,664.0,689.0,864.0
30183-52,37183-52,154.0,164.0,174.0,174.0,184.0,194.0,204.0,214.0,334.0,364.0,,,194.0,194.0,209.0,229.0,229.0,249.0,269.0,289.0,289.0,309.0,319.0,494.0
30183-50,37183-50,352.0,367.0,377.0,377.0,392.0,412.0,432.0,452.0,752.0,827.0,,,612.0,612.0,637.0,662.0,662.0,687.0,712.0,737.0,737.0,762.0,787.0,962.0
30185-47,37185-47,159.0,174.0,184.0,184.0,199.0,219.0,239.0,259.0,559.0,634.0,,,324.0,324.0,349.0,374.0,374.0,399.0,424.0,449.0,449.0,474.0,499.0,674.0
30185-51,37185-51,155.0,165.0,175.0,175.0,185.0,195.0,205.0,215.0,335.0,365.0,,,195.0,195.0,210.0,230.0,230.0,250.0,270.0,290.0,290.0,310.0,320.0,495.0
30185-48,37185-48,183.0,198.0,208.0,208.0,223.0,243.0,263.0,283.0,583.0,658.0,,,373.0,373.0,398.0,423.0,423.0,448.0,473.0,498.0,498.0,523.0,548.0,723.0
30185-49,37185-49,208.0,223.0,233.0,233.0,248.0,268.0,288.0,308.0,608.0,683.0,,,423.0,423.0,448.0,473.0,473.0,498.0,523.0,548.0,548.0,573.0,598.0,773.0
30185-52,37185-52,154.0,164.0,174.0,174.0,184.0,194.0,204.0,214.0,334.0,364.0,,,194.0,194.0,209.0,229.0,229.0,249.0,269.0,289.0,289.0,309.0,319.0,494.0
30185-50,37185-50,308.0,323.0,333.0,333.0,348.0,368.0,388.0,408.0,708.0,783.0,,,523.0,523.0,548.0,573.0,573.0,598.0,623.0,648.0,648.0,673.0,698.0,873.0
30304-47,,325.0,340.0,350.0,350.0,365.0,385.0,405.0,425.0,950.0,1025.0,,,,,,,,,,,,,,
30304-51,,169.0,179.0,189.0,189.0,199.0,209.0,219.0,229.0,349.0,379.0,,,,,,,,,,,,,,
30304-48,,341.0,356.0,366.0,366.0,381.0,401.0,421.0,441.0,966.0,1041.0,,,,,,,,,,,,,,
30304-49,,362.0,377.0,387.0,387.0,402.0,422.0,442.0,462.0,987.0,1062.0,,,,,,,,,,,,,,
30304-52,,168.0,178.0,188.0,188.0,198.0,208.0,218.0,228.0,348.0,378.0,,,,,,,,,,,,,,
30304-50,,454.0,469.0,479.0,479.0,494.0,514.0,534.0,554.0,1079.0,1154.0,,,,,,,,,,,,,,
32304-47,,,,,,390.0,,,,,,,,,,,,,,,,,,,
32304-51,,,,,,224.0,,,,,,,,,,,,,,,,,,,
32304-48,,,,,,431.0,,,,,,,,,,,,,,,,,,,
32304-49,,,,,,477.0,,,,,,,,,,,,,,,,,,,
32304-52,,,,,,223.0,,,,,,,,,,,,,,,,,,,
32304-50,,,,,,569.0,,,,,,,,,,,,,,,,,,,
30115-48,37115-48,415.0,430.0,440.0,440.0,455.0,475.0,495.0,515.0,1040.0,1115.0,,,790.0,790.0,815.0,840.0,840.0,865.0,890.0,915.0,915.0,940.0,965.0,1240.0
30115-51,37115-51,278.0,288.0,298.0,298.0,308.0,318.0,328.0,338.0,458.0,488.0,,,228.0,228.0,243.0,263.0,263.0,283.0,303.0,323.0,323.0,343.0,353.0,528.0
30115-49,37115-49,464.0,479.0,489.0,489.0,504.0,524.0,544.0,564.0,1089.0,1164.0,,,839.0,839.0,864.0,889.0,889.0,914.0,939.0,964.0,964.0,989.0,1014.0,1289.0
30115-52,37115-52,278.0,288.0,298.0,298.0,308.0,318.0,328.0,338.0,458.0,488.0,,,228.0,228.0,243.0,263.0,263.0,283.0,303.0,323.0,323.0,343.0,353.0,528.0
30115-50,37115-50,561.0,576.0,586.0,586.0,601.0,621.0,641.0,661.0,1186.0,1261.0,,,936.0,936.0,961.0,986.0,986.0,1011.0,1036.0,1061.0,1061.0,1086.0,1111.0,1386.0
30115-58,37115-58,462.0,477.0,487.0,487.0,502.0,522.0,542.0,562.0,1087.0,1162.0,,,837.0,837.0,862.0,887.0,887.0,912.0,937.0,962.0,962.0,987.0,1012.0,1287.0
30115-59,37115-59,511.0,526.0,536.0,536.0,551.0,571.0,591.0,611.0,1136.0,1211.0,,,886.0,886.0,911.0,936.0,936.0,961.0,986.0,1011.0,1011.0,1036.0,1061.0,1336.0
30115-60,37115-60,608.0,623.0,633.0,633.0,648.0,668.0,688.0,708.0,1233.0,1308.0,,,983.0,983.0,1008.0,1033.0,1033.0,1058.0,1083.0,1108.0,1108.0,1133.0,1158.0,1433.0
31135-48,36135-48,555.0,570.0,580.0,580.0,595.0,615.0,635.0,655.0,1180.0,1255.0,,,905.0,905.0,930.0,955.0,955.0,980.0,1005.0,1030.0,1030.0,1055.0,1080.0,1355.0
31135-51,36135-51,218.0,218.0,218.0,218.0,218.0,218.0,218.0,218.0,218.0,218.0,,,218.0,218.0,218.0,218.0,218.0,218.0,218.0,218.0,218.0,218.0,218.0,218.0
31135-55,36135-55,293.0,293.0,293.0,293.0,293.0,293.0,293.0,293.0,293.0,293.0,,,293.0,293.0,293.0,293.0,293.0,293.0,293.0,293.0,293.0,293.0,293.0,293.0
31135-49,36135-49,593.0,608.0,618.0,618.0,633.0,653.0,673.0,693.0,1218.0,1293.0,,,927.0,927.0,952.0,977.0,977.0,1002.0,1027.0,1052.0,1052.0,1077.0,1102.0,1377.0
31135-52,36135-52,218.0,218.0,218.0,218.0,218.0,218.0,218.0,218.0,218.0,218.0,,,218.0,218.0,218.0,218.0,218.0,218.0,218.0,218.0,218.0,218.0,218.0,218.0
31135-56,36135-56,293.0,293.0,293.0,293.0,293.0,293.0,293.0,293.0,293.0,293.0,,,293.0,293.0,293.0,293.0,293.0,293.0,293.0,293.0,293.0,293.0,293.0,293.0
31135-50,36135-50,672.0,687.0,697.0,697.0,712.0,732.0,752.0,772.0,1297.0,1372.0,,,1022.0,1022.0,1047.0,1072.0,1072.0,1097.0,1122.0,1147.0,1147.0,1172.0,1197.0,1472.0
31135-53,36135-53,293.0,293.0,293.0,293.0,293.0,293.0,293.0,293.0,293.0,293.0,,,293.0,293.0,293.0,293.0,293.0,293.0,293.0,293.0,293.0,293.0,293.0,293.0
34135-48,35135-48,138.0,153.0,163.0,163.0,178.0,198.0,218.0,238.0,763.0,838.0,,,423.0,423.0,448.0,473.0,473.0,498.0,523.0,548.0,548.0,573.0,598.0,873.0
34135-49,35135-49,148.0,163.0,173.0,173.0,188.0,208.0,228.0,248.0,773.0,848.0,,,473.0,473.0,498.0,523.0,523.0,548.0,573.0,598.0,598.0,623.0,648.0,923.0
34135-50,35135-50,158.0,173.0,183.0,183.0,198.0,218.0,238.0,258.0,783.0,858.0,,,523.0,523.0,548.0,573.0,573.0,598.0,623.0,648.0,648.0,673.0,698.0,973.0
31162-48,36162-48,396.0,411.0,421.0,421.0,436.0,456.0,476.0,496.0,796.0,871.0,,,746.0,746.0,771.0,796.0,796.0,821.0,846.0,871.0,871.0,896.0,921.0,1096.0
31162-51,36162-51,218.0,218.0,218.0,218.0,218.0,218.0,218.0,218.0,218.0,218.0,,,218.0,218.0,218.0,218.0,218.0,218.0,218.0,218.0,218.0,218.0,218.0,218.0
31162-55,36162-55,293.0,293.0,293.0,293.0,293.0,293.0,293.0,293.0,293.0,293.0,,,293.0,293.0,293.0,293.0,293.0,293.0,293.0,293.0,293.0,293.0,293.0,293.0
31162-49,36162-49,421.0,436.0,446.0,446.0,461.0,481.0,501.0,521.0,821.0,896.0,,,796.0,796.0,821.0,846.0,846.0,871.0,896.0,921.0,921.0,946.0,971.0,1146.0
31162-52,36162-52,218.0,218.0,218.0,218.0,218.0,218.0,218.0,218.0,218.0,218.0,,,218.0,218.0,218.0,218.0,218.0,218.0,218.0,218.0,218.0,218.0,218.0,218.0
31162-56,36162-56,293.0,293.0,293.0,293.0,293.0,293.0,293.0,293.0,293.0,293.0,,,293.0,293.0,293.0,293.0,293.0,293.0,293.0,293.0,293.0,293.0,293.0,293.0
31162-50,36162-50,520.0,535.0,545.0,545.0,560.0,580.0,600.0,620.0,920.0,995.0,,,895.0,895.0,920.0,945.0,945.0,970.0,995.0,1020.0,1020.0,1045.0,1070.0,1245.0
31162-53,36162-53,293.0,293.0,293.0,293.0,293.0,293.0,293.0,293.0,293.0,293.0,,,293.0,293.0,293.0,293.0,293.0,293.0,293.0,293.0,293.0,293.0,293.0,293.0
34162-48,35162-48,114.0,129.0,139.0,139.0,154.0,174.0,194.0,214.0,739.0,814.0,,,399.0,399.0,424.0,449.0,449.0,474.0,499.0,524.0,524.0,549.0,574.0,849.0
34162-49,35162-49,124.0,139.0,149.0,149.0,164.0,184.0,204.0,224.0,749.0,824.0,,,449.0,449.0,474.0,499.0,499.0,524.0,549.0,574.0,574.0,599.0,624.0,899.0
34162-50,35162-50,134.0,149.0,159.0,159.0,174.0,194.0,214.0,234.0,759.0,834.0,,,499.0,499.0,524.0,549.0,549.0,574.0,599.0,624.0,624.0,649.0,674.0,949.0
31199-48,36199-48,685.0,700.0,710.0,710.0,725.0,745.0,765.0,785.0,1310.0,1385.0,,,1060.0,1060.0,1085.0,1110.0,1110.0,1135.0,1160.0,1185.0,1185.0,1210.0,1235.0,1510.0
31199-5D,36199-5D,184.0,184.0,184.0,184.0,184.0,184.0,184.0,184.0,184.0,184.0,,,184.0,184.0,184.0,184.0,184.0,184.0,184.0,184.0,184.0,184.0,184.0,184.0
31199-49,36199-49,709.0,724.0,734.0,734.0,749.0,769.0,789.0,809.0,1334.0,1409.0,,,1084.0,1084.0,1109.0,1134.0,1134.0,1159.0,1184.0,1209.0,1209.0,1234.0,1259.0,1534.0
31199-5Q,36199-5Q,184.0,184.0,184.0,184.0,184.0,184.0,184.0,184.0,184.0,184.0,,,184.0,184.0,184.0,184.0,184.0,184.0,184.0,184.0,184.0,184.0,184.0,184.0
31199-50,36199-50,804.0,819.0,829.0,829.0,844.0,864.0,884.0,904.0,1429.0,1504.0,,,1179.0,1179.0,1204.0,1229.0,1229.0,1254.0,1279.0,1304.0,1304.0,1329.0,1354.0,1629.0
31199-5K,36199-5K,184.0,184.0,184.0,184.0,184.0,184.0,184.0,184.0,184.0,184.0,,,184.0,184.0,184.0,184.0,184.0,184.0,184.0,184.0,184.0,184.0,184.0,184.0
34199-48,35199-48,138.0,153.0,163.0,163.0,178.0,198.0,218.0,238.0,763.0,838.0,,,423.0,423.0,448.0,473.0,473.0,498.0,523.0,548.0,548.0,573.0,598.0,873.0
34199-49,35199-49,148.0,163.0,173.0,173.0,188.0,208.0,228.0,248.0,773.0,848.0,,,473.0,473.0,498.0,523.0,523.0,548.0,573.0,598.0,598.0,623.0,648.0,923.0
34199-50,35199-50,158.0,173.0,183.0,183.0,198.0,218.0,238.0,258.0,783.0,858.0,,,523.0,523.0,548.0,573.0,573.0,598.0,623.0,648.0,648.0,673.0,698.0,973.0
30152-P1,,25.0,30.0,35.0,35.0,40.0,45.0,50.0,55.0,110.0,125.0,40.0,45.0,,,,,,,,,,,,
30003-00,,17.0,19.0,22.0,22.0,24.0,27.0,30.0,35.0,187.0,217.0,187.0,217.0,,,,,,,,,,,,
30800-00,,18.0,20.0,23.0,23.0,25.0,28.0,31.0,36.0,188.0,218.0,188.0,218.0,,,,,,,,,,,,
30815-00,,16.0,18.0,21.0,21.0,23.0,26.0,29.0,34.0,186.0,216.0,186.0,216.0,,,,,,,,,,,,
30816-00,,19.0,21.0,24.0,24.0,26.0,29.0,32.0,37.0,189.0,219.0,189.0,219.0,,,,,,,,,,,,
30812-00,,30.0,35.0,40.0,40.0,45.0,55.0,65.0,75.0,200.0,230.0,200.0,230.0,,,,,,,,,,,,
30813-00,,32.0,37.0,42.0,42.0,47.0,57.0,67.0,77.0,202.0,232.0,202.0,232.0,,,,,,,,,,,,
30814-00,,26.0,31.0,36.0,36.0,41.0,51.0,61.0,71.0,196.0,226.0,196.0,226.0,,,,,,,,,,,,
30830-00,,16.0,18.0,21.0,21.0,23.0,26.0,29.0,34.0,186.0,216.0,23.0,26.0,,,,,,,,,,,,
30830-25,,28.0,30.0,33.0,33.0,35.0,37.0,40.0,44.0,96.0,108.0,35.0,37.0,,,,,,,,,,,,
30831-00,,14.0,16.0,19.0,19.0,21.0,24.0,27.0,32.0,184.0,214.0,21.0,24.0,,,,,,,,,,,,
30831-25,,24.0,26.0,29.0,29.0,31.0,33.0,36.0,40.0,92.0,104.0,31.0,33.0,,,,,,,,,,,,
30832-00,,14.0,16.0,19.0,19.0,21.0,24.0,27.0,32.0,184.0,214.0,21.0,24.0,,,,,,,,,,,,
30832-25,,24.0,26.0,29.0,29.0,31.0,33.0,36.0,40.0,92.0,104.0,31.0,33.0,,,,,,,,,,,,
34830-00,,16.0,18.0,21.0,21.0,23.0,26.0,29.0,34.0,186.0,216.0,23.0,26.0,,,,,,,,,,,,
30176-PL,,,,,,,,199.0,,,,,,,,,,,,,,,,,
30176-PS,,,,,,,,85.0,,,,,,,,,,,,,,,,,
30176-PV,,,,,,,,50.0,,,,,,,,,,,,,,,,,
30177-PL,,,,,,,,199.0,,,,,,,,,,,,,,,,,
30177-PS,,,,,,,,85.0,,,,,,,,,,,,,,,,,
30177-PV,,,,,,,,50.0,,,,,,,,,,,,,,,,,
30179-B1,,126.0,146.0,161.0,161.0,181.0,201.0,221.0,241.0,341.0,401.0,,,,,,,,,,,,,,
30179-D2,,169.0,189.0,204.0,204.0,224.0,244.0,264.0,284.0,384.0,444.0,,,,,,,,,,,,,,
30182-B2,37182-B2,98.0,118.0,133.0,133.0,153.0,173.0,193.0,213.0,313.0,373.0,,,148.0,148.0,168.0,183.0,183.0,198.0,208.0,218.0,218.0,228.0,238.0,298.0
30200-C1,37200-C1,157.0,162.0,167.0,167.0,172.0,182.0,192.0,197.0,242.0,257.0,172.0,182.0,182.0,182.0,187.0,192.0,192.0,197.0,202.0,207.0,207.0,212.0,217.0,257.0
30201-C1,37201-C1,182.0,187.0,192.0,192.0,197.0,207.0,217.0,222.0,267.0,282.0,197.0,207.0,207.0,207.0,212.0,217.0,217.0,222.0,227.0,232.0,232.0,237.0,242.0,282.0
30213-B1,,127.0,147.0,162.0,162.0,182.0,202.0,222.0,242.0,342.0,402.0,,,,,,,,,,,,,,
32913-79,,,,,,69.7625,,,,,,,,,,,,,,,,,,,
30917-72,,35.0,40.0,50.0,50.0,55.0,65.0,75.0,85.0,,,55.0,65.0,,,,,,,,,,,,
34233-77,,60.0,65.0,70.0,70.0,75.0,80.0,85.0,90.0,,,,,,,,,,,,,,,,
34233-78,,45.0,50.0,55.0,55.0,60.0,65.0,70.0,75.0,,,,,,,,,,,,,,,,
30700-FB,,14.0,18.0,20.0,20.0,24.0,32.0,40.0,48.0,125.0,150.0,24.0,32.0,,,,,,,,,,,,
