30136-01,37136-01,997.0,1037.0,1067.0,1067.0,1097.0,1147.0,1197.0,1247.0,1847.0,1997.0,,,1597.0,1597.0,1637.0,1687.0,1687.0,1732.0,1777.0,1822.0,1822.0,1867.0,1917.0,2407.0
30136-03,37136-03,956.0,996.0,1026.0,1026.0,1056.0,1106.0,1156.0,1206.0,1806.0,1956.0,,,1556.0,1556.0,1596.0,1646.0,1646.0,1691.0,1736.0,1781.0,1781.0,1826.0,1876.0,2231.0
30136-06,37136-06,686.0,706.0,721.0,721.0,741.0,761.0,781.0,801.0,1026.0,1176.0,,,1186.0,1186.0,1226.0,1276.0,1276.0,1321.0,1366.0,1411.0,1411.0,1456.0,1506.0,1861.0
30136-07,37136-07,815.0,855.0,885.0,885.0,915.0,965.0,1015.0,1065.0,1665.0,1815.0,,,1415.0,1415.0,1455.0,1505.0,1505.0,1550.0,1595.0,1640.0,1640.0,1685.0,1735.0,2090.0
30136-08,37136-08,815.0,855.0,885.0,885.0,915.0,965.0,1015.0,1065.0,1665.0,1815.0,,,1415.0,1415.0,1455.0,1505.0,1505.0,1550.0,1595.0,1640.0,1640.0,1685.0,1735.0,2090.0
30136-09,37136-09,508.0,528.0,543.0,543.0,578.0,613.0,648.0,683.0,1103.0,1208.0,,,758.0,758.0,798.0,848.0,848.0,893.0,938.0,983.0,983.0,1028.0,1058.0,1208.0
30136-10,37136-10,362.0,382.0,397.0,397.0,417.0,437.0,457.0,477.0,702.0,762.0,,,687.0,687.0,727.0,777.0,777.0,822.0,867.0,912.0,912.0,957.0,987.0,1137.0
30136-11,37136-11,452.0,472.0,487.0,487.0,522.0,557.0,592.0,627.0,1047.0,1152.0,,,827.0,827.0,867.0,917.0,917.0,962.0,1007.0,1052.0,1052.0,1097.0,1127.0,1277.0
30136-12,37136-12,452.0,472.0,487.0,487.0,522.0,557.0,592.0,627.0,1047.0,1152.0,,,827.0,827.0,867.0,917.0,917.0,962.0,1007.0,1052.0,1052.0,1097.0,1127.0,1277.0
30136-14,37136-14,724.0,744.0,759.0,759.0,774.0,794.0,814.0,834.0,1404.0,1524.0,,,1274.0,1274.0,1314.0,1364.0,1364.0,1409.0,1454.0,1499.0,1499.0,1544.0,1594.0,1949.0
30136-15,37136-15,723.0,763.0,793.0,793.0,823.0,873.0,923.0,973.0,1573.0,1723.0,,,1223.0,1223.0,1263.0,1313.0,1313.0,1358.0,1403.0,1448.0,1448.0,1493.0,1543.0,1898.0
30136-16,37136-16,723.0,763.0,793.0,793.0,823.0,873.0,923.0,973.0,1573.0,1723.0,,,1223.0,1223.0,1263.0,1313.0,1313.0,1358.0,1403.0,1448.0,1448.0,1493.0,1543.0,1898.0
30136-19,37136-19,730.0,770.0,800.0,800.0,830.0,880.0,930.0,980.0,1580.0,1730.0,,,1230.0,1230.0,1270.0,1320.0,1320.0,1365.0,1410.0,1455.0,1455.0,1500.0,1550.0,1905.0
30136-20,37136-20,730.0,770.0,800.0,800.0,830.0,880.0,930.0,980.0,1580.0,1730.0,,,1230.0,1230.0,1270.0,1320.0,1320.0,1365.0,1410.0,1455.0,1455.0,1500.0,1550.0,1905.0
30136-35,37136-35,724.0,764.0,794.0,794.0,824.0,874.0,924.0,974.0,1404.0,1524.0,,,1224.0,1224.0,1264.0,1314.0,1314.0,1359.0,1404.0,1449.0,1449.0,1494.0,1544.0,1899.0
30136-36,37136-36,724.0,764.0,794.0,794.0,824.0,874.0,924.0,974.0,1404.0,1524.0,,,1224.0,1224.0,1264.0,1314.0,1314.0,1359.0,1404.0,1449.0,1449.0,1494.0,1544.0,1899.0
30136-41,37136-41,66.0,71.0,76.0,76.0,81.0,91.0,101.0,106.0,236.0,266.0,,,96.0,96.0,101.0,106.0,106.0,111.0,121.0,131.0,131.0,141.0,146.0,181.0
30136-64,37136-64,230.0,250.0,265.0,265.0,285.0,305.0,325.0,345.0,505.0,565.0,230.0,250.0,380.0,380.0,400.0,415.0,415.0,430.0,440.0,450.0,450.0,460.0,470.0,600.0
30136-71,37136-71,411.0,431.0,446.0,446.0,466.0,486.0,506.0,526.0,751.0,901.0,,,736.0,736.0,776.0,826.0,826.0,871.0,916.0,961.0,961.0,1006.0,1026.0,1411.0
30136-74,37136-74,207.0,227.0,242.0,242.0,262.0,282.0,302.0,322.0,482.0,542.0,262.0,282.0,397.0,397.0,417.0,432.0,432.0,447.0,457.0,467.0,467.0,477.0,487.0,617.0
30137-01,37137-01,1000.0,1040.0,1070.0,1070.0,1100.0,1150.0,1200.0,1250.0,1850.0,2000.0,,,1600.0,1600.0,1640.0,1690.0,1690.0,1735.0,1780.0,1825.0,1825.0,1870.0,1920.0,2410.0
30137-03,37137-03,959.0,999.0,1029.0,1029.0,1059.0,1109.0,1159.0,1209.0,1809.0,1959.0,,,1559.0,1559.0,1599.0,1649.0,1649.0,1694.0,1739.0,1784.0,1784.0,1829.0,1879.0,2234.0
30137-06,37137-06,686.0,706.0,721.0,721.0,741.0,761.0,781.0,801.0,-64.0,86.0,,,1186.0,1186.0,1226.0,1276.0,1276.0,1321.0,1366.0,1411.0,1411.0,1456.0,1506.0,1861.0
30137-07,37137-07,817.0,857.0,887.0,887.0,917.0,967.0,1017.0,1067.0,1667.0,1817.0,,,1417.0,1417.0,1457.0,1507.0,1507.0,1552.0,1597.0,1642.0,1642.0,1687.0,1737.0,2092.0
30137-08,37137-08,817.0,857.0,887.0,887.0,917.0,967.0,1017.0,1067.0,1667.0,1817.0,,,1417.0,1417.0,1457.0,1507.0,1507.0,1552.0,1597.0,1642.0,1642.0,1687.0,1737.0,2092.0
30137-09,37137-09,507.0,527.0,542.0,542.0,577.0,612.0,647.0,682.0,1102.0,1207.0,,,757.0,757.0,797.0,847.0,847.0,892.0,937.0,982.0,982.0,1027.0,1057.0,1207.0
30137-10,37137-10,361.0,381.0,396.0,396.0,416.0,436.0,456.0,476.0,701.0,761.0,,,686.0,686.0,726.0,776.0,776.0,821.0,866.0,911.0,911.0,956.0,986.0,1136.0
30137-11,37137-11,454.0,474.0,489.0,489.0,524.0,559.0,594.0,629.0,1049.0,1154.0,,,829.0,829.0,869.0,919.0,919.0,964.0,1009.0,1054.0,1054.0,1099.0,1129.0,1279.0
30137-12,37137-12,454.0,474.0,489.0,489.0,524.0,559.0,594.0,629.0,1049.0,1154.0,,,829.0,829.0,869.0,919.0,919.0,964.0,1009.0,1054.0,1054.0,1099.0,1129.0,1279.0
30137-14,37137-14,724.0,744.0,759.0,759.0,774.0,794.0,814.0,834.0,1404.0,1524.0,,,1274.0,1274.0,1314.0,1364.0,1364.0,1409.0,1454.0,1499.0,1499.0,1544.0,1594.0,1949.0
30137-15,37137-15,723.0,763.0,793.0,793.0,823.0,873.0,923.0,973.0,1573.0,1723.0,,,1223.0,1223.0,1263.0,1313.0,1313.0,1358.0,1403.0,1448.0,1448.0,1493.0,1543.0,1898.0
30137-16,37137-16,723.0,763.0,793.0,793.0,823.0,873.0,923.0,973.0,1573.0,1723.0,,,1223.0,1223.0,1263.0,1313.0,1313.0,1358.0,1403.0,1448.0,1448.0,1493.0,1543.0,1898.0
30137-19,37137-19,720.0,760.0,790.0,790.0,820.0,870.0,920.0,970.0,1570.0,1720.0,,,1220.0,1220.0,1260.0,1310.0,1310.0,1355.0,1400.0,1445.0,1445.0,1490.0,1540.0,1895.0
30137-20,37137-20,720.0,760.0,790.0,790.0,820.0,870.0,920.0,970.0,1570.0,1720.0,,,1220.0,1220.0,1260.0,1310.0,1310.0,1355.0,1400.0,1445.0,1445.0,1490.0,1540.0,1895.0
30137-35,37137-35,724.0,764.0,794.0,794.0,824.0,874.0,924.0,974.0,1404.0,1524.0,,,1224.0,1224.0,1264.0,1314.0,1314.0,1359.0,1404.0,1449.0,1449.0,1494.0,1544.0,1899.0
30137-36,37137-36,724.0,764.0,794.0,794.0,824.0,874.0,924.0,974.0,1404.0,1524.0,,,1224.0,1224.0,1264.0,1314.0,1314.0,1359.0,1404.0,1449.0,1449.0,1494.0,1544.0,1899.0
30137-41,37137-41,66.0,71.0,76.0,76.0,81.0,91.0,101.0,106.0,236.0,266.0,,,96.0,96.0,101.0,106.0,106.0,111.0,121.0,131.0,131.0,141.0,146.0,181.0
30137-64,37137-64,224.0,244.0,259.0,259.0,279.0,299.0,319.0,339.0,499.0,559.0,224.0,244.0,374.0,374.0,394.0,409.0,409.0,424.0,434.0,444.0,444.0,454.0,464.0,594.0
30137-71,37137-71,411.0,431.0,446.0,446.0,466.0,486.0,506.0,526.0,751.0,901.0,,,736.0,736.0,776.0,826.0,826.0,871.0,916.0,961.0,961.0,1006.0,1026.0,1411.0
30137-74,37137-74,207.0,226.0,241.0,241.0,261.0,281.0,301.0,321.0,481.0,541.0,261.0,281.0,396.0,396.0,416.0,431.0,431.0,446.0,456.0,466.0,466.0,476.0,486.0,616.0
30192-01,37192-01,1150.0,1190.0,1220.0,1220.0,1250.0,1300.0,1350.0,1400.0,2000.0,2150.0,,,1750.0,1750.0,1790.0,1840.0,1840.0,1885.0,1930.0,1975.0,1975.0,2020.0,2070.0,2560.0
30192-03,37192-03,1109.0,1149.0,1179.0,1179.0,1209.0,1259.0,1309.0,1359.0,1959.0,2109.0,,,1709.0,1709.0,1749.0,1799.0,1799.0,1844.0,1889.0,1934.0,1934.0,1979.0,2029.0,2384.0
30192-06,37192-06,836.0,856.0,871.0,871.0,891.0,911.0,931.0,951.0,1176.0,1326.0,,,1336.0,1336.0,1376.0,1426.0,1426.0,1471.0,1516.0,1561.0,1561.0,1606.0,1656.0,2011.0
30192-07,37192-07,967.0,1007.0,1037.0,1037.0,1067.0,1117.0,1167.0,1217.0,1817.0,1967.0,,,1567.0,1567.0,1607.0,1657.0,1657.0,1702.0,1747.0,1792.0,1792.0,1837.0,1887.0,2242.0
30192-08,37192-08,967.0,1007.0,1037.0,1037.0,1067.0,1117.0,1167.0,1217.0,1817.0,1967.0,,,1567.0,1567.0,1607.0,1657.0,1657.0,1702.0,1747.0,1792.0,1792.0,1837.0,1887.0,2242.0
30192-09,37192-09,607.0,627.0,642.0,642.0,677.0,712.0,747.0,782.0,1202.0,1307.0,,,857.0,857.0,897.0,947.0,947.0,992.0,1037.0,1082.0,1082.0,1127.0,1157.0,1307.0
30192-10,37192-10,461.0,481.0,496.0,496.0,516.0,536.0,556.0,576.0,801.0,861.0,,,786.0,786.0,826.0,876.0,876.0,921.0,966.0,1011.0,1011.0,1056.0,1086.0,1236.0
30192-11,37192-11,554.0,574.0,589.0,589.0,624.0,659.0,694.0,729.0,1149.0,1254.0,,,929.0,929.0,969.0,1019.0,1019.0,1064.0,1109.0,1154.0,1154.0,1199.0,1229.0,1379.0
30192-12,37192-12,554.0,574.0,589.0,589.0,624.0,659.0,694.0,729.0,1149.0,1254.0,,,929.0,929.0,969.0,1019.0,1019.0,1064.0,1109.0,1154.0,1154.0,1199.0,1229.0,1379.0
30192-14,37192-14,874.0,894.0,909.0,909.0,924.0,944.0,964.0,984.0,1554.0,1674.0,,,1424.0,1424.0,1464.0,1514.0,1514.0,1559.0,1604.0,1649.0,1649.0,1694.0,1744.0,2099.0
30192-15,37192-15,873.0,913.0,943.0,943.0,973.0,1023.0,1073.0,1123.0,1723.0,1873.0,,,1373.0,1373.0,1413.0,1463.0,1463.0,1508.0,1553.0,1598.0,1598.0,1643.0,1693.0,2048.0
30192-16,37192-16,873.0,913.0,943.0,943.0,973.0,1023.0,1073.0,1123.0,1723.0,1873.0,,,1373.0,1373.0,1413.0,1463.0,1463.0,1508.0,1553.0,1598.0,1598.0,1643.0,1693.0,2048.0
30192-19,37192-19,870.0,910.0,940.0,940.0,970.0,1020.0,1070.0,1120.0,1720.0,1870.0,,,1370.0,1370.0,1410.0,1460.0,1460.0,1505.0,1550.0,1595.0,1595.0,1640.0,1690.0,2045.0
30192-20,37192-20,870.0,910.0,940.0,940.0,970.0,1020.0,1070.0,1120.0,1720.0,1870.0,,,1370.0,1370.0,1410.0,1460.0,1460.0,1505.0,1550.0,1595.0,1595.0,1640.0,1690.0,2045.0
30192-35,37192-35,874.0,914.0,944.0,944.0,974.0,1024.0,1074.0,1124.0,1554.0,1674.0,,,1374.0,1374.0,1414.0,1464.0,1464.0,1509.0,1554.0,1599.0,1599.0,1644.0,1694.0,2049.0
30192-36,37192-36,874.0,914.0,944.0,944.0,974.0,1024.0,1074.0,1124.0,1554.0,1674.0,,,1374.0,1374.0,1414.0,1464.0,1464.0,1509.0,1554.0,1599.0,1599.0,1644.0,1694.0,2049.0
30192-41,37192-41,116.0,121.0,126.0,126.0,131.0,141.0,151.0,156.0,286.0,316.0,,,146.0,146.0,151.0,156.0,156.0,161.0,171.0,181.0,181.0,191.0,196.0,231.0
30192-64,37192-64,274.0,294.0,309.0,309.0,329.0,349.0,369.0,389.0,549.0,609.0,274.0,294.0,424.0,424.0,444.0,459.0,459.0,474.0,484.0,494.0,494.0,504.0,514.0,644.0
30192-71,37192-71,511.0,531.0,546.0,546.0,566.0,586.0,606.0,626.0,851.0,1001.0,,,836.0,836.0,876.0,926.0,926.0,971.0,1016.0,1061.0,1061.0,1106.0,1126.0,1511.0
30192-74,37192-74,256.0,276.0,291.0,291.0,311.0,331.0,351.0,371.0,531.0,591.0,311.0,331.0,446.0,446.0,466.0,481.0,481.0,496.0,506.0,516.0,516.0,526.0,536.0,666.0
30193-01,37193-01,1147.0,1187.0,1217.0,1217.0,1247.0,1297.0,1347.0,1397.0,1997.0,2147.0,,,1747.0,1747.0,1787.0,1837.0,1837.0,1882.0,1927.0,1972.0,1972.0,2017.0,2067.0,2557.0
30193-03,37193-03,1106.0,1146.0,1176.0,1176.0,1206.0,1256.0,1306.0,1356.0,1956.0,2106.0,,,1706.0,1706.0,1746.0,1796.0,1796.0,1841.0,1886.0,1931.0,1931.0,1976.0,2026.0,2381.0
30193-06,37193-06,836.0,856.0,871.0,871.0,891.0,911.0,931.0,951.0,-64.0,86.0,,,1336.0,1336.0,1376.0,1426.0,1426.0,1471.0,1516.0,1561.0,1561.0,1606.0,1656.0,2011.0
30193-07,37193-07,965.0,1005.0,1035.0,1035.0,1065.0,1115.0,1165.0,1215.0,1815.0,1965.0,,,1565.0,1565.0,1605.0,1655.0,1655.0,1700.0,1745.0,1790.0,1790.0,1835.0,1885.0,2240.0
30193-08,37193-08,965.0,1005.0,1035.0,1035.0,1065.0,1115.0,1165.0,1215.0,1815.0,1965.0,,,1565.0,1565.0,1605.0,1655.0,1655.0,1700.0,1745.0,1790.0,1790.0,1835.0,1885.0,2240.0
30193-09,37193-09,608.0,628.0,643.0,643.0,678.0,713.0,748.0,783.0,1203.0,1308.0,,,858.0,858.0,898.0,948.0,948.0,993.0,1038.0,1083.0,1083.0,1128.0,1158.0,1308.0
30193-10,37193-10,462.0,482.0,497.0,497.0,517.0,537.0,557.0,577.0,802.0,862.0,,,787.0,787.0,827.0,877.0,877.0,922.0,967.0,1012.0,1012.0,1057.0,1087.0,1237.0
30193-11,37193-11,552.0,572.0,587.0,587.0,622.0,657.0,692.0,727.0,1147.0,1252.0,,,927.0,927.0,967.0,1017.0,1017.0,1062.0,1107.0,1152.0,1152.0,1197.0,1227.0,1377.0
30193-12,37193-12,552.0,572.0,587.0,587.0,622.0,657.0,692.0,727.0,1147.0,1252.0,,,927.0,927.0,967.0,1017.0,1017.0,1062.0,1107.0,1152.0,1152.0,1197.0,1227.0,1377.0
30193-14,37193-14,874.0,894.0,909.0,909.0,924.0,944.0,964.0,984.0,1554.0,1674.0,,,1424.0,1424.0,1464.0,1514.0,1514.0,1559.0,1604.0,1649.0,1649.0,1694.0,1744.0,2099.0
30193-15,37193-15,873.0,913.0,943.0,943.0,973.0,1023.0,1073.0,1123.0,1723.0,1873.0,,,1373.0,1373.0,1413.0,1463.0,1463.0,1508.0,1553.0,1598.0,1598.0,1643.0,1693.0,2048.0
30193-16,37193-16,873.0,913.0,943.0,943.0,973.0,1023.0,1073.0,1123.0,1723.0,1873.0,,,1373.0,1373.0,1413.0,1463.0,1463.0,1508.0,1553.0,1598.0,1598.0,1643.0,1693.0,2048.0
30193-19,37193-19,880.0,920.0,950.0,950.0,980.0,1030.0,1080.0,1130.0,1730.0,1880.0,,,1380.0,1380.0,1420.0,1470.0,1470.0,1515.0,1560.0,1605.0,1605.0,1650.0,1700.0,2055.0
30193-20,37193-20,880.0,920.0,950.0,950.0,980.0,1030.0,1080.0,1130.0,1730.0,1880.0,,,1380.0,1380.0,1420.0,1470.0,1470.0,1515.0,1560.0,1605.0,1605.0,1650.0,1700.0,2055.0
30193-35,37193-35,874.0,914.0,944.0,944.0,974.0,1024.0,1074.0,1124.0,1554.0,1674.0,,,1374.0,1374.0,1414.0,1464.0,1464.0,1509.0,1554.0,1599.0,1599.0,1644.0,1694.0,2049.0
30193-36,37193-36,874.0,914.0,944.0,944.0,974.0,1024.0,1074.0,1124.0,1554.0,1674.0,,,1374.0,1374.0,1414.0,1464.0,1464.0,1509.0,1554.0,1599.0,1599.0,1644.0,1694.0,2049.0
30193-41,37193-41,116.0,121.0,126.0,126.0,131.0,141.0,151.0,156.0,286.0,316.0,,,146.0,146.0,151.0,156.0,156.0,161.0,171.0,181.0,181.0,191.0,196.0,231.0
30193-64,37193-64,280.0,300.0,315.0,315.0,335.0,355.0,375.0,395.0,555.0,615.0,280.0,300.0,430.0,430.0,450.0,465.0,465.0,480.0,490.0,500.0,500.0,510.0,520.0,650.0
30193-71,37193-71,511.0,531.0,546.0,546.0,566.0,586.0,606.0,626.0,851.0,1001.0,,,836.0,836.0,876.0,926.0,926.0,971.0,1016.0,1061.0,1061.0,1106.0,1126.0,1511.0
30193-74,37193-74,256.0,277.0,292.0,292.0,312.0,332.0,352.0,372.0,532.0,592.0,312.0,332.0,447.0,447.0,467.0,482.0,482.0,497.0,507.0,517.0,517.0,527.0,537.0,667.0
30236-03,37236-03,865.0,905.0,935.0,935.0,965.0,1015.0,1065.0,1115.0,1715.0,1865.0,,,1465.0,1465.0,1505.0,1555.0,1555.0,1600.0,1645.0,1690.0,1690.0,1735.0,1785.0,2140.0
30236-S3,37236-S3,1076.0,1116.0,1146.0,1146.0,1176.0,1226.0,1276.0,1326.0,1926.0,2076.0,,,1676.0,1676.0,1716.0,1766.0,1766.0,1811.0,1856.0,1901.0,1901.0,1946.0,1996.0,2486.0
30237-03,37237-03,867.0,907.0,937.0,937.0,967.0,1017.0,1067.0,1117.0,1717.0,1867.0,,,1467.0,1467.0,1507.0,1557.0,1557.0,1602.0,1647.0,1692.0,1692.0,1737.0,1787.0,2142.0
30237-S3,37237-S3,1076.0,1116.0,1146.0,1146.0,1176.0,1226.0,1276.0,1326.0,-124.0,26.0,,,1676.0,1676.0,1716.0,1766.0,1766.0,1811.0,1856.0,1901.0,1901.0,1946.0,1996.0,2486.0
30292-03,37292-03,1017.0,1057.0,1087.0,1087.0,1117.0,1167.0,1217.0,1267.0,1867.0,2017.0,,,1617.0,1617.0,1657.0,1707.0,1707.0,1752.0,1797.0,1842.0,1842.0,1887.0,1937.0,2292.0
30292-S3,37292-S3,1226.0,1266.0,1296.0,1296.0,1326.0,1376.0,1426.0,1476.0,2076.0,2226.0,,,1826.0,1826.0,1866.0,1916.0,1916.0,1961.0,2006.0,2051.0,2051.0,2096.0,2146.0,2636.0
30293-03,37293-03,1015.0,1055.0,1085.0,1085.0,1115.0,1165.0,1215.0,1265.0,1865.0,2015.0,,,1615.0,1615.0,1655.0,1705.0,1705.0,1750.0,1795.0,1840.0,1840.0,1885.0,1935.0,2290.0
30293-S3,37293-S3,1226.0,1266.0,1296.0,1296.0,1326.0,1376.0,1426.0,1476.0,-124.0,26.0,,,1826.0,1826.0,1866.0,1916.0,1916.0,1961.0,2006.0,2051.0,2051.0,2096.0,2146.0,2636.0
30181-09,37181-09,636.0,656.0,671.0,671.0,706.0,741.0,776.0,811.0,1231.0,1336.0,,,936.0,936.0,976.0,1026.0,1026.0,1071.0,1116.0,1161.0,1161.0,1206.0,1236.0,1386.0
30181-10,37181-10,357.0,377.0,392.0,392.0,412.0,432.0,452.0,472.0,697.0,757.0,,,657.0,657.0,697.0,747.0,747.0,792.0,837.0,882.0,882.0,927.0,957.0,1107.0
30181-11,37181-11,445.0,465.0,480.0,480.0,515.0,550.0,585.0,620.0,1040.0,1145.0,,,745.0,745.0,785.0,835.0,835.0,880.0,925.0,970.0,970.0,1015.0,1045.0,1195.0
30181-12,37181-12,445.0,465.0,480.0,480.0,515.0,550.0,585.0,620.0,1040.0,1145.0,,,745.0,745.0,785.0,835.0,835.0,880.0,925.0,970.0,970.0,1015.0,1045.0,1195.0
30181-H2,37181-H2,193.0,198.0,203.0,203.0,208.0,213.0,218.0,223.0,328.0,353.0,,,218.0,218.0,223.0,228.0,228.0,233.0,238.0,243.0,243.0,248.0,253.0,293.0
30191-09,37191-09,636.0,656.0,671.0,671.0,706.0,741.0,776.0,811.0,1231.0,1336.0,,,936.0,936.0,976.0,1026.0,1026.0,1071.0,1116.0,1161.0,1161.0,1206.0,1236.0,1386.0
30191-10,37191-10,402.0,422.0,437.0,437.0,457.0,477.0,497.0,517.0,742.0,802.0,,,702.0,702.0,742.0,792.0,792.0,837.0,882.0,927.0,927.0,972.0,1002.0,1152.0
30191-11,37191-11,490.0,510.0,525.0,525.0,560.0,595.0,630.0,665.0,1085.0,1190.0,,,790.0,790.0,830.0,880.0,880.0,925.0,970.0,1015.0,1015.0,1060.0,1090.0,1240.0
30191-12,37191-12,490.0,510.0,525.0,525.0,560.0,595.0,630.0,665.0,1085.0,1190.0,,,790.0,790.0,830.0,880.0,880.0,925.0,970.0,1015.0,1015.0,1060.0,1090.0,1240.0
30191-H3,37191-H3,222.0,227.0,232.0,232.0,237.0,242.0,247.0,252.0,357.0,382.0,,,247.0,247.0,252.0,257.0,257.0,262.0,267.0,272.0,272.0,277.0,282.0,322.0
30280-10,37280-10,857.0,877.0,892.0,892.0,912.0,932.0,952.0,972.0,1197.0,1257.0,,,1157.0,1157.0,1197.0,1247.0,1247.0,1292.0,1337.0,1382.0,1382.0,1427.0,1457.0,1607.0
30280-11,37280-11,945.0,965.0,980.0,980.0,1015.0,1050.0,1085.0,1120.0,1540.0,1645.0,,,1245.0,1245.0,1285.0,1335.0,1335.0,1380.0,1425.0,1470.0,1470.0,1515.0,1545.0,1695.0
30280-12,37280-12,945.0,965.0,980.0,980.0,1015.0,1050.0,1085.0,1120.0,1540.0,1645.0,,,1245.0,1245.0,1285.0,1335.0,1335.0,1380.0,1425.0,1470.0,1470.0,1515.0,1545.0,1695.0
30290-10,37290-10,902.0,922.0,937.0,937.0,957.0,977.0,997.0,1017.0,1242.0,1302.0,,,1202.0,1202.0,1242.0,1292.0,1292.0,1337.0,1382.0,1427.0,1427.0,1472.0,1502.0,1652.0
30290-11,37290-11,990.0,1010.0,1025.0,1025.0,1060.0,1095.0,1130.0,1165.0,1585.0,1690.0,,,1290.0,1290.0,1330.0,1380.0,1380.0,1425.0,1470.0,1515.0,1515.0,1560.0,1590.0,1740.0
30290-12,37290-12,990.0,1010.0,1025.0,1025.0,1060.0,1095.0,1130.0,1165.0,1585.0,1690.0,,,1290.0,1290.0,1330.0,1380.0,1380.0,1425.0,1470.0,1515.0,1515.0,1560.0,1590.0,1740.0
31127-01,37127-01,705.0,745.0,775.0,775.0,805.0,855.0,905.0,955.0,1555.0,1705.0,,,1255.0,1255.0,1295.0,1345.0,1345.0,1390.0,1435.0,1480.0,1480.0,1525.0,1575.0,2065.0
31127-02,37127-02,373.0,393.0,408.0,408.0,428.0,448.0,468.0,488.0,798.0,873.0,,,548.0,548.0,588.0,638.0,638.0,683.0,728.0,773.0,773.0,818.0,868.0,1223.0
31127-03,37127-03,625.0,665.0,695.0,695.0,725.0,775.0,825.0,875.0,1475.0,1625.0,,,1075.0,1075.0,1115.0,1165.0,1165.0,1210.0,1255.0,1300.0,1300.0,1345.0,1395.0,1750.0
31127-04,37127-04,237.0,257.0,272.0,272.0,292.0,312.0,332.0,352.0,577.0,637.0,292.0,312.0,312.0,312.0,332.0,347.0,347.0,362.0,372.0,382.0,382.0,392.0,402.0,532.0
31127-07,37127-07,579.0,619.0,649.0,649.0,679.0,729.0,779.0,829.0,1429.0,1579.0,,,1004.0,1004.0,1044.0,1094.0,1094.0,1139.0,1184.0,1229.0,1229.0,1274.0,1324.0,1679.0
31127-08,37127-08,579.0,619.0,649.0,649.0,679.0,729.0,779.0,829.0,1429.0,1579.0,,,1004.0,1004.0,1044.0,1094.0,1094.0,1139.0,1184.0,1229.0,1229.0,1274.0,1324.0,1679.0
31127-15,37127-15,585.0,625.0,655.0,655.0,685.0,735.0,785.0,835.0,1435.0,1585.0,,,1010.0,1010.0,1050.0,1100.0,1100.0,1145.0,1190.0,1235.0,1235.0,1280.0,1330.0,1685.0
31127-16,37127-16,585.0,625.0,655.0,655.0,685.0,735.0,785.0,835.0,1435.0,1585.0,,,1010.0,1010.0,1050.0,1100.0,1100.0,1145.0,1190.0,1235.0,1235.0,1280.0,1330.0,1685.0
31127-39,37127-39,824.0,864.0,894.0,894.0,924.0,974.0,1024.0,1074.0,1674.0,1824.0,,,1349.0,1349.0,1389.0,1439.0,1439.0,1484.0,1529.0,1574.0,1574.0,1619.0,1669.0,2159.0
31127-40,37127-40,824.0,864.0,894.0,894.0,924.0,974.0,1024.0,1074.0,1674.0,1824.0,,,1349.0,1349.0,1389.0,1439.0,1439.0,1484.0,1529.0,1574.0,1574.0,1619.0,1669.0,2159.0
31127-54,37127-54,497.0,537.0,567.0,567.0,597.0,647.0,697.0,747.0,922.0,997.0,,,797.0,797.0,837.0,887.0,887.0,932.0,977.0,1022.0,1022.0,1067.0,1117.0,1472.0
31127-65,37127-65,76.0,81.0,86.0,86.0,91.0,101.0,111.0,116.0,246.0,276.0,,,116.0,116.0,121.0,126.0,126.0,131.0,141.0,151.0,151.0,161.0,166.0,191.0
31127-86,37127-86,783.0,823.0,853.0,853.0,883.0,933.0,983.0,1033.0,1633.0,1783.0,,,1308.0,1308.0,1348.0,1398.0,1398.0,1443.0,1488.0,1533.0,1533.0,1578.0,1628.0,1983.0
31127-87,37127-87,783.0,823.0,853.0,853.0,883.0,933.0,983.0,1033.0,1633.0,1783.0,,,1308.0,1308.0,1348.0,1398.0,1398.0,1443.0,1488.0,1533.0,1533.0,1578.0,1628.0,1983.0
31127-H1,37127-H1,93.0,99.0,104.0,104.0,109.0,114.0,119.0,124.0,229.0,254.0,,,119.0,119.0,124.0,129.0,129.0,134.0,139.0,144.0,144.0,149.0,154.0,194.0
31127-H2,37127-H2,103.0,109.0,114.0,114.0,119.0,124.0,129.0,134.0,239.0,264.0,,,129.0,129.0,134.0,139.0,139.0,144.0,149.0,154.0,154.0,159.0,164.0,204.0
31128-01,37128-01,770.0,810.0,840.0,840.0,870.0,920.0,970.0,1020.0,1620.0,1770.0,,,1295.0,1295.0,1335.0,1385.0,1385.0,1430.0,1475.0,1520.0,1520.0,1565.0,1615.0,2105.0
31128-03,37128-03,665.0,705.0,735.0,735.0,765.0,815.0,865.0,915.0,1515.0,1665.0,,,1090.0,1090.0,1130.0,1180.0,1180.0,1225.0,1270.0,1315.0,1315.0,1360.0,1410.0,1765.0
31128-07,37128-07,619.0,659.0,689.0,689.0,719.0,769.0,819.0,869.0,1469.0,1619.0,,,1044.0,1044.0,1084.0,1134.0,1134.0,1179.0,1224.0,1269.0,1269.0,1314.0,1364.0,1719.0
31128-08,37128-08,619.0,659.0,689.0,689.0,719.0,769.0,819.0,869.0,1469.0,1619.0,,,1044.0,1044.0,1084.0,1134.0,1134.0,1179.0,1224.0,1269.0,1269.0,1314.0,1364.0,1719.0
31128-14,37128-14,637.0,657.0,672.0,672.0,687.0,707.0,727.0,747.0,1317.0,1437.0,,,1017.0,1017.0,1057.0,1107.0,1107.0,1152.0,1197.0,1242.0,1242.0,1287.0,1337.0,1692.0
31128-15,37128-15,624.0,664.0,694.0,694.0,724.0,774.0,824.0,874.0,1474.0,1624.0,,,1049.0,1049.0,1089.0,1139.0,1139.0,1184.0,1229.0,1274.0,1274.0,1319.0,1369.0,1724.0
31128-16,37128-16,624.0,664.0,694.0,694.0,724.0,774.0,824.0,874.0,1474.0,1624.0,,,1049.0,1049.0,1089.0,1139.0,1139.0,1184.0,1229.0,1274.0,1274.0,1319.0,1369.0,1724.0
31128-35,37128-35,622.0,662.0,692.0,692.0,722.0,772.0,822.0,872.0,1302.0,1422.0,,,1047.0,1047.0,1087.0,1137.0,1137.0,1182.0,1227.0,1272.0,1272.0,1317.0,1367.0,1722.0
31128-36,37128-36,622.0,662.0,692.0,692.0,722.0,772.0,822.0,872.0,1302.0,1422.0,,,1047.0,1047.0,1087.0,1137.0,1137.0,1182.0,1227.0,1272.0,1272.0,1317.0,1367.0,1722.0
31128-37,37128-37,665.0,705.0,735.0,735.0,765.0,815.0,865.0,915.0,1515.0,1665.0,,,1115.0,1115.0,1155.0,1205.0,1205.0,1250.0,1295.0,1340.0,1340.0,1385.0,1435.0,1790.0
31128-38,37128-38,665.0,705.0,735.0,735.0,765.0,815.0,865.0,915.0,1515.0,1665.0,,,1115.0,1115.0,1155.0,1205.0,1205.0,1250.0,1295.0,1340.0,1340.0,1385.0,1435.0,1790.0
31128-39,37128-39,860.0,900.0,930.0,930.0,960.0,1010.0,1060.0,1110.0,1710.0,1860.0,,,1385.0,1385.0,1425.0,1475.0,1475.0,1520.0,1565.0,1610.0,1610.0,1655.0,1705.0,2195.0
31128-40,37128-40,860.0,900.0,930.0,930.0,960.0,1010.0,1060.0,1110.0,1710.0,1860.0,,,1385.0,1385.0,1425.0,1475.0,1475.0,1520.0,1565.0,1610.0,1610.0,1655.0,1705.0,2195.0
31128-64,37128-64,248.0,268.0,283.0,283.0,303.0,323.0,343.0,363.0,523.0,583.0,303.0,323.0,358.0,358.0,378.0,393.0,393.0,408.0,418.0,428.0,428.0,438.0,448.0,578.0
31128-74,37128-74,273.0,293.0,308.0,308.0,328.0,348.0,368.0,388.0,548.0,608.0,328.0,348.0,403.0,403.0,423.0,438.0,438.0,453.0,463.0,473.0,473.0,483.0,493.0,623.0
31128-86,37128-86,818.0,858.0,888.0,888.0,918.0,968.0,1018.0,1068.0,1668.0,1818.0,,,1343.0,1343.0,1383.0,1433.0,1433.0,1478.0,1523.0,1568.0,1568.0,1613.0,1663.0,2018.0
31128-87,37128-87,818.0,858.0,888.0,888.0,918.0,968.0,1018.0,1068.0,1668.0,1818.0,,,1343.0,1343.0,1383.0,1433.0,1433.0,1478.0,1523.0,1568.0,1568.0,1613.0,1663.0,2018.0
31128-S3,37128-S3,864.0,904.0,934.0,934.0,964.0,1014.0,1064.0,1114.0,1714.0,1864.0,,,1389.0,1389.0,1429.0,1479.0,1479.0,1524.0,1569.0,1614.0,1614.0,1659.0,1709.0,2199.0
31128-H2,37128-H2,103.0,109.0,114.0,114.0,119.0,124.0,129.0,134.0,239.0,264.0,,,129.0,129.0,134.0,139.0,139.0,144.0,149.0,154.0,154.0,159.0,164.0,204.0
31128-H3,37128-H3,119.0,124.0,129.0,129.0,134.0,139.0,144.0,149.0,254.0,279.0,,,139.0,139.0,144.0,149.0,149.0,154.0,159.0,164.0,164.0,169.0,174.0,214.0
30215-01,37215-01,545.0,585.0,615.0,615.0,645.0,695.0,745.0,795.0,1395.0,1545.0,,,1045.0,1045.0,1085.0,1135.0,1135.0,1180.0,1225.0,1270.0,1270.0,1315.0,1365.0,1855.0
30215-02,37215-02,327.0,347.0,362.0,362.0,382.0,402.0,422.0,442.0,752.0,827.0,,,477.0,477.0,517.0,567.0,567.0,612.0,657.0,702.0,702.0,747.0,797.0,1152.0
30215-03,37215-03,485.0,525.0,555.0,555.0,585.0,635.0,685.0,735.0,1335.0,1485.0,,,985.0,985.0,1025.0,1075.0,1075.0,1120.0,1165.0,1210.0,1210.0,1255.0,1305.0,1660.0
30215-04,37215-04,172.0,192.0,207.0,207.0,227.0,247.0,267.0,287.0,512.0,572.0,,,292.0,292.0,312.0,327.0,327.0,342.0,352.0,362.0,362.0,372.0,382.0,512.0
30215-24,37215-24,282.0,302.0,317.0,317.0,337.0,357.0,377.0,397.0,622.0,682.0,,,407.0,407.0,447.0,497.0,497.0,542.0,587.0,632.0,632.0,677.0,707.0,857.0
30215-S3,37215-S3,643.0,683.0,713.0,713.0,743.0,793.0,843.0,893.0,1493.0,1643.0,,,1143.0,1143.0,1183.0,1233.0,1233.0,1278.0,1323.0,1368.0,1368.0,1413.0,1463.0,1953.0
30216-01,37216-01,545.0,585.0,615.0,615.0,645.0,695.0,745.0,795.0,1395.0,1545.0,,,1045.0,1045.0,1085.0,1135.0,1135.0,1180.0,1225.0,1270.0,1270.0,1315.0,1365.0,1855.0
30216-02,37216-02,327.0,347.0,362.0,362.0,382.0,402.0,422.0,442.0,752.0,827.0,,,477.0,477.0,517.0,567.0,567.0,612.0,657.0,702.0,702.0,747.0,797.0,1152.0
30216-03,37216-03,485.0,525.0,555.0,555.0,585.0,635.0,685.0,735.0,1335.0,1485.0,,,985.0,985.0,1025.0,1075.0,1075.0,1120.0,1165.0,1210.0,1210.0,1255.0,1305.0,1660.0
30216-04,37216-04,172.0,192.0,207.0,207.0,227.0,247.0,267.0,287.0,512.0,572.0,,,292.0,292.0,312.0,327.0,327.0,342.0,352.0,362.0,362.0,372.0,382.0,512.0
30216-24,37216-24,282.0,302.0,317.0,317.0,337.0,357.0,377.0,397.0,622.0,682.0,,,407.0,407.0,447.0,497.0,497.0,542.0,587.0,632.0,632.0,677.0,707.0,857.0
30216-S3,37216-S3,643.0,683.0,713.0,713.0,743.0,793.0,843.0,893.0,1493.0,1643.0,,,1143.0,1143.0,1183.0,1233.0,1233.0,1278.0,1323.0,1368.0,1368.0,1413.0,1463.0,1953.0
30026-04,37026-04,220.0,240.0,255.0,255.0,275.0,295.0,315.0,335.0,560.0,620.0,240.0,260.0,370.0,370.0,390.0,405.0,405.0,420.0,430.0,440.0,440.0,450.0,460.0,590.0
30026-09,37026-09,354.0,374.0,389.0,389.0,424.0,459.0,494.0,529.0,949.0,1054.0,,,529.0,529.0,569.0,619.0,619.0,664.0,709.0,754.0,754.0,799.0,829.0,979.0
30026-10,37026-10,232.0,252.0,267.0,267.0,287.0,307.0,327.0,347.0,572.0,632.0,,,457.0,457.0,497.0,547.0,547.0,592.0,637.0,682.0,682.0,727.0,757.0,907.0
30026-11,37026-11,375.0,395.0,410.0,410.0,445.0,480.0,515.0,550.0,970.0,1075.0,,,550.0,550.0,590.0,640.0,640.0,685.0,730.0,775.0,775.0,820.0,850.0,1000.0
30026-12,37026-12,375.0,395.0,410.0,410.0,445.0,480.0,515.0,550.0,970.0,1075.0,,,550.0,550.0,590.0,640.0,640.0,685.0,730.0,775.0,775.0,820.0,850.0,1000.0
30026-15,37026-15,435.0,475.0,505.0,505.0,535.0,585.0,635.0,685.0,1285.0,1435.0,,,610.0,610.0,650.0,700.0,700.0,745.0,790.0,835.0,835.0,880.0,930.0,1285.0
30026-16,37026-16,435.0,475.0,505.0,505.0,535.0,585.0,635.0,685.0,1285.0,1435.0,,,610.0,610.0,650.0,700.0,700.0,745.0,790.0,835.0,835.0,880.0,930.0,1285.0
30151-01,37151-01,1132.0,1172.0,1202.0,1202.0,1232.0,1282.0,1332.0,1382.0,1982.0,2132.0,,,1682.0,1682.0,1722.0,1772.0,1772.0,1817.0,1862.0,1907.0,1907.0,1952.0,2002.0,2492.0
30151-03,37151-03,1044.0,1084.0,1114.0,1114.0,1144.0,1194.0,1244.0,1294.0,1894.0,2044.0,,,1594.0,1594.0,1634.0,1684.0,1684.0,1729.0,1774.0,1819.0,1819.0,1864.0,1914.0,2269.0
30151-07,37151-07,975.0,1015.0,1045.0,1045.0,1075.0,1125.0,1175.0,1225.0,1825.0,1975.0,,,1500.0,1500.0,1540.0,1590.0,1590.0,1635.0,1680.0,1725.0,1725.0,1770.0,1820.0,2175.0
30151-08,37151-08,975.0,1015.0,1045.0,1045.0,1075.0,1125.0,1175.0,1225.0,1825.0,1975.0,,,1500.0,1500.0,1540.0,1590.0,1590.0,1635.0,1680.0,1725.0,1725.0,1770.0,1820.0,2175.0
30151-09,37151-09,471.0,491.0,506.0,506.0,541.0,576.0,611.0,646.0,1066.0,1171.0,,,671.0,671.0,711.0,761.0,761.0,806.0,851.0,896.0,896.0,941.0,971.0,1121.0
30151-10,37151-10,426.0,446.0,461.0,461.0,481.0,501.0,521.0,541.0,766.0,826.0,,,576.0,576.0,616.0,666.0,666.0,711.0,756.0,801.0,801.0,846.0,876.0,1026.0
30151-14,37151-14,855.0,875.0,890.0,890.0,905.0,925.0,945.0,965.0,1535.0,1655.0,,,1155.0,1155.0,1195.0,1245.0,1245.0,1290.0,1335.0,1380.0,1380.0,1425.0,1475.0,1830.0
30151-15,37151-15,804.0,844.0,874.0,874.0,904.0,954.0,1004.0,1054.0,1654.0,1804.0,,,1104.0,1104.0,1144.0,1194.0,1194.0,1239.0,1284.0,1329.0,1329.0,1374.0,1424.0,1779.0
30151-16,37151-16,804.0,844.0,874.0,874.0,904.0,954.0,1004.0,1054.0,1654.0,1804.0,,,1104.0,1104.0,1144.0,1194.0,1194.0,1239.0,1284.0,1329.0,1329.0,1374.0,1424.0,1779.0
30151-35,37151-35,755.0,795.0,825.0,825.0,855.0,905.0,955.0,1005.0,1435.0,1555.0,,,1055.0,1055.0,1095.0,1145.0,1145.0,1190.0,1235.0,1280.0,1280.0,1325.0,1375.0,1730.0
30151-36,37151-36,755.0,795.0,825.0,825.0,855.0,905.0,955.0,1005.0,1435.0,1555.0,,,1055.0,1055.0,1095.0,1145.0,1145.0,1190.0,1235.0,1280.0,1280.0,1325.0,1375.0,1730.0
30151-37,37151-37,1050.0,1090.0,1120.0,1120.0,1150.0,1200.0,1250.0,1300.0,1900.0,2050.0,,,1600.0,1600.0,1640.0,1690.0,1690.0,1735.0,1780.0,1825.0,1825.0,1870.0,1920.0,2275.0
30151-38,37151-38,1050.0,1090.0,1120.0,1120.0,1150.0,1200.0,1250.0,1300.0,1900.0,2050.0,,,1600.0,1600.0,1640.0,1690.0,1690.0,1735.0,1780.0,1825.0,1825.0,1870.0,1920.0,2275.0
30151-39,37151-39,1223.0,1263.0,1293.0,1293.0,1323.0,1373.0,1423.0,1473.0,2073.0,2223.0,,,1773.0,1773.0,1813.0,1863.0,1863.0,1908.0,1953.0,1998.0,1998.0,2043.0,2093.0,2583.0
30151-40,37151-40,1223.0,1263.0,1293.0,1293.0,1323.0,1373.0,1423.0,1473.0,2073.0,2223.0,,,1773.0,1773.0,1813.0,1863.0,1863.0,1908.0,1953.0,1998.0,1998.0,2043.0,2093.0,2583.0
30151-64,37151-64,252.0,272.0,287.0,287.0,307.0,327.0,347.0,367.0,527.0,587.0,,,327.0,327.0,347.0,362.0,362.0,377.0,387.0,397.0,397.0,407.0,417.0,547.0
30151-74,37151-74,272.0,292.0,307.0,307.0,327.0,347.0,367.0,387.0,547.0,607.0,,,347.0,347.0,367.0,382.0,382.0,397.0,407.0,417.0,417.0,427.0,437.0,567.0
30151-86,37151-86,1178.0,1218.0,1248.0,1248.0,1278.0,1328.0,1378.0,1428.0,2028.0,2178.0,,,1728.0,1728.0,1768.0,1818.0,1818.0,1863.0,1908.0,1953.0,1953.0,1998.0,2048.0,2403.0
30151-87,37151-87,1178.0,1218.0,1248.0,1248.0,1278.0,1328.0,1378.0,1428.0,2028.0,2178.0,,,1728.0,1728.0,1768.0,1818.0,1818.0,1863.0,1908.0,1953.0,1953.0,1998.0,2048.0,2403.0
30151-S3,37151-S3,1223.0,1263.0,1293.0,1293.0,1323.0,1373.0,1423.0,1473.0,2073.0,2223.0,,,1773.0,1773.0,1813.0,1863.0,1863.0,1908.0,1953.0,1998.0,1998.0,2043.0,2093.0,2583.0
31116-01,37116-01,830.0,870.0,900.0,900.0,930.0,980.0,1030.0,1080.0,1680.0,1830.0,,,1380.0,1380.0,1420.0,1470.0,1470.0,1515.0,1560.0,1605.0,1605.0,1650.0,1700.0,2190.0
31116-02,37116-02,421.0,441.0,456.0,456.0,476.0,496.0,516.0,536.0,846.0,921.0,,,571.0,571.0,611.0,661.0,661.0,706.0,751.0,796.0,796.0,841.0,891.0,1246.0
31116-03,37116-03,746.0,786.0,816.0,816.0,846.0,896.0,946.0,996.0,1596.0,1746.0,,,1146.0,1146.0,1186.0,1236.0,1236.0,1281.0,1326.0,1371.0,1371.0,1416.0,1466.0,1821.0
31116-04,37116-04,189.0,209.0,224.0,224.0,244.0,264.0,284.0,304.0,529.0,589.0,224.0,244.0,289.0,289.0,309.0,324.0,324.0,339.0,349.0,359.0,359.0,369.0,379.0,509.0
31116-07,37116-07,700.0,740.0,770.0,770.0,800.0,850.0,900.0,950.0,1550.0,1700.0,,,1050.0,1050.0,1090.0,1140.0,1140.0,1185.0,1230.0,1275.0,1275.0,1320.0,1370.0,1725.0
31116-08,37116-08,700.0,740.0,770.0,770.0,800.0,850.0,900.0,950.0,1550.0,1700.0,,,1050.0,1050.0,1090.0,1140.0,1140.0,1185.0,1230.0,1275.0,1275.0,1320.0,1370.0,1725.0
31116-09,37116-09,420.0,440.0,455.0,455.0,490.0,525.0,560.0,595.0,1015.0,1120.0,,,645.0,645.0,685.0,735.0,735.0,780.0,825.0,870.0,870.0,915.0,945.0,1095.0
31116-10,37116-10,326.0,346.0,361.0,361.0,381.0,401.0,421.0,441.0,666.0,726.0,,,601.0,601.0,641.0,691.0,691.0,736.0,781.0,826.0,826.0,871.0,901.0,1051.0
31116-14,37116-14,554.0,574.0,589.0,589.0,604.0,624.0,644.0,664.0,1234.0,1354.0,,,954.0,954.0,994.0,1044.0,1044.0,1089.0,1134.0,1179.0,1179.0,1224.0,1274.0,1629.0
31116-15,37116-15,679.0,719.0,749.0,749.0,779.0,829.0,879.0,929.0,1529.0,1679.0,,,1054.0,1054.0,1094.0,1144.0,1144.0,1189.0,1234.0,1279.0,1279.0,1324.0,1374.0,1729.0
31116-16,37116-16,679.0,719.0,749.0,749.0,779.0,829.0,879.0,929.0,1529.0,1679.0,,,1054.0,1054.0,1094.0,1144.0,1144.0,1189.0,1234.0,1279.0,1279.0,1324.0,1374.0,1729.0
31116-35,37116-35,679.0,719.0,749.0,749.0,779.0,829.0,879.0,929.0,1359.0,1479.0,,,1054.0,1054.0,1094.0,1144.0,1144.0,1189.0,1234.0,1279.0,1279.0,1324.0,1374.0,1729.0
31116-36,37116-36,679.0,719.0,749.0,749.0,779.0,829.0,879.0,929.0,1359.0,1479.0,,,1054.0,1054.0,1094.0,1144.0,1144.0,1189.0,1234.0,1279.0,1279.0,1324.0,1374.0,1729.0
31116-39,37116-39,922.0,962.0,992.0,992.0,1022.0,1072.0,1122.0,1172.0,1772.0,1922.0,,,1472.0,1472.0,1512.0,1562.0,1562.0,1607.0,1652.0,1697.0,1697.0,1742.0,1792.0,2282.0
31116-40,37116-40,922.0,962.0,992.0,992.0,1022.0,1072.0,1122.0,1172.0,1772.0,1922.0,,,1472.0,1472.0,1512.0,1562.0,1562.0,1607.0,1652.0,1697.0,1697.0,1742.0,1792.0,2282.0
31116-64,37116-64,235.0,255.0,270.0,270.0,290.0,310.0,330.0,350.0,510.0,570.0,265.0,285.0,310.0,310.0,330.0,345.0,345.0,360.0,370.0,380.0,380.0,390.0,400.0,530.0
31116-74,37116-74,230.0,250.0,265.0,265.0,285.0,305.0,325.0,345.0,505.0,565.0,260.0,280.0,305.0,305.0,325.0,340.0,340.0,355.0,365.0,375.0,375.0,385.0,395.0,525.0
31116-82,37116-82,826.0,866.0,896.0,896.0,926.0,976.0,1026.0,1076.0,1676.0,1826.0,,,1376.0,1376.0,1416.0,1466.0,1466.0,1511.0,1556.0,1601.0,1601.0,1646.0,1696.0,2051.0
31116-83,37116-83,826.0,866.0,896.0,896.0,926.0,976.0,1026.0,1076.0,1676.0,1826.0,,,1376.0,1376.0,1416.0,1466.0,1466.0,1511.0,1556.0,1601.0,1601.0,1646.0,1696.0,2051.0
31116-84,37116-84,832.0,872.0,902.0,902.0,932.0,982.0,1032.0,1082.0,1682.0,1832.0,,,1382.0,1382.0,1422.0,1472.0,1472.0,1517.0,1562.0,1607.0,1607.0,1652.0,1702.0,2057.0
31116-85,37116-85,832.0,872.0,902.0,902.0,932.0,982.0,1032.0,1082.0,1682.0,1832.0,,,1382.0,1382.0,1422.0,1472.0,1472.0,1517.0,1562.0,1607.0,1607.0,1652.0,1702.0,2057.0
31116-86,37116-86,878.0,918.0,948.0,948.0,978.0,1028.0,1078.0,1128.0,1728.0,1878.0,,,1378.0,1378.0,1418.0,1468.0,1468.0,1513.0,1558.0,1603.0,1603.0,1648.0,1698.0,2053.0
31116-87,37116-87,878.0,918.0,948.0,948.0,978.0,1028.0,1078.0,1128.0,1728.0,1878.0,,,1378.0,1378.0,1418.0,1468.0,1468.0,1513.0,1558.0,1603.0,1603.0,1648.0,1698.0,2053.0
31116-91,37116-91,788.0,828.0,858.0,858.0,888.0,938.0,988.0,1038.0,1638.0,1788.0,,,1338.0,1338.0,1378.0,1428.0,1428.0,1473.0,1518.0,1563.0,1563.0,1608.0,1658.0,2013.0
31116-93,37116-93,230.0,250.0,265.0,265.0,285.0,305.0,325.0,345.0,505.0,565.0,270.0,290.0,330.0,330.0,350.0,365.0,365.0,380.0,390.0,400.0,400.0,410.0,420.0,550.0
31116-94,37116-94,235.0,255.0,270.0,270.0,290.0,310.0,330.0,350.0,510.0,570.0,275.0,295.0,335.0,335.0,355.0,370.0,370.0,385.0,395.0,405.0,405.0,415.0,425.0,555.0
31116-S3,37116-S3,924.0,964.0,994.0,994.0,1024.0,1074.0,1124.0,1174.0,1774.0,1924.0,,,1474.0,1474.0,1514.0,1564.0,1564.0,1609.0,1654.0,1699.0,1699.0,1744.0,1794.0,2284.0
31116-H2,37116-H2,104.0,109.0,114.0,114.0,119.0,124.0,129.0,134.0,239.0,264.0,,,119.0,119.0,124.0,129.0,129.0,134.0,139.0,144.0,144.0,149.0,154.0,194.0
31116-H3,37116-H3,117.0,122.0,127.0,127.0,132.0,137.0,142.0,147.0,252.0,277.0,,,132.0,132.0,137.0,142.0,142.0,147.0,152.0,157.0,157.0,162.0,167.0,207.0
31116-H4,37116-H4,133.0,138.0,143.0,143.0,148.0,153.0,158.0,163.0,268.0,293.0,,,148.0,148.0,153.0,158.0,158.0,163.0,168.0,173.0,173.0,178.0,183.0,223.0
31232-01,37232-01,980.0,1020.0,1050.0,1050.0,1080.0,1130.0,1180.0,1230.0,1830.0,1980.0,,,1530.0,1530.0,1570.0,1620.0,1620.0,1665.0,1710.0,1755.0,1755.0,1800.0,1850.0,2340.0
31232-02,37232-02,521.0,541.0,556.0,556.0,576.0,596.0,616.0,636.0,946.0,1021.0,,,671.0,671.0,711.0,761.0,761.0,806.0,851.0,896.0,896.0,941.0,991.0,1346.0
31232-03,37232-03,896.0,936.0,966.0,966.0,996.0,1046.0,1096.0,1146.0,1746.0,1896.0,,,1296.0,1296.0,1336.0,1386.0,1386.0,1431.0,1476.0,1521.0,1521.0,1566.0,1616.0,1971.0
31232-04,37232-04,239.0,259.0,274.0,274.0,294.0,314.0,334.0,354.0,579.0,639.0,274.0,294.0,339.0,339.0,359.0,374.0,374.0,389.0,399.0,409.0,409.0,419.0,429.0,559.0
31232-07,37232-07,850.0,890.0,920.0,920.0,950.0,1000.0,1050.0,1100.0,1700.0,1850.0,,,1200.0,1200.0,1240.0,1290.0,1290.0,1335.0,1380.0,1425.0,1425.0,1470.0,1520.0,1875.0
31232-08,37232-08,850.0,890.0,920.0,920.0,950.0,1000.0,1050.0,1100.0,1700.0,1850.0,,,1200.0,1200.0,1240.0,1290.0,1290.0,1335.0,1380.0,1425.0,1425.0,1470.0,1520.0,1875.0
31232-09,37232-09,520.0,540.0,555.0,555.0,590.0,625.0,660.0,695.0,1115.0,1220.0,,,745.0,745.0,785.0,835.0,835.0,880.0,925.0,970.0,970.0,1015.0,1045.0,1195.0
31232-10,37232-10,426.0,446.0,461.0,461.0,481.0,501.0,521.0,541.0,766.0,826.0,,,701.0,701.0,741.0,791.0,791.0,836.0,881.0,926.0,926.0,971.0,1001.0,1151.0
31232-14,37232-14,704.0,724.0,739.0,739.0,754.0,774.0,794.0,814.0,1384.0,1504.0,,,1104.0,1104.0,1144.0,1194.0,1194.0,1239.0,1284.0,1329.0,1329.0,1374.0,1424.0,1779.0
31232-15,37232-15,829.0,869.0,899.0,899.0,929.0,979.0,1029.0,1079.0,1679.0,1829.0,,,1204.0,1204.0,1244.0,1294.0,1294.0,1339.0,1384.0,1429.0,1429.0,1474.0,1524.0,1879.0
31232-16,37232-16,829.0,869.0,899.0,899.0,929.0,979.0,1029.0,1079.0,1679.0,1829.0,,,1204.0,1204.0,1244.0,1294.0,1294.0,1339.0,1384.0,1429.0,1429.0,1474.0,1524.0,1879.0
31232-35,37232-35,829.0,869.0,899.0,899.0,929.0,979.0,1029.0,1079.0,1509.0,1629.0,,,1204.0,1204.0,1244.0,1294.0,1294.0,1339.0,1384.0,1429.0,1429.0,1474.0,1524.0,1879.0
31232-36,37232-36,829.0,869.0,899.0,899.0,929.0,979.0,1029.0,1079.0,1509.0,1629.0,,,1204.0,1204.0,1244.0,1294.0,1294.0,1339.0,1384.0,1429.0,1429.0,1474.0,1524.0,1879.0
31232-39,37232-39,1072.0,1112.0,1142.0,1142.0,1172.0,1222.0,1272.0,1322.0,1922.0,2072.0,,,1622.0,1622.0,1662.0,1712.0,1712.0,1757.0,1802.0,1847.0,1847.0,1892.0,1942.0,2432.0
31232-40,37232-40,1072.0,1112.0,1142.0,1142.0,1172.0,1222.0,1272.0,1322.0,1922.0,2072.0,,,1622.0,1622.0,1662.0,1712.0,1712.0,1757.0,1802.0,1847.0,1847.0,1892.0,1942.0,2432.0
31232-64,37232-64,285.0,305.0,320.0,320.0,340.0,360.0,380.0,400.0,560.0,620.0,315.0,335.0,360.0,360.0,380.0,395.0,395.0,410.0,420.0,430.0,430.0,440.0,450.0,580.0
31232-74,37232-74,280.0,300.0,315.0,315.0,335.0,355.0,375.0,395.0,555.0,615.0,310.0,330.0,355.0,355.0,375.0,390.0,390.0,405.0,415.0,425.0,425.0,435.0,445.0,575.0
31232-82,37232-82,976.0,1016.0,1046.0,1046.0,1076.0,1126.0,1176.0,1226.0,1826.0,1976.0,,,1526.0,1526.0,1566.0,1616.0,1616.0,1661.0,1706.0,1751.0,1751.0,1796.0,1846.0,2201.0
31232-83,37232-83,976.0,1016.0,1046.0,1046.0,1076.0,1126.0,1176.0,1226.0,1826.0,1976.0,,,1526.0,1526.0,1566.0,1616.0,1616.0,1661.0,1706.0,1751.0,1751.0,1796.0,1846.0,2201.0
31232-84,37232-84,982.0,1022.0,1052.0,1052.0,1082.0,1132.0,1182.0,1232.0,1832.0,1982.0,,,1532.0,1532.0,1572.0,1622.0,1622.0,1667.0,1712.0,1757.0,1757.0,1802.0,1852.0,2207.0
31232-85,37232-85,982.0,1022.0,1052.0,1052.0,1082.0,1132.0,1182.0,1232.0,1832.0,1982.0,,,1532.0,1532.0,1572.0,1622.0,1622.0,1667.0,1712.0,1757.0,1757.0,1802.0,1852.0,2207.0
31232-86,37232-86,1028.0,1068.0,1098.0,1098.0,1128.0,1178.0,1228.0,1278.0,1878.0,2028.0,,,1528.0,1528.0,1568.0,1618.0,1618.0,1663.0,1708.0,1753.0,1753.0,1798.0,1848.0,2203.0
31232-87,37232-87,1028.0,1068.0,1098.0,1098.0,1128.0,1178.0,1228.0,1278.0,1878.0,2028.0,,,1528.0,1528.0,1568.0,1618.0,1618.0,1663.0,1708.0,1753.0,1753.0,1798.0,1848.0,2203.0
31232-91,37232-91,938.0,978.0,1008.0,1008.0,1038.0,1088.0,1138.0,1188.0,1788.0,1938.0,,,1488.0,1488.0,1528.0,1578.0,1578.0,1623.0,1668.0,1713.0,1713.0,1758.0,1808.0,2163.0
31232-93,37232-93,280.0,300.0,315.0,315.0,335.0,355.0,375.0,395.0,555.0,615.0,320.0,340.0,380.0,380.0,400.0,415.0,415.0,430.0,440.0,450.0,450.0,460.0,470.0,600.0
31232-94,37232-94,285.0,305.0,320.0,320.0,340.0,360.0,380.0,400.0,560.0,620.0,325.0,345.0,385.0,385.0,405.0,420.0,420.0,435.0,445.0,455.0,455.0,465.0,475.0,605.0
31232-S3,37232-S3,1074.0,1114.0,1144.0,1144.0,1174.0,1224.0,1274.0,1324.0,1924.0,2074.0,,,1624.0,1624.0,1664.0,1714.0,1714.0,1759.0,1804.0,1849.0,1849.0,1894.0,1944.0,2434.0
31232-H2,37232-H2,119.0,124.0,129.0,129.0,134.0,139.0,144.0,149.0,254.0,279.0,,,144.0,144.0,149.0,154.0,154.0,159.0,164.0,169.0,169.0,174.0,179.0,219.0
31232-H3,37232-H3,132.0,137.0,142.0,142.0,147.0,152.0,157.0,162.0,267.0,292.0,,,157.0,157.0,162.0,167.0,167.0,172.0,177.0,182.0,182.0,187.0,192.0,232.0
31232-H4,37232-H4,148.0,153.0,158.0,158.0,163.0,168.0,173.0,178.0,283.0,308.0,,,173.0,173.0,178.0,183.0,183.0,188.0,193.0,198.0,198.0,203.0,208.0,248.0
30154-01,37154-01,853.0,893.0,923.0,923.0,953.0,1003.0,1053.0,1103.0,1703.0,1853.0,,,1253.0,1253.0,1293.0,1343.0,1343.0,1388.0,1433.0,1478.0,1478.0,1523.0,1573.0,2063.0
30154-02,37154-02,464.0,484.0,499.0,499.0,519.0,539.0,559.0,579.0,889.0,964.0,,,664.0,664.0,704.0,754.0,754.0,799.0,844.0,889.0,889.0,934.0,984.0,1339.0
30154-03,37154-03,742.0,782.0,812.0,812.0,842.0,892.0,942.0,992.0,1592.0,1742.0,,,1092.0,1092.0,1132.0,1182.0,1182.0,1227.0,1272.0,1317.0,1317.0,1362.0,1412.0,1767.0
30154-04,37154-04,179.0,199.0,214.0,214.0,234.0,254.0,274.0,294.0,519.0,579.0,,,319.0,319.0,339.0,354.0,354.0,369.0,379.0,389.0,389.0,399.0,409.0,539.0
30154-95,37154-95,415.0,435.0,450.0,450.0,470.0,490.0,510.0,530.0,755.0,815.0,,,605.0,605.0,645.0,695.0,695.0,740.0,785.0,830.0,830.0,875.0,925.0,1280.0
30154-S3,37154-S3,945.0,985.0,1015.0,1015.0,1045.0,1095.0,1145.0,1195.0,1795.0,1945.0,,,1345.0,1345.0,1385.0,1435.0,1435.0,1480.0,1525.0,1570.0,1570.0,1615.0,1665.0,2155.0
30155-01,37155-01,753.0,793.0,823.0,823.0,853.0,903.0,953.0,1003.0,1603.0,1753.0,,,1153.0,1153.0,1193.0,1243.0,1243.0,1288.0,1333.0,1378.0,1378.0,1423.0,1473.0,1963.0
30155-02,37155-02,414.0,434.0,449.0,449.0,469.0,489.0,509.0,529.0,839.0,914.0,,,614.0,614.0,654.0,704.0,704.0,749.0,794.0,839.0,839.0,884.0,934.0,1289.0
30155-03,37155-03,642.0,682.0,712.0,712.0,742.0,792.0,842.0,892.0,1492.0,1642.0,,,992.0,992.0,1032.0,1082.0,1082.0,1127.0,1172.0,1217.0,1217.0,1262.0,1312.0,1667.0
30155-04,37155-04,179.0,199.0,214.0,214.0,234.0,254.0,274.0,294.0,519.0,579.0,,,319.0,319.0,339.0,354.0,354.0,369.0,379.0,389.0,389.0,399.0,409.0,539.0
30155-95,37155-95,335.0,355.0,370.0,370.0,390.0,410.0,430.0,450.0,675.0,735.0,,,525.0,525.0,565.0,615.0,615.0,660.0,705.0,750.0,750.0,795.0,845.0,1200.0
30155-S3,37155-S3,845.0,885.0,915.0,915.0,945.0,995.0,1045.0,1095.0,1695.0,1845.0,,,1245.0,1245.0,1285.0,1335.0,1335.0,1380.0,1425.0,1470.0,1470.0,1515.0,1565.0,2055.0
30132-01,37132-01,622.0,662.0,692.0,692.0,722.0,772.0,822.0,872.0,1472.0,1622.0,,,1147.0,1147.0,1187.0,1237.0,1237.0,1282.0,1327.0,1372.0,1372.0,1417.0,1467.0,1957.0
30132-02,37132-02,359.0,379.0,394.0,394.0,414.0,434.0,454.0,474.0,784.0,859.0,414.0,434.0,534.0,534.0,574.0,624.0,624.0,669.0,714.0,759.0,759.0,804.0,854.0,1209.0
30132-03,37132-03,536.0,576.0,606.0,606.0,636.0,686.0,736.0,786.0,1386.0,1536.0,,,1036.0,1036.0,1076.0,1126.0,1126.0,1171.0,1216.0,1261.0,1261.0,1306.0,1356.0,1711.0
30132-04,37132-04,184.0,204.0,219.0,219.0,239.0,259.0,279.0,299.0,524.0,584.0,239.0,259.0,259.0,259.0,279.0,294.0,294.0,309.0,319.0,329.0,329.0,339.0,349.0,479.0
30132-07,37132-07,517.0,557.0,587.0,587.0,617.0,667.0,717.0,767.0,1367.0,1517.0,,,992.0,992.0,1032.0,1082.0,1082.0,1127.0,1172.0,1217.0,1217.0,1262.0,1312.0,1667.0
30132-08,37132-08,517.0,557.0,587.0,587.0,617.0,667.0,717.0,767.0,1367.0,1517.0,,,992.0,992.0,1032.0,1082.0,1082.0,1127.0,1172.0,1217.0,1217.0,1262.0,1312.0,1667.0
30132-15,37132-15,523.0,563.0,593.0,593.0,623.0,673.0,723.0,773.0,1373.0,1523.0,,,998.0,998.0,1038.0,1088.0,1088.0,1133.0,1178.0,1223.0,1223.0,1268.0,1318.0,1673.0
30132-16,37132-16,523.0,563.0,593.0,593.0,623.0,673.0,723.0,773.0,1373.0,1523.0,,,998.0,998.0,1038.0,1088.0,1088.0,1133.0,1178.0,1223.0,1223.0,1268.0,1318.0,1673.0
30132-S3,37132-s3,711.0,751.0,781.0,781.0,811.0,861.0,911.0,961.0,1561.0,1711.0,,,1236.0,1236.0,1276.0,1326.0,1326.0,1371.0,1416.0,1461.0,1461.0,1506.0,1556.0,2046.0
30133-01,37133-01,622.0,662.0,692.0,692.0,722.0,772.0,822.0,872.0,1472.0,1622.0,,,1147.0,1147.0,1187.0,1237.0,1237.0,1282.0,1327.0,1372.0,1372.0,1417.0,1467.0,1957.0
30133-02,37133-02,359.0,379.0,394.0,394.0,414.0,434.0,454.0,474.0,784.0,859.0,414.0,434.0,534.0,534.0,574.0,624.0,624.0,669.0,714.0,759.0,759.0,804.0,854.0,1209.0
30133-03,37133-03,536.0,576.0,606.0,606.0,636.0,686.0,736.0,786.0,1386.0,1536.0,,,1036.0,1036.0,1076.0,1126.0,1126.0,1171.0,1216.0,1261.0,1261.0,1306.0,1356.0,1711.0
30133-04,37133-04,184.0,204.0,219.0,219.0,239.0,259.0,279.0,299.0,524.0,584.0,214.0,234.0,259.0,259.0,279.0,294.0,294.0,309.0,319.0,329.0,329.0,339.0,349.0,479.0
30133-07,37133-07,517.0,557.0,587.0,587.0,617.0,667.0,717.0,767.0,1367.0,1517.0,,,992.0,992.0,1032.0,1082.0,1082.0,1127.0,1172.0,1217.0,1217.0,1262.0,1312.0,1667.0
30133-08,37133-08,517.0,557.0,587.0,587.0,617.0,667.0,717.0,767.0,1367.0,1517.0,,,992.0,992.0,1032.0,1082.0,1082.0,1127.0,1172.0,1217.0,1217.0,1262.0,1312.0,1667.0
30133-15,37133-15,523.0,563.0,593.0,593.0,623.0,673.0,723.0,773.0,1373.0,1523.0,,,998.0,998.0,1038.0,1088.0,1088.0,1133.0,1178.0,1223.0,1223.0,1268.0,1318.0,1673.0
30133-16,37133-16,523.0,563.0,593.0,593.0,623.0,673.0,723.0,773.0,1373.0,1523.0,,,998.0,998.0,1038.0,1088.0,1088.0,1133.0,1178.0,1223.0,1223.0,1268.0,1318.0,1673.0
30133-S3,37133-S3,711.0,751.0,781.0,781.0,811.0,861.0,911.0,961.0,1561.0,1711.0,,,1236.0,1236.0,1276.0,1326.0,1326.0,1371.0,1416.0,1461.0,1461.0,1506.0,1556.0,2046.0
30148-01,37148-01,1226.0,1266.0,1296.0,1296.0,1326.0,1376.0,1426.0,1476.0,2076.01,2226.01,,,1826.0,1826.0,1866.0,1916.0,1916.0,1961.0,2006.0,2051.0,2051.0,2096.0,2146.0,2636.0
30148-03,37148-03,1168.0,1208.0,1238.0,1238.0,1268.0,1318.0,1368.0,1418.0,2018.4575,2168.4575,,,1743.0,1743.0,1783.0,1833.0,1833.0,1878.0,1923.0,1968.0,1968.0,2013.0,2063.0,2418.0
30148-07,37148-07,947.0,987.0,1017.0,1017.0,1047.0,1097.0,1147.0,1197.0,1796.66,1946.66,,,1547.0,1547.0,1587.0,1637.0,1637.0,1682.0,1727.0,1772.0,1772.0,1817.0,1867.0,2222.0
30148-08,37148-08,947.0,987.0,1017.0,1017.0,1047.0,1097.0,1147.0,1197.0,1796.66,1946.66,,,1547.0,1547.0,1587.0,1637.0,1637.0,1682.0,1727.0,1772.0,1772.0,1817.0,1867.0,2222.0
30148-09,37148-09,521.0,541.0,556.0,556.0,591.0,626.0,661.0,696.0,1115.7225,1220.7225,,,671.0,671.0,711.0,761.0,761.0,806.0,851.0,896.0,896.0,941.0,971.0,1121.0
30148-10,37148-10,399.0,419.0,434.0,434.0,454.0,474.0,494.0,514.0,739.3275,799.3275,,,524.0,524.0,564.0,614.0,614.0,659.0,704.0,749.0,749.0,794.0,824.0,974.0
30148-14,37148-14,950.0,970.0,985.0,985.0,1000.0,1020.0,1040.0,1060.0,1629.8625,1749.8625,,,1300.0,1300.0,1340.0,1390.0,1390.0,1435.0,1480.0,1525.0,1525.0,1570.0,1620.0,1975.0
30148-15,37148-15,800.0,840.0,870.0,870.0,900.0,950.0,1000.0,1050.0,1649.5825,1799.5825,,,1250.0,1250.0,1290.0,1340.0,1340.0,1385.0,1430.0,1475.0,1475.0,1520.0,1570.0,1925.0
30148-16,37148-16,800.0,840.0,870.0,870.0,900.0,950.0,1000.0,1050.0,1649.5825,1799.5825,,,1250.0,1250.0,1290.0,1340.0,1340.0,1385.0,1430.0,1475.0,1475.0,1520.0,1570.0,1925.0
30148-35,37148-35,749.0,789.0,819.0,819.0,849.0,899.0,949.0,999.0,1429.46,1549.46,,,1149.0,1149.0,1189.0,1239.0,1239.0,1284.0,1329.0,1374.0,1374.0,1419.0,1469.0,1824.0
30148-36,37148-36,749.0,789.0,819.0,819.0,849.0,899.0,949.0,999.0,1429.46,1549.46,,,1149.0,1149.0,1189.0,1239.0,1239.0,1284.0,1329.0,1374.0,1374.0,1419.0,1469.0,1824.0
30148-54,37148-54,549.0,589.0,619.0,619.0,649.0,699.0,749.0,799.0,973.8125,1048.8125,,,749.0,749.0,789.0,839.0,839.0,884.0,929.0,974.0,974.0,1019.0,1069.0,1424.0
30148-64,37148-64,219.0,239.0,254.0,254.0,274.0,294.0,314.0,334.0,493.975,553.975,,,289.0,289.0,309.0,324.0,324.0,339.0,349.0,359.0,359.0,369.0,379.0,509.0
30148-65,37148-65,34.0,39.0,44.0,44.0,49.0,59.0,69.0,74.0,203.6,233.6,,,54.0,54.0,59.0,64.0,64.0,69.0,79.0,89.0,89.0,99.0,104.0,129.0
30148-66,37148-66,38.0,43.0,48.0,48.0,53.0,63.0,73.0,78.0,208.0575,238.0575,,,58.0,58.0,63.0,68.0,68.0,73.0,83.0,93.0,93.0,103.0,108.0,133.0
30148-74,37148-74,235.0,255.0,270.0,270.0,290.0,310.0,330.0,350.0,510.37,570.37,,,315.0,315.0,335.0,350.0,350.0,365.0,375.0,385.0,385.0,395.0,405.0,535.0
30148-86,37148-86,1273.0,1313.0,1343.0,1343.0,1373.0,1423.0,1473.0,1523.0,2122.5975,2272.5975,,,1823.0,1823.0,1863.0,1913.0,1913.0,1958.0,2003.0,2048.0,2048.0,2093.0,2143.0,2498.0
30148-87,37148-87,1273.0,1313.0,1343.0,1343.0,1373.0,1423.0,1473.0,1523.0,2122.5975,2272.5975,,,1823.0,1823.0,1863.0,1913.0,1913.0,1958.0,2003.0,2048.0,2048.0,2093.0,2143.0,2498.0
30148-S3,37148-S3,1319.0,1359.0,1389.0,1389.0,1419.0,1469.0,1519.0,1569.0,2169.395,2319.395,,,1919.0,1919.0,1959.0,2009.0,2009.0,2054.0,2099.0,2144.0,2144.0,2189.0,2239.0,2729.0
30147-01,37147-01,751.0,791.0,821.0,821.0,851.0,901.0,951.0,1001.0,1601.0,1751.0,,,1251.0,1251.0,1291.0,1341.0,1341.0,1386.0,1431.0,1476.0,1476.0,1521.0,1571.0,2061.0
30147-02,37147-02,479.0,499.0,514.0,514.0,534.0,554.0,574.0,594.0,904.0,979.0,,,629.0,629.0,669.0,719.0,719.0,764.0,809.0,854.0,854.0,899.0,949.0,1304.0
30147-03,37147-03,688.0,728.0,758.0,758.0,788.0,838.0,888.0,938.0,1538.0,1688.0,,,1108.0,1108.0,1148.0,1198.0,1198.0,1243.0,1288.0,1333.0,1333.0,1378.0,1428.0,1783.0
30159-01,37159-01,1085.0,1125.0,1155.0,1155.0,1185.0,1235.0,1285.0,1335.0,1935.0,2085.0,,,1585.0,1585.0,1625.0,1675.0,1675.0,1720.0,1765.0,1810.0,1810.0,1855.0,1905.0,2395.0
30159-02,37159-02,636.0,656.0,671.0,671.0,691.0,711.0,731.0,751.0,1061.0,1136.0,,,936.0,936.0,976.0,1026.0,1026.0,1071.0,1116.0,1161.0,1161.0,1206.0,1256.0,1611.0
30159-03,37159-03,970.0,1010.0,1040.0,1040.0,1070.0,1120.0,1170.0,1220.0,1820.0,1970.0,,,1470.0,1470.0,1510.0,1560.0,1560.0,1605.0,1650.0,1695.0,1695.0,1740.0,1790.0,2145.0
30159-07,37159-07,880.0,920.0,950.0,950.0,980.0,1030.0,1080.0,1130.0,1730.0,1880.0,,,1380.0,1380.0,1420.0,1470.0,1470.0,1515.0,1560.0,1605.0,1605.0,1650.0,1700.0,2055.0
30159-08,37159-08,880.0,920.0,950.0,950.0,980.0,1030.0,1080.0,1130.0,1730.0,1880.0,,,1380.0,1380.0,1420.0,1470.0,1470.0,1515.0,1560.0,1605.0,1605.0,1650.0,1700.0,2055.0
30159-09,37159-09,549.0,569.0,584.0,584.0,619.0,654.0,689.0,724.0,1144.0,1249.0,,,849.0,849.0,889.0,939.0,939.0,984.0,1029.0,1074.0,1074.0,1119.0,1149.0,1299.0
30159-10,37159-10,531.0,551.0,566.0,566.0,586.0,606.0,626.0,646.0,871.0,931.0,,,831.0,831.0,871.0,921.0,921.0,966.0,1011.0,1056.0,1056.0,1101.0,1131.0,1281.0
30159-11,37159-11,571.0,591.0,606.0,606.0,641.0,676.0,711.0,746.0,1166.0,1271.0,,,871.0,871.0,911.0,961.0,961.0,1006.0,1051.0,1096.0,1096.0,1141.0,1171.0,1321.0
30159-12,37159-12,571.0,591.0,606.0,606.0,641.0,676.0,711.0,746.0,1166.0,1271.0,,,871.0,871.0,911.0,961.0,961.0,1006.0,1051.0,1096.0,1096.0,1141.0,1171.0,1321.0
30159-14,37159-14,815.0,835.0,850.0,850.0,865.0,885.0,905.0,925.0,1495.0,1615.0,,,1315.0,1315.0,1355.0,1405.0,1405.0,1450.0,1495.0,1540.0,1540.0,1585.0,1635.0,1990.0
30159-15,37159-15,781.0,821.0,851.0,851.0,881.0,931.0,981.0,1031.0,1631.0,1781.0,,,1131.0,1131.0,1171.0,1221.0,1221.0,1266.0,1311.0,1356.0,1356.0,1401.0,1451.0,1806.0
30159-16,37159-16,781.0,821.0,851.0,851.0,881.0,931.0,981.0,1031.0,1631.0,1781.0,,,1131.0,1131.0,1171.0,1221.0,1221.0,1266.0,1311.0,1356.0,1356.0,1401.0,1451.0,1806.0
30159-17,37159-17,869.0,909.0,939.0,939.0,969.0,1019.0,1069.0,1119.0,1719.0,1869.0,,,1219.0,1219.0,1259.0,1309.0,1309.0,1354.0,1399.0,1444.0,1444.0,1489.0,1539.0,1894.0
30159-18,37159-18,869.0,909.0,939.0,939.0,969.0,1019.0,1069.0,1119.0,1719.0,1869.0,,,1219.0,1219.0,1259.0,1309.0,1309.0,1354.0,1399.0,1444.0,1444.0,1489.0,1539.0,1894.0
30159-35,37159-35,789.0,829.0,859.0,859.0,889.0,939.0,989.0,1039.0,1469.0,1589.0,,,1139.0,1139.0,1179.0,1229.0,1229.0,1274.0,1319.0,1364.0,1364.0,1409.0,1459.0,1814.0
30159-36,37159-36,789.0,829.0,859.0,859.0,889.0,939.0,989.0,1039.0,1469.0,1589.0,,,1139.0,1139.0,1179.0,1229.0,1229.0,1274.0,1319.0,1364.0,1364.0,1409.0,1459.0,1814.0
30159-86,37159-86,995.0,1035.0,1065.0,1065.0,1095.0,1145.0,1195.0,1245.0,1845.0,1995.0,,,1495.0,1495.0,1535.0,1585.0,1585.0,1630.0,1675.0,1720.0,1720.0,1765.0,1815.0,2170.0
30159-87,37159-87,995.0,1035.0,1065.0,1065.0,1095.0,1145.0,1195.0,1245.0,1845.0,1995.0,,,1495.0,1495.0,1535.0,1585.0,1585.0,1630.0,1675.0,1720.0,1720.0,1765.0,1815.0,2170.0
30159-92,37159-92,905.0,945.0,975.0,975.0,1005.0,1055.0,1105.0,1155.0,1755.0,1905.0,,,1405.0,1405.0,1445.0,1495.0,1495.0,1540.0,1585.0,1630.0,1630.0,1675.0,1725.0,2080.0
30159-94,37159-94,371.0,391.0,406.0,406.0,426.0,446.0,466.0,486.0,646.0,706.0,,,521.0,521.0,541.0,556.0,556.0,571.0,581.0,591.0,591.0,601.0,611.0,741.0
30159-DC,37159-DC,739.0,779.0,809.0,809.0,839.0,889.0,939.0,989.0,1164.0,1239.0,,,914.0,914.0,954.0,1004.0,1004.0,1049.0,1094.0,1139.0,1139.0,1184.0,1234.0,1589.0
30159-DS,37159-DS,580.0,620.0,650.0,650.0,680.0,730.0,780.0,830.0,1005.0,1080.0,,,755.0,755.0,795.0,845.0,845.0,890.0,935.0,980.0,980.0,1025.0,1075.0,1430.0
30159-DA,37159-DA,480.0,520.0,550.0,550.0,580.0,630.0,680.0,730.0,905.0,980.0,,,655.0,655.0,695.0,745.0,745.0,790.0,835.0,880.0,880.0,925.0,975.0,1330.0
30159-DR,37159-DR,530.0,570.0,600.0,600.0,630.0,680.0,730.0,780.0,955.0,1030.0,,,705.0,705.0,745.0,795.0,795.0,840.0,885.0,930.0,930.0,975.0,1025.0,1380.0
30159-DL,37159-DL,530.0,570.0,600.0,600.0,630.0,680.0,730.0,780.0,955.0,1030.0,,,705.0,705.0,745.0,795.0,795.0,840.0,885.0,930.0,930.0,975.0,1025.0,1380.0
30159-QC,37159-QC,829.0,869.0,899.0,899.0,929.0,979.0,1029.0,1079.0,1254.0,1329.0,,,1004.0,1004.0,1044.0,1094.0,1094.0,1139.0,1184.0,1229.0,1229.0,1274.0,1324.0,1679.0
30159-QS,37159-QS,630.0,670.0,700.0,700.0,730.0,780.0,830.0,880.0,1055.0,1130.0,,,805.0,805.0,845.0,895.0,895.0,940.0,985.0,1030.0,1030.0,1075.0,1125.0,1480.0
30159-QA,37159-QA,530.0,570.0,600.0,600.0,630.0,680.0,730.0,780.0,955.0,1030.0,,,705.0,705.0,745.0,795.0,795.0,840.0,885.0,930.0,930.0,975.0,1025.0,1380.0
30159-QR,37159-QR,580.0,620.0,650.0,650.0,680.0,730.0,780.0,830.0,1005.0,1080.0,,,755.0,755.0,795.0,845.0,845.0,890.0,935.0,980.0,980.0,1025.0,1075.0,1430.0
30159-QL,37159-QL,580.0,620.0,650.0,650.0,680.0,730.0,780.0,830.0,1005.0,1080.0,,,755.0,755.0,795.0,845.0,845.0,890.0,935.0,980.0,980.0,1025.0,1075.0,1430.0
30159-SC,37159-SC,669.0,709.0,739.0,739.0,769.0,819.0,869.0,919.0,1094.0,1169.0,,,844.0,844.0,884.0,934.0,934.0,979.0,1024.0,1069.0,1069.0,1114.0,1164.0,1519.0
30159-SS,37159-SS,497.0,537.0,567.0,567.0,597.0,647.0,697.0,747.0,922.0,997.0,,,672.0,672.0,712.0,762.0,762.0,807.0,852.0,897.0,897.0,942.0,992.0,1347.0
30160-01,37160-01,1090.0,1130.0,1160.0,1160.0,1190.0,1240.0,1290.0,1340.0,1940.0,2090.0,,,1590.0,1590.0,1630.0,1680.0,1680.0,1725.0,1770.0,1815.0,1815.0,1860.0,1910.0,2400.0
30160-02,37160-02,641.0,661.0,676.0,676.0,696.0,716.0,736.0,756.0,1066.0,1141.0,,,941.0,941.0,981.0,1031.0,1031.0,1076.0,1121.0,1166.0,1166.0,1211.0,1261.0,1616.0
30160-03,37160-03,975.0,1015.0,1045.0,1045.0,1075.0,1125.0,1175.0,1225.0,1825.0,1975.0,,,1475.0,1475.0,1515.0,1565.0,1565.0,1610.0,1655.0,1700.0,1700.0,1745.0,1795.0,2150.0
30160-07,37160-07,882.0,922.0,952.0,952.0,982.0,1032.0,1082.0,1132.0,1732.0,1882.0,,,1382.0,1382.0,1422.0,1472.0,1472.0,1517.0,1562.0,1607.0,1607.0,1652.0,1702.0,2057.0
30160-08,37160-08,882.0,922.0,952.0,952.0,982.0,1032.0,1082.0,1132.0,1732.0,1882.0,,,1382.0,1382.0,1422.0,1472.0,1472.0,1517.0,1562.0,1607.0,1607.0,1652.0,1702.0,2057.0
30160-09,37160-09,549.0,569.0,584.0,584.0,619.0,654.0,689.0,724.0,1144.0,1249.0,,,849.0,849.0,889.0,939.0,939.0,984.0,1029.0,1074.0,1074.0,1119.0,1149.0,1299.0
30160-10,37160-10,531.0,551.0,566.0,566.0,586.0,606.0,626.0,646.0,871.0,931.0,,,831.0,831.0,871.0,921.0,921.0,966.0,1011.0,1056.0,1056.0,1101.0,1131.0,1281.0
30160-11,37160-11,573.0,593.0,608.0,608.0,643.0,678.0,713.0,748.0,1168.0,1273.0,,,873.0,873.0,913.0,963.0,963.0,1008.0,1053.0,1098.0,1098.0,1143.0,1173.0,1323.0
30160-12,37160-12,573.0,593.0,608.0,608.0,643.0,678.0,713.0,748.0,1168.0,1273.0,,,873.0,873.0,913.0,963.0,963.0,1008.0,1053.0,1098.0,1098.0,1143.0,1173.0,1323.0
30160-14,37160-14,815.0,835.0,850.0,850.0,865.0,885.0,905.0,925.0,1495.0,1615.0,,,1315.0,1315.0,1355.0,1405.0,1405.0,1450.0,1495.0,1540.0,1540.0,1585.0,1635.0,1990.0
30160-15,37160-15,795.0,835.0,865.0,865.0,895.0,945.0,995.0,1045.0,1645.0,1795.0,,,1145.0,1145.0,1185.0,1235.0,1235.0,1280.0,1325.0,1370.0,1370.0,1415.0,1465.0,1820.0
30160-16,37160-16,795.0,835.0,865.0,865.0,895.0,945.0,995.0,1045.0,1645.0,1795.0,,,1145.0,1145.0,1185.0,1235.0,1235.0,1280.0,1325.0,1370.0,1370.0,1415.0,1465.0,1820.0
30160-17,37160-17,884.0,924.0,954.0,954.0,984.0,1034.0,1084.0,1134.0,1734.0,1884.0,,,1234.0,1234.0,1274.0,1324.0,1324.0,1369.0,1414.0,1459.0,1459.0,1504.0,1554.0,1909.0
30160-18,37160-18,884.0,924.0,954.0,954.0,984.0,1034.0,1084.0,1134.0,1734.0,1884.0,,,1234.0,1234.0,1274.0,1324.0,1324.0,1369.0,1414.0,1459.0,1459.0,1504.0,1554.0,1909.0
30160-35,37160-35,789.0,829.0,859.0,859.0,889.0,939.0,989.0,1039.0,1469.0,1589.0,,,1139.0,1139.0,1179.0,1229.0,1229.0,1274.0,1319.0,1364.0,1364.0,1409.0,1459.0,1814.0
30160-36,37160-36,789.0,829.0,859.0,859.0,889.0,939.0,989.0,1039.0,1469.0,1589.0,,,1139.0,1139.0,1179.0,1229.0,1229.0,1274.0,1319.0,1364.0,1364.0,1409.0,1459.0,1814.0
30160-86,37160-86,997.0,1037.0,1067.0,1067.0,1097.0,1147.0,1197.0,1247.0,1847.0,1997.0,,,1497.0,1497.0,1537.0,1587.0,1587.0,1632.0,1677.0,1722.0,1722.0,1767.0,1817.0,2172.0
30160-87,37160-87,997.0,1037.0,1067.0,1067.0,1097.0,1147.0,1197.0,1247.0,1847.0,1997.0,,,1497.0,1497.0,1537.0,1587.0,1587.0,1632.0,1677.0,1722.0,1722.0,1767.0,1817.0,2172.0
30160-92,37160-92,905.0,945.0,975.0,975.0,1005.0,1055.0,1105.0,1155.0,1755.0,1905.0,,,1405.0,1405.0,1445.0,1495.0,1495.0,1540.0,1585.0,1630.0,1630.0,1675.0,1725.0,2080.0
30160-94,37160-94,371.0,391.0,406.0,406.0,426.0,446.0,466.0,486.0,646.0,706.0,,,521.0,521.0,541.0,556.0,556.0,571.0,581.0,591.0,591.0,601.0,611.0,741.0
30160-DC,37160-DC,739.0,779.0,809.0,809.0,839.0,889.0,939.0,989.0,1164.0,1239.0,,,914.0,914.0,954.0,1004.0,1004.0,1049.0,1094.0,1139.0,1139.0,1184.0,1234.0,1589.0
30160-DS,37160-DS,583.0,623.0,653.0,653.0,683.0,733.0,783.0,833.0,1008.0,1083.0,,,758.0,758.0,798.0,848.0,848.0,893.0,938.0,983.0,983.0,1028.0,1078.0,1433.0
30160-DA,37160-DA,483.0,523.0,553.0,553.0,583.0,633.0,683.0,733.0,908.0,983.0,,,658.0,658.0,698.0,748.0,748.0,793.0,838.0,883.0,883.0,928.0,978.0,1333.0
30160-DR,37160-DR,533.0,573.0,603.0,603.0,633.0,683.0,733.0,783.0,958.0,1033.0,,,708.0,708.0,748.0,798.0,798.0,843.0,888.0,933.0,933.0,978.0,1028.0,1383.0
30160-DL,37160-DL,533.0,573.0,603.0,603.0,633.0,683.0,733.0,783.0,958.0,1033.0,,,708.0,708.0,748.0,798.0,798.0,843.0,888.0,933.0,933.0,978.0,1028.0,1383.0
30160-QC,37160-QC,829.0,869.0,899.0,899.0,929.0,979.0,1029.0,1079.0,1254.0,1329.0,,,1004.0,1004.0,1044.0,1094.0,1094.0,1139.0,1184.0,1229.0,1229.0,1274.0,1324.0,1679.0
30160-QS,37160-QS,633.0,673.0,703.0,703.0,733.0,783.0,833.0,883.0,1058.0,1133.0,,,808.0,808.0,848.0,898.0,898.0,943.0,988.0,1033.0,1033.0,1078.0,1128.0,1483.0
30160-QA,37160-QA,533.0,573.0,603.0,603.0,633.0,683.0,733.0,783.0,958.0,1033.0,,,708.0,708.0,748.0,798.0,798.0,843.0,888.0,933.0,933.0,978.0,1028.0,1383.0
30160-QR,37160-QR,583.0,623.0,653.0,653.0,683.0,733.0,783.0,833.0,1008.0,1083.0,,,758.0,758.0,798.0,848.0,848.0,893.0,938.0,983.0,983.0,1028.0,1078.0,1433.0
30160-QL,37160-QL,583.0,623.0,653.0,653.0,683.0,733.0,783.0,833.0,1008.0,1083.0,,,758.0,758.0,798.0,848.0,848.0,893.0,938.0,983.0,983.0,1028.0,1078.0,1433.0
30160-SC,37160-SC,669.0,709.0,739.0,739.0,769.0,819.0,869.0,919.0,1094.0,1169.0,,,844.0,844.0,884.0,934.0,934.0,979.0,1024.0,1069.0,1069.0,1114.0,1164.0,1519.0
30160-SS,37160-SS,497.0,537.0,567.0,567.0,597.0,647.0,697.0,747.0,922.0,997.0,,,672.0,672.0,712.0,762.0,762.0,807.0,852.0,897.0,897.0,942.0,992.0,1347.0
30095-01,37095-01,763.0,803.0,833.0,833.0,863.0,913.0,963.0,1013.0,1613.0,1763.0,,,1313.0,1313.0,1353.0,1403.0,1403.0,1448.0,1493.0,1538.0,1538.0,1583.0,1633.0,2123.0
30095-02,37095-02,367.0,387.0,402.0,402.0,422.0,442.0,462.0,482.0,792.0,867.0,,,617.0,617.0,657.0,707.0,707.0,752.0,797.0,842.0,842.0,887.0,937.0,1292.0
30095-03,37095-03,734.0,774.0,804.0,804.0,834.0,884.0,934.0,984.0,1584.0,1734.0,,,1109.0,1109.0,1149.0,1199.0,1199.0,1244.0,1289.0,1334.0,1334.0,1379.0,1429.0,1784.0
30095-04,37095-04,260.0,280.0,295.0,295.0,315.0,335.0,355.0,375.0,600.0,660.0,,,310.0,310.0,330.0,345.0,345.0,360.0,370.0,380.0,380.0,390.0,400.0,530.0
30095-07,37095-07,689.0,729.0,759.0,759.0,789.0,839.0,889.0,939.0,1539.0,1689.0,,,1014.0,1014.0,1054.0,1104.0,1104.0,1149.0,1194.0,1239.0,1239.0,1284.0,1334.0,1689.0
30095-08,37095-08,689.0,729.0,759.0,759.0,789.0,839.0,889.0,939.0,1539.0,1689.0,,,1014.0,1014.0,1054.0,1104.0,1104.0,1149.0,1194.0,1239.0,1239.0,1284.0,1334.0,1689.0
30095-15,37095-15,699.0,739.0,769.0,769.0,799.0,849.0,899.0,949.0,1549.0,1699.0,,,1024.0,1024.0,1064.0,1114.0,1114.0,1159.0,1204.0,1249.0,1249.0,1294.0,1344.0,1699.0
30095-16,37095-16,699.0,739.0,769.0,769.0,799.0,849.0,899.0,949.0,1549.0,1699.0,,,1024.0,1024.0,1064.0,1114.0,1114.0,1159.0,1204.0,1249.0,1249.0,1294.0,1344.0,1699.0
30095-17,37095-17,714.0,754.0,784.0,784.0,814.0,864.0,914.0,964.0,1564.0,1714.0,,,1064.0,1064.0,1104.0,1154.0,1154.0,1199.0,1244.0,1289.0,1289.0,1334.0,1384.0,1739.0
30095-18,37095-18,714.0,754.0,784.0,784.0,814.0,864.0,914.0,964.0,1564.0,1714.0,,,1064.0,1064.0,1104.0,1154.0,1154.0,1199.0,1244.0,1289.0,1289.0,1334.0,1384.0,1739.0
30095-24,37095-24,283.0,303.0,318.0,318.0,338.0,358.0,378.0,398.0,623.0,683.0,,,423.0,423.0,463.0,513.0,513.0,558.0,603.0,648.0,648.0,693.0,723.0,873.0
30095-86,37095-86,837.0,877.0,907.0,907.0,937.0,987.0,1037.0,1087.0,1687.0,1837.0,,,1362.0,1362.0,1402.0,1452.0,1452.0,1497.0,1542.0,1587.0,1587.0,1632.0,1682.0,2037.0
30095-87,37095-87,837.0,877.0,907.0,907.0,937.0,987.0,1037.0,1087.0,1687.0,1837.0,,,1362.0,1362.0,1402.0,1452.0,1452.0,1497.0,1542.0,1587.0,1587.0,1632.0,1682.0,2037.0
30095-91,37095-91,748.0,788.0,818.0,818.0,848.0,898.0,948.0,998.0,1598.0,1748.0,,,1273.0,1273.0,1313.0,1363.0,1363.0,1408.0,1453.0,1498.0,1498.0,1543.0,1593.0,1948.0
30095-96,37095-96,704.0,744.0,774.0,774.0,804.0,854.0,904.0,954.0,1554.0,1704.0,,,1104.0,1104.0,1144.0,1194.0,1194.0,1239.0,1284.0,1329.0,1329.0,1374.0,1424.0,1779.0
30095-97,37095-97,704.0,744.0,774.0,774.0,804.0,854.0,904.0,954.0,1554.0,1704.0,,,1104.0,1104.0,1144.0,1194.0,1194.0,1239.0,1284.0,1329.0,1329.0,1374.0,1424.0,1779.0
30195-01,37195-01,763.0,803.0,833.0,833.0,863.0,913.0,963.0,1013.0,1613.0,1763.0,,,1313.0,1313.0,1353.0,1403.0,1403.0,1448.0,1493.0,1538.0,1538.0,1583.0,1633.0,2123.0
30195-02,37195-02,367.0,387.0,402.0,402.0,422.0,442.0,462.0,482.0,792.0,867.0,,,617.0,617.0,657.0,707.0,707.0,752.0,797.0,842.0,842.0,887.0,937.0,1292.0
30195-03,37195-03,734.0,774.0,804.0,804.0,834.0,884.0,934.0,984.0,1584.0,1734.0,,,1109.0,1109.0,1149.0,1199.0,1199.0,1244.0,1289.0,1334.0,1334.0,1379.0,1429.0,1784.0
30195-07,37195-07,689.0,729.0,759.0,759.0,789.0,839.0,889.0,939.0,1539.0,1689.0,,,1014.0,1014.0,1054.0,1104.0,1104.0,1149.0,1194.0,1239.0,1239.0,1284.0,1334.0,1689.0
30195-08,37195-08,689.0,729.0,759.0,759.0,789.0,839.0,889.0,939.0,1539.0,1689.0,,,1014.0,1014.0,1054.0,1104.0,1104.0,1149.0,1194.0,1239.0,1239.0,1284.0,1334.0,1689.0
30195-15,37195-15,699.0,739.0,769.0,769.0,799.0,849.0,899.0,949.0,1549.0,1699.0,,,1024.0,1024.0,1064.0,1114.0,1114.0,1159.0,1204.0,1249.0,1249.0,1294.0,1344.0,1699.0
30195-16,37195-16,699.0,739.0,769.0,769.0,799.0,849.0,899.0,949.0,1549.0,1699.0,,,1024.0,1024.0,1064.0,1114.0,1114.0,1159.0,1204.0,1249.0,1249.0,1294.0,1344.0,1699.0
30195-17,37195-17,714.0,754.0,784.0,784.0,814.0,864.0,914.0,964.0,1564.0,1714.0,,,1064.0,1064.0,1104.0,1154.0,1154.0,1199.0,1244.0,1289.0,1289.0,1334.0,1384.0,1739.0
30195-18,37195-18,714.0,754.0,784.0,784.0,814.0,864.0,914.0,964.0,1564.0,1714.0,,,1064.0,1064.0,1104.0,1154.0,1154.0,1199.0,1244.0,1289.0,1289.0,1334.0,1384.0,1739.0
30195-24,37195-24,283.0,303.0,318.0,318.0,338.0,358.0,378.0,398.0,623.0,683.0,,,423.0,423.0,463.0,513.0,513.0,558.0,603.0,648.0,648.0,693.0,723.0,873.0
30195-86,37195-86,837.0,877.0,907.0,907.0,937.0,987.0,1037.0,1087.0,1687.0,1837.0,,,1362.0,1362.0,1402.0,1452.0,1452.0,1497.0,1542.0,1587.0,1587.0,1632.0,1682.0,2037.0
30195-87,37195-87,837.0,877.0,907.0,907.0,937.0,987.0,1037.0,1087.0,1687.0,1837.0,,,1362.0,1362.0,1402.0,1452.0,1452.0,1497.0,1542.0,1587.0,1587.0,1632.0,1682.0,2037.0
30195-91,37195-91,748.0,788.0,818.0,818.0,848.0,898.0,948.0,998.0,1598.0,1748.0,,,1273.0,1273.0,1313.0,1363.0,1363.0,1408.0,1453.0,1498.0,1498.0,1543.0,1593.0,1948.0
30195-96,37195-96,704.0,744.0,774.0,774.0,804.0,854.0,904.0,954.0,1554.0,1704.0,,,1104.0,1104.0,1144.0,1194.0,1194.0,1239.0,1284.0,1329.0,1329.0,1374.0,1424.0,1779.0
30195-97,37195-97,704.0,744.0,774.0,774.0,804.0,854.0,904.0,954.0,1554.0,1704.0,,,1104.0,1104.0,1144.0,1194.0,1194.0,1239.0,1284.0,1329.0,1329.0,1374.0,1424.0,1779.0
30195-S3,37195-S3,857.0,897.0,927.0,927.0,957.0,1007.0,1057.0,1107.0,1707.0,1857.0,,,1407.0,1407.0,1447.0,1497.0,1497.0,1542.0,1587.0,1632.0,1632.0,1677.0,1727.0,2217.0
30024-01,37024-01,537.0,577.0,607.0,607.0,637.0,687.0,737.0,787.0,1387.0,1537.0,,,1092.0,1092.0,1132.0,1182.0,1182.0,1227.0,1272.0,1317.0,1317.0,1362.0,1412.0,1902.0
30024-02,37024-02,283.0,303.0,318.0,318.0,338.0,358.0,378.0,398.0,708.0,783.0,,,658.0,658.0,698.0,748.0,748.0,793.0,838.0,883.0,883.0,928.0,978.0,1333.0
30024-03,37024-03,462.0,502.0,532.0,532.0,562.0,612.0,662.0,712.0,1312.0,1462.0,,,862.0,862.0,902.0,952.0,952.0,997.0,1042.0,1087.0,1087.0,1132.0,1182.0,1537.0
30024-07,37024-07,407.0,447.0,477.0,477.0,507.0,557.0,607.0,657.0,1257.0,1407.0,,,847.0,847.0,887.0,937.0,937.0,982.0,1027.0,1072.0,1072.0,1117.0,1167.0,1522.0
30024-08,37024-08,407.0,447.0,477.0,477.0,507.0,557.0,607.0,657.0,1257.0,1407.0,,,847.0,847.0,887.0,937.0,937.0,982.0,1027.0,1072.0,1072.0,1117.0,1167.0,1522.0
30024-10,37024-10,202.0,222.0,237.0,237.0,257.0,277.0,297.0,317.0,542.0,602.0,,,377.0,377.0,417.0,467.0,467.0,512.0,557.0,602.0,602.0,647.0,677.0,827.0
30024-14,37024-14,257.0,277.0,292.0,292.0,307.0,327.0,347.0,367.0,937.0,1057.0,,,632.0,632.0,672.0,722.0,722.0,767.0,812.0,857.0,857.0,902.0,952.0,1307.0
30024-15,37024-15,417.0,457.0,487.0,487.0,517.0,567.0,617.0,667.0,1267.0,1417.0,,,867.0,867.0,907.0,957.0,957.0,1002.0,1047.0,1092.0,1092.0,1137.0,1187.0,1542.0
30024-16,37024-16,417.0,457.0,487.0,487.0,517.0,567.0,617.0,667.0,1267.0,1417.0,,,867.0,867.0,907.0,957.0,957.0,1002.0,1047.0,1092.0,1092.0,1137.0,1187.0,1542.0
30024-21,37024-21,667.0,707.0,737.0,737.0,767.0,817.0,867.0,917.0,1517.0,1667.0,,,1267.0,1267.0,1307.0,1357.0,1357.0,1402.0,1447.0,1492.0,1492.0,1537.0,1587.0,1942.0
30024-30,37024-30,334.0,354.0,369.0,369.0,384.0,404.0,424.0,444.0,759.0,834.0,,,599.0,599.0,639.0,689.0,689.0,734.0,779.0,824.0,824.0,869.0,919.0,1139.0
30024-86,37024-86,597.0,637.0,667.0,667.0,697.0,747.0,797.0,847.0,1447.0,1597.0,,,952.0,952.0,992.0,1042.0,1042.0,1087.0,1132.0,1177.0,1177.0,1222.0,1272.0,1627.0
30024-87,37024-87,597.0,637.0,667.0,667.0,697.0,747.0,797.0,847.0,1447.0,1597.0,,,952.0,952.0,992.0,1042.0,1042.0,1087.0,1132.0,1177.0,1177.0,1222.0,1272.0,1627.0
30024-91,37024-91,521.0,561.0,591.0,591.0,621.0,671.0,721.0,771.0,1371.0,1521.0,,,921.0,921.0,961.0,1011.0,1011.0,1056.0,1101.0,1146.0,1146.0,1191.0,1241.0,1596.0
30024-93,37024-93,269.0,289.0,304.0,304.0,324.0,344.0,364.0,384.0,544.0,604.0,324.0,344.0,329.0,329.0,349.0,364.0,364.0,379.0,389.0,399.0,399.0,409.0,419.0,549.0
30024-94,37024-94,295.0,315.0,330.0,330.0,350.0,370.0,390.0,410.0,570.0,630.0,350.0,370.0,355.0,355.0,375.0,390.0,390.0,405.0,415.0,425.0,425.0,435.0,445.0,575.0
30156-01,37156-01,587.0,627.0,657.0,657.0,687.0,737.0,787.0,837.0,1437.0,1587.0,,,1137.0,1137.0,1177.0,1227.0,1227.0,1272.0,1317.0,1362.0,1362.0,1407.0,1457.0,1947.0
30156-02,37156-02,377.0,397.0,412.0,412.0,432.0,452.0,472.0,492.0,802.0,877.0,407.0,427.0,627.0,627.0,667.0,717.0,717.0,762.0,807.0,852.0,852.0,897.0,947.0,1302.0
30156-03,37156-03,530.0,570.0,600.0,600.0,630.0,680.0,730.0,780.0,1380.0,1530.0,,,1080.0,1080.0,1120.0,1170.0,1170.0,1215.0,1260.0,1305.0,1305.0,1350.0,1400.0,1755.0
30156-04,37156-04,163.0,183.0,198.0,198.0,218.0,238.0,258.0,278.0,503.0,563.0,188.0,208.0,283.0,283.0,303.0,318.0,318.0,333.0,343.0,353.0,353.0,363.0,373.0,503.0
30156-07,37156-07,458.0,498.0,528.0,528.0,558.0,608.0,658.0,708.0,1308.0,1458.0,,,1008.0,1008.0,1048.0,1098.0,1098.0,1143.0,1188.0,1233.0,1233.0,1278.0,1328.0,1683.0
30156-08,37156-08,458.0,498.0,528.0,528.0,558.0,608.0,658.0,708.0,1308.0,1458.0,,,1008.0,1008.0,1048.0,1098.0,1098.0,1143.0,1188.0,1233.0,1233.0,1278.0,1328.0,1683.0
30156-09,37156-09,349.0,369.0,384.0,384.0,419.0,454.0,489.0,524.0,944.0,1049.0,,,599.0,599.0,639.0,689.0,689.0,734.0,779.0,824.0,824.0,869.0,899.0,1049.0
30156-10,37156-10,305.0,325.0,340.0,340.0,360.0,380.0,400.0,420.0,645.0,705.0,,,555.0,555.0,595.0,645.0,645.0,690.0,735.0,780.0,780.0,825.0,855.0,1005.0
30156-14,37156-14,411.0,431.0,446.0,446.0,461.0,481.0,501.0,521.0,1091.0,1211.0,,,961.0,961.0,1001.0,1051.0,1051.0,1096.0,1141.0,1186.0,1186.0,1231.0,1281.0,1636.0
30156-15,37156-15,488.0,528.0,558.0,558.0,588.0,638.0,688.0,738.0,1338.0,1488.0,,,1038.0,1038.0,1078.0,1128.0,1128.0,1173.0,1218.0,1263.0,1263.0,1308.0,1358.0,1713.0
30156-16,37156-16,488.0,528.0,558.0,558.0,588.0,638.0,688.0,738.0,1338.0,1488.0,,,1038.0,1038.0,1078.0,1128.0,1128.0,1173.0,1218.0,1263.0,1263.0,1308.0,1358.0,1713.0
30156-39,37156-39,683.0,723.0,753.0,753.0,783.0,833.0,883.0,933.0,1533.0,1683.0,,,1233.0,1233.0,1273.0,1323.0,1323.0,1368.0,1413.0,1458.0,1458.0,1503.0,1553.0,2043.0
30156-40,37156-40,683.0,723.0,753.0,753.0,783.0,833.0,883.0,933.0,1533.0,1683.0,,,1233.0,1233.0,1273.0,1323.0,1323.0,1368.0,1413.0,1458.0,1458.0,1503.0,1553.0,2043.0
30156-64,37156-64,162.0,182.0,197.0,197.0,217.0,237.0,257.0,277.0,437.0,497.0,202.0,222.0,282.0,282.0,302.0,317.0,317.0,332.0,342.0,352.0,352.0,362.0,372.0,502.0
30156-82,37156-82,635.0,675.0,705.0,705.0,735.0,785.0,835.0,885.0,1485.0,1635.0,,,1185.0,1185.0,1225.0,1275.0,1275.0,1320.0,1365.0,1410.0,1410.0,1455.0,1505.0,1860.0
30156-83,37156-83,635.0,675.0,705.0,705.0,735.0,785.0,835.0,885.0,1485.0,1635.0,,,1185.0,1185.0,1225.0,1275.0,1275.0,1320.0,1365.0,1410.0,1410.0,1455.0,1505.0,1860.0
30156-86,37156-86,589.0,629.0,659.0,659.0,689.0,739.0,789.0,839.0,1439.0,1589.0,,,1139.0,1139.0,1179.0,1229.0,1229.0,1274.0,1319.0,1364.0,1364.0,1409.0,1459.0,1814.0
30156-87,37156-87,589.0,629.0,659.0,659.0,689.0,739.0,789.0,839.0,1439.0,1589.0,,,1139.0,1139.0,1179.0,1229.0,1229.0,1274.0,1319.0,1364.0,1364.0,1409.0,1459.0,1814.0
30157-01,37157-01,487.0,527.0,557.0,557.0,587.0,637.0,687.0,737.0,1337.0,1487.0,,,1037.0,1037.0,1077.0,1127.0,1127.0,1172.0,1217.0,1262.0,1262.0,1307.0,1357.0,1847.0
30157-02,37157-02,327.0,347.0,362.0,362.0,382.0,402.0,422.0,442.0,752.0,827.0,357.0,377.0,577.0,577.0,617.0,667.0,667.0,712.0,757.0,802.0,802.0,847.0,897.0,1252.0
30157-03,37157-03,430.0,470.0,500.0,500.0,530.0,580.0,630.0,680.0,1280.0,1430.0,,,980.0,980.0,1020.0,1070.0,1070.0,1115.0,1160.0,1205.0,1205.0,1250.0,1300.0,1655.0
30157-04,37157-04,163.0,183.0,198.0,198.0,218.0,238.0,258.0,278.0,503.0,563.0,188.0,208.0,283.0,283.0,303.0,318.0,318.0,333.0,343.0,353.0,353.0,363.0,373.0,503.0
30157-07,37157-07,358.0,398.0,428.0,428.0,458.0,508.0,558.0,608.0,1208.0,1358.0,,,908.0,908.0,948.0,998.0,998.0,1043.0,1088.0,1133.0,1133.0,1178.0,1228.0,1583.0
30157-08,37157-08,358.0,398.0,428.0,428.0,458.0,508.0,558.0,608.0,1208.0,1358.0,,,908.0,908.0,948.0,998.0,998.0,1043.0,1088.0,1133.0,1133.0,1178.0,1228.0,1583.0
30157-09,37157-09,299.0,319.0,334.0,334.0,369.0,404.0,439.0,474.0,894.0,999.0,,,549.0,549.0,589.0,639.0,639.0,684.0,729.0,774.0,774.0,819.0,849.0,999.0
30157-10,37157-10,255.0,275.0,290.0,290.0,310.0,330.0,350.0,370.0,595.0,655.0,,,505.0,505.0,545.0,595.0,595.0,640.0,685.0,730.0,730.0,775.0,805.0,955.0
30157-14,37157-14,311.0,331.0,346.0,346.0,361.0,381.0,401.0,421.0,991.0,1111.0,,,861.0,861.0,901.0,951.0,951.0,996.0,1041.0,1086.0,1086.0,1131.0,1181.0,1536.0
30157-15,37157-15,388.0,428.0,458.0,458.0,488.0,538.0,588.0,638.0,1238.0,1388.0,,,938.0,938.0,978.0,1028.0,1028.0,1073.0,1118.0,1163.0,1163.0,1208.0,1258.0,1613.0
30157-16,37157-16,388.0,428.0,458.0,458.0,488.0,538.0,588.0,638.0,1238.0,1388.0,,,938.0,938.0,978.0,1028.0,1028.0,1073.0,1118.0,1163.0,1163.0,1208.0,1258.0,1613.0
30157-39,37157-39,583.0,623.0,653.0,653.0,683.0,733.0,783.0,833.0,1433.0,1583.0,,,1133.0,1133.0,1173.0,1223.0,1223.0,1268.0,1313.0,1358.0,1358.0,1403.0,1453.0,1943.0
30157-40,37157-40,583.0,623.0,653.0,653.0,683.0,733.0,783.0,833.0,1433.0,1583.0,,,1133.0,1133.0,1173.0,1223.0,1223.0,1268.0,1313.0,1358.0,1358.0,1403.0,1453.0,1943.0
30157-64,37157-64,162.0,182.0,197.0,197.0,217.0,237.0,257.0,277.0,437.0,497.0,202.0,222.0,282.0,282.0,302.0,317.0,317.0,332.0,342.0,352.0,352.0,362.0,372.0,502.0
30157-82,37157-82,535.0,575.0,605.0,605.0,635.0,685.0,735.0,785.0,1385.0,1535.0,,,1085.0,1085.0,1125.0,1175.0,1175.0,1220.0,1265.0,1310.0,1310.0,1355.0,1405.0,1760.0
30157-83,37157-83,535.0,575.0,605.0,605.0,635.0,685.0,735.0,785.0,1385.0,1535.0,,,1085.0,1085.0,1125.0,1175.0,1175.0,1220.0,1265.0,1310.0,1310.0,1355.0,1405.0,1760.0
30157-86,37157-86,489.0,529.0,559.0,559.0,589.0,639.0,689.0,739.0,1339.0,1489.0,,,1039.0,1039.0,1079.0,1129.0,1129.0,1174.0,1219.0,1264.0,1264.0,1309.0,1359.0,1714.0
30157-87,37157-87,489.0,529.0,559.0,559.0,589.0,639.0,689.0,739.0,1339.0,1489.0,,,1039.0,1039.0,1079.0,1129.0,1129.0,1174.0,1219.0,1264.0,1264.0,1309.0,1359.0,1714.0
30129-01,37129-01,538.0,578.0,608.0,608.0,638.0,688.0,738.0,788.0,1388.0,1538.0,,,1038.0,1038.0,1078.0,1128.0,1128.0,1173.0,1218.0,1263.0,1263.0,1308.0,1358.0,1848.0
30129-02,37129-02,322.0,342.0,357.0,357.0,377.0,397.0,417.0,437.0,747.0,822.0,,,547.0,547.0,587.0,637.0,637.0,682.0,727.0,772.0,772.0,817.0,867.0,1222.0
30129-03,37129-03,405.0,445.0,475.0,475.0,505.0,555.0,605.0,655.0,1255.0,1405.0,,,930.0,930.0,970.0,1020.0,1020.0,1065.0,1110.0,1155.0,1155.0,1200.0,1250.0,1605.0
30129-07,37129-07,385.0,425.0,455.0,455.0,485.0,535.0,585.0,635.0,1235.0,1385.0,,,885.0,885.0,925.0,975.0,975.0,1020.0,1065.0,1110.0,1110.0,1155.0,1205.0,1560.0
30129-08,37129-08,385.0,425.0,455.0,455.0,485.0,535.0,585.0,635.0,1235.0,1385.0,,,885.0,885.0,925.0,975.0,975.0,1020.0,1065.0,1110.0,1110.0,1155.0,1205.0,1560.0
30129-10,37129-10,282.0,302.0,317.0,317.0,337.0,357.0,377.0,397.0,622.0,682.0,,,407.0,407.0,447.0,497.0,497.0,542.0,587.0,632.0,632.0,677.0,707.0,857.0
30129-15,37129-15,387.0,427.0,457.0,457.0,487.0,537.0,587.0,637.0,1237.0,1387.0,,,887.0,887.0,927.0,977.0,977.0,1022.0,1067.0,1112.0,1112.0,1157.0,1207.0,1562.0
30129-16,37129-16,387.0,427.0,457.0,457.0,487.0,537.0,587.0,637.0,1237.0,1387.0,,,887.0,887.0,927.0,977.0,977.0,1022.0,1067.0,1112.0,1112.0,1157.0,1207.0,1562.0
30129-21,37129-21,835.0,875.0,905.0,905.0,935.0,985.0,1035.0,1085.0,1685.0,1835.0,,,1360.0,1360.0,1400.0,1450.0,1450.0,1495.0,1540.0,1585.0,1585.0,1630.0,1680.0,2035.0
30129-39,37129-39,607.0,647.0,677.0,677.0,707.0,757.0,807.0,857.0,1457.0,1607.0,,,1107.0,1107.0,1147.0,1197.0,1197.0,1242.0,1287.0,1332.0,1332.0,1377.0,1427.0,1917.0
30129-40,37129-40,607.0,647.0,677.0,677.0,707.0,757.0,807.0,857.0,1457.0,1607.0,,,1107.0,1107.0,1147.0,1197.0,1197.0,1242.0,1287.0,1332.0,1332.0,1377.0,1427.0,1917.0
30129-86,37129-86,618.0,658.0,688.0,688.0,718.0,768.0,818.0,868.0,1468.0,1618.0,,,1118.0,1118.0,1158.0,1208.0,1208.0,1253.0,1298.0,1343.0,1343.0,1388.0,1438.0,1793.0
30129-87,37129-87,618.0,658.0,688.0,688.0,718.0,768.0,818.0,868.0,1468.0,1618.0,,,1118.0,1118.0,1158.0,1208.0,1208.0,1253.0,1298.0,1343.0,1343.0,1388.0,1438.0,1793.0
30042-01,37042-01,371.0,411.0,441.0,441.0,471.0,521.0,571.0,621.0,1221.0,1371.0,,,671.0,671.0,711.0,761.0,761.0,806.0,851.0,896.0,896.0,941.0,991.0,1481.0
30042-02,37042-02,265.0,285.0,300.0,300.0,320.0,340.0,360.0,380.0,690.0,765.0,,,465.0,465.0,505.0,555.0,555.0,600.0,645.0,690.0,690.0,735.0,785.0,1140.0
30042-03,37042-03,318.0,358.0,388.0,388.0,418.0,468.0,518.0,568.0,1168.0,1318.0,,,568.0,568.0,608.0,658.0,658.0,703.0,748.0,793.0,793.0,838.0,888.0,1243.0
30042-94,37042-94,171.0,191.0,206.0,206.0,226.0,246.0,266.0,286.0,446.0,506.0,226.0,246.0,236.0,236.0,256.0,271.0,271.0,286.0,296.0,306.0,306.0,316.0,326.0,456.0
30295-32,37295-32,143.0,153.0,168.0,168.0,183.0,198.0,213.0,233.0,313.0,343.0,148.0,163.0,178.0,178.0,188.0,203.0,203.0,218.0,233.0,248.0,248.0,263.0,273.0,313.0
30295-34,37295-34,279.0,289.0,304.0,304.0,319.0,334.0,349.0,369.0,534.0,579.0,254.0,269.0,329.0,329.0,339.0,354.0,354.0,369.0,384.0,399.0,399.0,414.0,429.0,554.0
30295-54,37295-54,404.0,444.0,474.0,474.0,504.0,554.0,604.0,654.0,829.0,904.0,469.0,519.0,504.0,504.0,544.0,594.0,594.0,639.0,684.0,729.0,729.0,774.0,824.0,1179.0
30295-65,37295-65,31.0,36.0,41.0,41.0,46.0,56.0,66.0,71.0,201.0,231.0,46.0,56.0,41.0,41.0,46.0,51.0,51.0,56.0,66.0,76.0,76.0,86.0,91.0,116.0
30295-66,37295-66,63.0,68.0,73.0,73.0,78.0,88.0,98.0,103.0,233.0,263.0,78.0,88.0,73.0,73.0,78.0,83.0,83.0,88.0,98.0,108.0,108.0,118.0,123.0,148.0
30295-67,37295-67,37.0,42.0,47.0,47.0,52.0,62.0,72.0,77.0,207.0,237.0,52.0,62.0,47.0,47.0,52.0,57.0,57.0,62.0,72.0,82.0,82.0,92.0,97.0,122.0
30135-SB,37135-SB,374.0,394.0,409.0,409.0,429.0,449.0,469.0,489.0,649.0,724.0,,,524.0,524.0,544.0,559.0,559.0,579.0,599.0,619.0,619.0,639.0,659.0,854.0
30135-MB,37135-MB,396.0,416.0,431.0,431.0,451.0,471.0,491.0,511.0,671.0,746.0,,,546.0,546.0,566.0,581.0,581.0,601.0,621.0,641.0,641.0,661.0,681.0,876.0
30135-LB,37135-LB,438.0,458.0,473.0,473.0,493.0,513.0,533.0,553.0,713.0,788.0,,,588.0,588.0,608.0,623.0,623.0,643.0,663.0,683.0,683.0,703.0,723.0,918.0
30125-02,37125-02,411.0,431.0,446.0,446.0,466.0,486.0,506.0,526.0,836.0,911.0,466.0,486.0,521.0,521.0,561.0,611.0,611.0,656.0,701.0,746.0,746.0,791.0,841.0,1196.0
30125-04,37125-04,289.0,309.0,324.0,324.0,344.0,364.0,384.0,404.0,629.0,689.0,,,319.0,319.0,339.0,354.0,354.0,369.0,379.0,389.0,389.0,399.0,409.0,539.0
30073-02,37073-02,246.0,266.0,281.0,281.0,301.0,321.0,341.0,361.0,671.0,746.0,,,446.0,446.0,486.0,536.0,536.0,581.0,626.0,671.0,671.0,716.0,766.0,1121.0
30073-04,37073-04,121.0,141.0,156.0,156.0,176.0,196.0,216.0,236.0,461.0,521.0,,,166.0,166.0,186.0,201.0,201.0,216.0,226.0,236.0,236.0,246.0,256.0,386.0
30073-71,37073-71,345.0,365.0,380.0,380.0,400.0,420.0,440.0,460.0,685.0,745.0,,,545.0,545.0,585.0,635.0,635.0,680.0,725.0,770.0,770.0,815.0,835.0,1220.0
30212-62,37212-62,783.0,803.0,818.0,818.0,838.0,858.0,878.0,898.0,1123.0,1183.0,,,958.0,958.0,998.0,1048.0,1048.0,1093.0,1138.0,1183.0,1183.0,1228.0,1278.0,1633.0
30144-04,37144-04,112.0,117.0,122.0,122.0,132.0,142.0,152.0,162.0,282.0,312.0,,,137.0,137.0,142.0,147.0,147.0,152.0,157.0,162.0,162.0,167.0,172.0,227.0
30142-04,37142-04,71.0,76.0,81.0,81.0,91.0,101.0,111.0,121.0,241.0,271.0,,,96.0,96.0,101.0,106.0,106.0,111.0,116.0,121.0,121.0,126.0,131.0,186.0
30000-04,37000-04,71.0,76.0,81.0,81.0,91.0,101.0,111.0,121.0,241.0,271.0,86.0,96.0,96.0,96.0,101.0,106.0,106.0,111.0,116.0,121.0,121.0,126.0,131.0,186.0
30249-71,37249-71,606.0,626.0,641.0,641.0,661.0,681.0,701.0,721.0,946.0,1006.0,,,756.0,756.0,796.0,846.0,846.0,891.0,936.0,981.0,981.0,1026.0,1046.0,1431.0
30249-04,37249-04,242.0,262.0,277.0,277.0,297.0,317.0,337.0,357.0,582.0,642.0,,,317.0,317.0,337.0,352.0,352.0,367.0,377.0,387.0,387.0,397.0,407.0,537.0
30183-47,37183-47,220.0,235.0,245.0,245.0,260.0,280.0,300.0,320.0,620.0,695.0,,,415.0,415.0,440.0,465.0,465.0,490.0,515.0,540.0,540.0,565.0,590.0,765.0
30183-51,37183-51,117.0,127.0,137.0,137.0,147.0,157.0,167.0,177.0,297.0,327.0,,,162.0,162.0,177.0,197.0,197.0,217.0,237.0,257.0,257.0,277.0,287.0,462.0
30183-48,37183-48,242.0,257.0,267.0,267.0,282.0,302.0,322.0,342.0,642.0,717.0,,,462.0,462.0,487.0,512.0,512.0,537.0,562.0,587.0,587.0,612.0,637.0,812.0
30183-49,37183-49,250.0,265.0,275.0,275.0,290.0,310.0,330.0,350.0,650.0,725.0,,,510.0,510.0,535.0,560.0,560.0,585.0,610.0,635.0,635.0,660.0,685.0,860.0
30183-52,37183-52,117.0,127.0,137.0,137.0,147.0,157.0,167.0,177.0,297.0,327.0,,,162.0,162.0,177.0,197.0,197.0,217.0,237.0,257.0,257.0,277.0,287.0,462.0
30183-50,37183-50,347.0,362.0,372.0,372.0,387.0,407.0,427.0,447.0,747.0,822.0,,,607.0,607.0,632.0,657.0,657.0,682.0,707.0,732.0,732.0,757.0,782.0,957.0
30185-47,37185-47,158.0,173.0,183.0,183.0,198.0,218.0,238.0,258.0,558.0,633.0,,,323.0,323.0,348.0,373.0,373.0,398.0,423.0,448.0,448.0,473.0,498.0,673.0
30185-51,37185-51,117.0,127.0,137.0,137.0,147.0,157.0,167.0,177.0,297.0,327.0,,,162.0,162.0,177.0,197.0,197.0,217.0,237.0,257.0,257.0,277.0,287.0,462.0
30185-48,37185-48,183.0,198.0,208.0,208.0,223.0,243.0,263.0,283.0,583.0,658.0,,,373.0,373.0,398.0,423.0,423.0,448.0,473.0,498.0,498.0,523.0,548.0,723.0
30185-49,37185-49,207.0,222.0,232.0,232.0,247.0,267.0,287.0,307.0,607.0,682.0,,,422.0,422.0,447.0,472.0,472.0,497.0,522.0,547.0,547.0,572.0,597.0,772.0
30185-52,37185-52,117.0,127.0,137.0,137.0,147.0,157.0,167.0,177.0,297.0,327.0,,,162.0,162.0,177.0,197.0,197.0,217.0,237.0,257.0,257.0,277.0,287.0,462.0
30185-50,37185-50,307.0,322.0,332.0,332.0,347.0,367.0,387.0,407.0,707.0,782.0,,,522.0,522.0,547.0,572.0,572.0,597.0,622.0,647.0,647.0,672.0,697.0,872.0
30115-48,37115-48,386.0,401.0,411.0,411.0,426.0,446.0,466.0,486.0,1011.0,1086.0,,,711.0,711.0,736.0,761.0,761.0,786.0,811.0,836.0,836.0,861.0,886.0,1161.0
30115-51,37115-51,226.0,236.0,246.0,246.0,256.0,266.0,276.0,286.0,406.0,436.0,,,226.0,226.0,241.0,261.0,261.0,281.0,301.0,321.0,321.0,341.0,351.0,526.0
30115-49,37115-49,409.0,424.0,434.0,434.0,449.0,469.0,489.0,509.0,1034.0,1109.0,,,734.0,734.0,759.0,784.0,784.0,809.0,834.0,859.0,859.0,884.0,909.0,1184.0
30115-52,37115-52,225.0,235.0,245.0,245.0,255.0,265.0,275.0,285.0,405.0,435.0,,,225.0,225.0,240.0,260.0,260.0,280.0,300.0,320.0,320.0,340.0,350.0,525.0
30115-50,37115-50,506.0,521.0,531.0,531.0,546.0,566.0,586.0,606.0,1131.0,1206.0,,,831.0,831.0,856.0,881.0,881.0,906.0,931.0,956.0,956.0,981.0,1006.0,1281.0
30115-58,37115-58,432.0,447.0,457.0,457.0,472.0,492.0,512.0,532.0,1057.0,1132.0,,,757.0,757.0,782.0,807.0,807.0,832.0,857.0,882.0,882.0,907.0,932.0,1207.0
30115-59,37115-59,456.0,471.0,481.0,481.0,496.0,516.0,536.0,556.0,1081.0,1156.0,,,781.0,781.0,806.0,831.0,831.0,856.0,881.0,906.0,906.0,931.0,956.0,1231.0
30115-60,37115-60,551.0,566.0,576.0,576.0,591.0,611.0,631.0,651.0,1176.0,1251.0,,,876.0,876.0,901.0,926.0,926.0,951.0,976.0,1001.0,1001.0,1026.0,1051.0,1326.0
31135-48,36135-48,496.0,511.0,521.0,521.0,536.0,556.0,576.0,596.0,1121.0,1196.0,,,871.0,871.0,896.0,921.0,921.0,946.0,971.0,996.0,996.0,1021.0,1046.0,1321.0
31135-51,36135-51,216.0,216.0,216.0,216.0,216.0,216.0,216.0,216.0,216.0,216.0,,,216.0,216.0,216.0,216.0,216.0,216.0,216.0,216.0,216.0,216.0,216.0,216.0
31135-55,36135-55,291.0,291.0,291.0,291.0,291.0,291.0,291.0,291.0,291.0,291.0,,,291.0,291.0,291.0,291.0,291.0,291.0,291.0,291.0,291.0,291.0,291.0,291.0
31135-49,36135-49,540.0,555.0,565.0,565.0,580.0,600.0,620.0,640.0,1165.0,1240.0,,,893.0,893.0,918.0,943.0,943.0,968.0,993.0,1018.0,1018.0,1043.0,1068.0,1343.0
31135-52,36135-52,215.0,215.0,215.0,215.0,215.0,215.0,215.0,215.0,215.0,215.0,,,215.0,215.0,215.0,215.0,215.0,215.0,215.0,215.0,215.0,215.0,215.0,215.0
31135-56,36135-56,290.0,290.0,290.0,290.0,290.0,290.0,290.0,290.0,290.0,290.0,,,290.0,290.0,290.0,290.0,290.0,290.0,290.0,290.0,290.0,290.0,290.0,290.0
31135-50,36135-50,610.0,625.0,635.0,635.0,650.0,670.0,690.0,710.0,1235.0,1310.0,,,985.0,985.0,1010.0,1035.0,1035.0,1060.0,1085.0,1110.0,1110.0,1135.0,1160.0,1435.0
31135-53,36135-53,290.0,290.0,290.0,290.0,290.0,290.0,290.0,290.0,290.0,290.0,,,290.0,290.0,290.0,290.0,290.0,290.0,290.0,290.0,290.0,290.0,290.0,290.0
34135-48,35135-48,98.0,113.0,123.0,123.0,138.0,158.0,178.0,198.0,723.0,798.0,,,373.0,373.0,398.0,423.0,423.0,448.0,473.0,498.0,498.0,523.0,548.0,823.0
34135-49,35135-49,108.0,123.0,133.0,133.0,148.0,168.0,188.0,208.0,733.0,808.0,,,423.0,423.0,448.0,473.0,473.0,498.0,523.0,548.0,548.0,573.0,598.0,873.0
34135-50,35135-50,118.0,133.0,143.0,143.0,158.0,178.0,198.0,218.0,743.0,818.0,,,473.0,473.0,498.0,523.0,523.0,548.0,573.0,598.0,598.0,623.0,648.0,923.0
31162-48,36162-48,370.0,385.0,395.0,395.0,410.0,430.0,450.0,470.0,770.0,845.0,,,745.0,745.0,770.0,795.0,795.0,820.0,845.0,870.0,870.0,895.0,920.0,1095.0
31162-51,36162-51,216.0,216.0,216.0,216.0,216.0,216.0,216.0,216.0,216.0,216.0,,,216.0,216.0,216.0,216.0,216.0,216.0,216.0,216.0,216.0,216.0,216.0,216.0
31162-55,36162-55,291.0,291.0,291.0,291.0,291.0,291.0,291.0,291.0,291.0,291.0,,,291.0,291.0,291.0,291.0,291.0,291.0,291.0,291.0,291.0,291.0,291.0,291.0
31162-49,36162-49,409.0,424.0,434.0,434.0,449.0,469.0,489.0,509.0,809.0,884.0,,,794.0,794.0,819.0,844.0,844.0,869.0,894.0,919.0,919.0,944.0,969.0,1144.0
31162-52,36162-52,215.0,215.0,215.0,215.0,215.0,215.0,215.0,215.0,215.0,215.0,,,215.0,215.0,215.0,215.0,215.0,215.0,215.0,215.0,215.0,215.0,215.0,215.0
31162-56,36162-56,290.0,290.0,290.0,290.0,290.0,290.0,290.0,290.0,290.0,290.0,,,290.0,290.0,290.0,290.0,290.0,290.0,290.0,290.0,290.0,290.0,290.0,290.0
31162-50,36162-50,508.0,523.0,533.0,533.0,548.0,568.0,588.0,608.0,908.0,983.0,,,893.0,893.0,918.0,943.0,943.0,968.0,993.0,1018.0,1018.0,1043.0,1068.0,1243.0
31162-53,36162-53,290.0,290.0,290.0,290.0,290.0,290.0,290.0,290.0,290.0,290.0,,,290.0,290.0,290.0,290.0,290.0,290.0,290.0,290.0,290.0,290.0,290.0,290.0
34162-48,35162-48,73.0,88.0,98.0,98.0,113.0,133.0,153.0,173.0,698.0,773.0,,,348.0,348.0,373.0,398.0,398.0,423.0,448.0,473.0,473.0,498.0,523.0,798.0
34162-49,35162-49,83.0,98.0,108.0,108.0,123.0,143.0,163.0,183.0,708.0,783.0,,,398.0,398.0,423.0,448.0,448.0,473.0,498.0,523.0,523.0,548.0,573.0,848.0
34162-50,35162-50,93.0,108.0,118.0,118.0,133.0,153.0,173.0,193.0,718.0,793.0,,,448.0,448.0,473.0,498.0,498.0,523.0,548.0,573.0,573.0,598.0,623.0,898.0
31199-48,36199-48,629.0,644.0,654.0,654.0,669.0,689.0,709.0,729.0,1254.0,1329.0,,,954.0,954.0,979.0,1004.0,1004.0,1029.0,1054.0,1079.0,1079.0,1104.0,1129.0,1404.0
31199-5D,36199-5D,160.0,162.0,162.0,162.0,162.0,162.0,162.0,162.0,162.0,162.0,,,162.0,162.0,162.0,162.0,162.0,162.0,162.0,162.0,162.0,162.0,162.0,162.0
31199-49,36199-49,652.0,667.0,677.0,677.0,692.0,712.0,732.0,752.0,1277.0,1352.0,,,977.0,977.0,1002.0,1027.0,1027.0,1052.0,1077.0,1102.0,1102.0,1127.0,1152.0,1427.0
31199-5Q,36199-5Q,161.0,161.0,161.0,161.0,161.0,161.0,161.0,161.0,161.0,161.0,,,161.0,161.0,161.0,161.0,161.0,161.0,161.0,161.0,161.0,161.0,161.0,161.0
31199-50,36199-50,746.0,761.0,771.0,771.0,786.0,806.0,826.0,846.0,1371.0,1446.0,,,1071.0,1071.0,1096.0,1121.0,1121.0,1146.0,1171.0,1196.0,1196.0,1221.0,1246.0,1521.0
31199-5K,36199-5K,161.0,161.0,161.0,161.0,161.0,161.0,161.0,161.0,161.0,161.0,,,161.0,161.0,161.0,161.0,161.0,161.0,161.0,161.0,161.0,161.0,161.0,161.0
34199-48,35199-48,97.0,112.0,122.0,122.0,137.0,157.0,177.0,197.0,722.0,797.0,,,372.0,372.0,397.0,422.0,422.0,447.0,472.0,497.0,497.0,522.0,547.0,822.0
34199-49,35199-49,107.0,122.0,132.0,132.0,147.0,167.0,187.0,207.0,732.0,807.0,,,422.0,422.0,447.0,472.0,472.0,497.0,522.0,547.0,547.0,572.0,597.0,872.0
34199-50,35199-50,117.0,132.0,142.0,142.0,157.0,177.0,197.0,217.0,742.0,817.0,,,472.0,472.0,497.0,522.0,522.0,547.0,572.0,597.0,597.0,622.0,647.0,922.0
30814-00,37814-00,26.0,31.0,36.0,36.0,41.0,51.0,61.0,71.0,196.0,226.0,41.0,51.0,48.0,48.0,50.0,50.0,50.0,53.0,58.0,63.0,63.0,68.0,73.0,123.0
30182-B2,37182-B2,77.0,97.0,112.0,112.0,132.0,152.0,172.0,192.0,292.0,352.0,,,127.0,127.0,147.0,162.0,162.0,177.0,187.0,197.0,197.0,207.0,217.0,277.0
30200-C1,37200-C1,129.0,134.0,139.0,139.0,144.0,154.0,164.0,169.0,214.0,229.0,144.0,154.0,154.0,154.0,159.0,164.0,164.0,169.0,174.0,179.0,179.0,184.0,189.0,229.0
30201-C1,37201-C1,154.0,159.0,164.0,164.0,169.0,179.0,189.0,194.0,239.0,254.0,169.0,179.0,179.0,179.0,184.0,189.0,189.0,194.0,199.0,204.0,204.0,209.0,214.0,254.0
